rank_position,experiment,approach,model,extractors,reduction,components,classifier,average_friedman_rank,folds,accuracy_q1,accuracy_median,accuracy_q3,accuracy_mean,accuracy_std,f1_q1,f1_median,f1_q3,f1_mean,f1_std,f1_clear_q1,f1_clear_median,f1_clear_q3,f1_clear_mean,f1_clear_std,f1_obstructed_q1,f1_obstructed_median,f1_obstructed_q3,f1_obstructed_mean,f1_obstructed_std,macro_f1_q1,macro_f1_median,macro_f1_q3,macro_f1_mean,macro_f1_std,balanced_accuracy_q1,balanced_accuracy_median,balanced_accuracy_q3,balanced_accuracy_mean,balanced_accuracy_std,mcc_q1,mcc_median,mcc_q3,mcc_mean,mcc_std,obstructed_recall_q1,obstructed_recall_median,obstructed_recall_q3,obstructed_recall_mean,obstructed_recall_std,clear_recall_q1,clear_recall_median,clear_recall_q3,clear_recall_mean,clear_recall_std,obstructed_precision_q1,obstructed_precision_median,obstructed_precision_q3,obstructed_precision_mean,obstructed_precision_std,clear_precision_q1,clear_precision_median,clear_precision_q3,clear_precision_mean,clear_precision_std,roc_auc_q1,roc_auc_median,roc_auc_q3,roc_auc_mean,roc_auc_std,tn_obstructed,fp_obstructed_as_clear,fn_clear_as_obstructed,tp_clear,training_seconds_total,prediction_seconds_total,pooled_accuracy,pooled_obstructed_recall,pooled_clear_recall,accuracy_iqr
1,a_resnet101v2_logistic,A,ResNet101V2; full features; logistic regression,ResNet101V2,full,,logistic,237.75,10,0.9123949579831933,0.9411764705882352,0.963655462184874,0.9415966386554622,0.0307492351301036,0.91995841995842,0.9411764705882352,0.9641148325358851,0.9446047378555118,0.0281881176313256,0.91995841995842,0.9411764705882352,0.9641148325358851,0.9446047378555118,0.0281881176313256,0.9059907834101382,0.9393382352941176,0.962566844919786,0.9378267533628882,0.0344562735060398,0.911875700585378,0.9411764705882352,0.9635306305536568,0.9412157456092002,0.0311057247542013,0.9125816993464052,0.9411764705882352,0.963235294117647,0.9407475490196078,0.0315282051374323,0.835057226930729,0.8823529411764706,0.9298899783562992,0.8866451120243889,0.0592432658906188,0.8768382352941176,0.9411764705882352,0.9411764705882352,0.9158088235294116,0.0655940693937996,0.9411764705882352,0.9722222222222222,1.0,0.9656862745098038,0.0394945903927741,0.9411764705882352,0.9722222222222222,1.0,0.9649019607843136,0.0401085123507765,0.8960526315789474,0.9411764705882352,0.943627450980392,0.926985355545727,0.0517946320876939,0.9631391772395234,0.9826388888888888,0.986159169550173,0.97755430603614,0.016192691815752,153.0,14.0,6.0,169.0,13.736686796124559,0.194560039963107,0.9415204678362573,0.9161676646706587,0.9657142857142857,0.05126050420168071
2,a_mobilenet_resnet50_linear_svm,A,MobileNet+ResNet50; full features; linear SVM,MobileNet+ResNet50,full,,linear_svm,231.9,10,0.9123949579831933,0.9411764705882352,0.963655462184874,0.9327731092436976,0.0339941097059452,0.918918918918919,0.9444444444444444,0.9654135338345864,0.9367015046891208,0.0321601669632707,0.918918918918919,0.9444444444444444,0.9654135338345864,0.9367015046891208,0.0321601669632707,0.9046920821114368,0.9354166666666666,0.961100569259962,0.9280482002185038,0.036766126818065,0.911805500515178,0.9406615497076024,0.9634707050504014,0.9323748524538124,0.034269029081795,0.912173202614379,0.9392361111111112,0.962265114379085,0.932107843137255,0.0337331084066361,0.8312994980936824,0.8837826797385621,0.9286689621084716,0.8700691060399185,0.0643752356769592,0.8768382352941176,0.9099264705882352,0.9402573529411764,0.8926470588235293,0.0603309707235893,0.9444444444444444,1.0,1.0,0.9715686274509804,0.0408474944952765,0.9384191176470588,1.0,1.0,0.9698529411764708,0.0421967435620732,0.8854489164086687,0.9222222222222224,0.9444444444444444,0.9061759791635952,0.048060881822329,0.9774936322568244,0.9881776239907728,0.9930735774702036,0.981460255670896,0.0222461511755842,149.0,18.0,5.0,170.0,27.416393658029847,4.62843108602101,0.9327485380116959,0.8922155688622755,0.9714285714285714,0.05126050420168071
3,a_efficientnetb3_linear_svm,A,EfficientNetB3; full features; linear SVM,EfficientNetB3,full,,linear_svm,231.75,10,0.9191176470588234,0.9411764705882352,0.963655462184874,0.9387394957983194,0.0373200290032887,0.9171122994652406,0.94281045751634,0.9641148325358851,0.9409552389428548,0.0353605053779258,0.9171122994652406,0.94281045751634,0.9641148325358851,0.9409552389428548,0.0353605053779258,0.9190476190476192,0.9411764705882352,0.961100569259962,0.9359338574139332,0.0402807057249309,0.9188539530644791,0.9411764705882352,0.9634707050504014,0.9384445481783942,0.0375901466554427,0.9181985294117646,0.9419934640522876,0.9626736111111112,0.938500816993464,0.0371969429586922,0.8393066688323467,0.886516441248811,0.9290381924644584,0.8812500581720467,0.0714468280341902,0.8961397058823529,0.9411764705882352,0.9852941176470588,0.9283088235294118,0.072816189629272,0.9019607843137254,0.94281045751634,1.0,0.9486928104575164,0.0496820406463104,0.9019607843137254,0.94281045751634,1.0,0.9486928104575164,0.0496820406463104,0.909375,0.94281045751634,0.986842105263158,0.936890203449801,0.0596483718811323,0.9714532871972318,0.980938821607074,0.994127859477124,0.9792495674740485,0.0175502534075419,155.0,12.0,9.0,166.0,25.79806562612066,4.019800932088401,0.9385964912280702,0.9281437125748503,0.9485714285714286,0.044537815126050595
4,a_mobilenetv2_linear_svm,A,MobileNetV2; full features; linear SVM,MobileNetV2,full,,linear_svm,230.45,10,0.899579831932773,0.9411764705882352,0.963235294117647,0.9359663865546216,0.040181777485092,0.9019607843137254,0.9444444444444444,0.9654135338345864,0.937388569462873,0.0406355220292293,0.9019607843137254,0.9444444444444444,0.9654135338345864,0.937388569462873,0.0406355220292293,0.8999999999999999,0.9375,0.962566844919786,0.9341681521093284,0.0401825492881899,0.8993034055727553,0.9409722222222222,0.9632161955691368,0.9357783607861004,0.0402464055496476,0.8998161764705882,0.9409722222222222,0.963235294117647,0.9358660130718954,0.0397173072239286,0.803276128803043,0.8821486928104575,0.9289597730527832,0.8743432135626401,0.0784022681592119,0.9375,0.9411764705882352,0.9411764705882352,0.9279411764705884,0.0470881750784459,0.9411764705882352,0.9444444444444444,1.0,0.9437908496732026,0.0641648263649839,0.934375,0.9393382352941176,1.0,0.9433720330237356,0.0610203804415904,0.9375,0.94281045751634,0.9444444444444444,0.9336059511523908,0.0400935535459157,0.9658785082660516,0.9878472222222222,0.996536788735102,0.978267973856209,0.0241773886394845,155.0,12.0,10.0,165.0,10.559788788028527,1.6651178200845602,0.935672514619883,0.9281437125748503,0.9428571428571428,0.06365546218487395
5,a_mobilenet_linear_svm,A,MobileNet; full features; linear SVM,MobileNet,full,,linear_svm,226.4,10,0.9117647058823528,0.9277310924369748,0.963655462184874,0.9298319327731092,0.0371404699876348,0.9115479115479116,0.9331436699857754,0.9641148325358851,0.9336649884018304,0.0335255340006412,0.9115479115479116,0.9331436699857754,0.9641148325358851,0.9336649884018304,0.0335255340006412,0.9103896103896104,0.923809523809524,0.9601814516129032,0.9248175160953248,0.0430141054853707,0.9116883116883115,0.9271778955989484,0.9633766433028954,0.9292412522485778,0.0378736754815986,0.9117647058823528,0.9254493464052288,0.9618566176470588,0.9288194444444444,0.0368985161220025,0.8249579113843054,0.8584623113725802,0.9295991674119878,0.864830757652955,0.0678604224833665,0.8768382352941176,0.9099264705882352,0.9411764705882352,0.8981617647058823,0.0788905446878015,0.9419934640522876,0.9722222222222222,1.0,0.9594771241830063,0.0481821467321764,0.934375,0.9722222222222222,1.0,0.9593055555555556,0.0466286680246801,0.8960526315789474,0.91875,0.9427083333333331,0.9129013822434876,0.0592741915794319,0.98351895905421,0.9882737408688964,0.9930735774702036,0.9840554113802384,0.0165898346234929,150.0,17.0,7.0,168.0,8.075432454003021,1.2895138370222408,0.9298245614035088,0.8982035928143712,0.96,0.05189075630252116
6,a_resnet101_mobilenetv2_logistic,A,ResNet101+MobileNetV2; full features; logistic regression,ResNet101+MobileNetV2,full,,logistic,225.35,10,0.9210084033613446,0.9411764705882352,0.9411764705882352,0.9298319327731092,0.0283321944465939,0.9171122994652406,0.9444444444444444,0.9444444444444444,0.9328736279200676,0.0260879267924239,0.9171122994652406,0.9444444444444444,0.9444444444444444,0.9328736279200676,0.0260879267924239,0.9225225225225224,0.9375,0.9402573529411764,0.926020043152396,0.0318791390084686,0.9205914048019312,0.9409722222222222,0.941125408496732,0.9294468355362318,0.0286649333188877,0.921875,0.9409722222222222,0.9411764705882352,0.929656862745098,0.0280385721457703,0.851705169758741,0.8821486928104575,0.8869642043568766,0.8649081815870119,0.051733805816281,0.8768382352941176,0.9375,0.9411764705882352,0.9102941176470588,0.0747086806639718,0.9411764705882352,0.9444444444444444,0.9861111111111112,0.9490196078431372,0.0487939614088694,0.9375,0.9411764705882352,0.9861111111111112,0.9485130718954248,0.0450367032615096,0.8960526315789474,0.94281045751634,0.9444444444444444,0.9220875718708538,0.0617416317070616,0.9678489042675892,0.9883578431372548,0.9965277777777778,0.9760813148788928,0.0284972967502528,152.0,15.0,9.0,166.0,14.735727519029751,0.1564211288932706,0.9298245614035088,0.9101796407185628,0.9485714285714286,0.020168067226890574
7,a_efficientnetb0_mobilenet_linear_svm,A,EfficientNetB0+MobileNet; full features; linear SVM,EfficientNetB0+MobileNet,full,,linear_svm,224.0,10,0.9123949579831933,0.9411764705882352,0.942436974789916,0.9268907563025208,0.0373064658636087,0.9115479115479116,0.9409722222222222,0.9466374269005848,0.9300316495324236,0.0342478685870072,0.9115479115479116,0.9409722222222222,0.9466374269005848,0.9300316495324236,0.0342478685870072,0.9103896103896104,0.9354166666666666,0.943627450980392,0.92272089249965,0.0425758430580421,0.912267462267462,0.9406615497076024,0.9423508986928104,0.9263762710160368,0.037955805501479,0.912173202614379,0.9392361111111112,0.9424019607843136,0.9262254901960786,0.0369513086958164,0.8260965973582836,0.8837826797385621,0.8882454793452145,0.8586456373712543,0.0685759944104586,0.8823529411764706,0.9375,0.9411764705882352,0.9044117647058822,0.079326236924913,0.897875816993464,0.9444444444444444,1.0,0.9480392156862744,0.0514052737715642,0.9054276315789472,0.9393382352941176,1.0,0.9482155142758858,0.049129330306732,0.8960526315789474,0.9409722222222222,0.9444444444444444,0.9168018810394972,0.0608188364442347,0.9826989619377162,0.9895833333333334,0.9933679354094578,0.9850754517493272,0.0148828141693599,151.0,16.0,9.0,166.0,20.599902982939966,3.4859160748892464,0.9269005847953217,0.9041916167664671,0.9485714285714286,0.030042016806722693
8,a_resnet101_densenet121_logistic,A,ResNet101+DenseNet121; full features; logistic regression,ResNet101+DenseNet121,full,,logistic,221.35,10,0.8903361344537815,0.9411764705882352,0.963655462184874,0.926890756302521,0.0421454612945189,0.8983253588516746,0.9444444444444444,0.9654135338345864,0.9293288914341546,0.0421759480845153,0.8983253588516746,0.9444444444444444,0.9654135338345864,0.9293288914341546,0.0421759480845153,0.8859797297297297,0.9354166666666666,0.961100569259962,0.9236874121527824,0.0432524940671864,0.8899595618345618,0.9406615497076024,0.9634707050504014,0.9265081517934683,0.0423507922778089,0.8909313725490197,0.9393382352941176,0.962265114379085,0.9267361111111112,0.0419348032254984,0.8005031972346256,0.886516441248811,0.9289467994018956,0.8595177102229685,0.0815749338682061,0.8768382352941176,0.9099264705882352,0.9411764705882352,0.904779411764706,0.0745124241670339,0.9419934640522876,0.9722222222222222,1.0,0.9486928104575164,0.0684985128962946,0.9352941176470588,0.9705882352941176,1.0,0.9499019607843138,0.0637220545412055,0.8799342105263158,0.9222222222222224,0.9466374269005848,0.9157623224728488,0.0631579316103815,0.9619377162629756,0.9899918300653594,0.9930555555555556,0.973310745866974,0.0293577957031113,151.0,16.0,9.0,166.0,14.91657704609679,0.1522138529689978,0.9269005847953217,0.9041916167664671,0.9485714285714286,0.07331932773109251
9,a_mobilenet_resnet101_linear_svm,A,MobileNet+ResNet101; full features; linear SVM,MobileNet+ResNet101,full,,linear_svm,220.85,10,0.9123949579831933,0.9411764705882352,0.963655462184874,0.9268907563025208,0.0464834101612929,0.9154440154440155,0.94281045751634,0.9654135338345864,0.930702408512006,0.0417723225002692,0.9154440154440155,0.94281045751634,0.9654135338345864,0.930702408512006,0.0417723225002692,0.9059907834101382,0.9354166666666666,0.9619175627240144,0.9214528347996088,0.0553713747511699,0.911875700585378,0.9406615497076024,0.9634707050504014,0.9260776216558074,0.0478977377141317,0.9125816993464052,0.9392361111111112,0.9626736111111112,0.9265522875816992,0.0462187571546188,0.831714026241362,0.8846782059546934,0.9297679882622156,0.861754686271589,0.0820729666055666,0.890625,0.9393382352941176,0.9411764705882352,0.898529411764706,0.1000138158468421,0.9027777777777776,1.0,1.0,0.9545751633986927,0.0652222597374495,0.9054276315789472,1.0,1.0,0.9563230994152048,0.0607236846505131,0.9083333333333332,0.94281045751634,0.9444444444444444,0.9144341993090144,0.0724736442489185,0.9480968858131488,0.991625816993464,0.995665729527105,0.9754853902345252,0.0257943882833276,150.0,17.0,8.0,167.0,27.574484806857072,4.807774003886152,0.9269005847953217,0.8982035928143712,0.9542857142857143,0.05126050420168071
10,a_mobilenet_resnet101_logistic,A,MobileNet+ResNet101; full features; logistic regression,MobileNet+ResNet101,full,,logistic,217.45,10,0.9191176470588234,0.9411764705882352,0.9428571428571428,0.9268067226890756,0.0445183439635633,0.924483306836248,0.9444444444444444,0.9466374269005848,0.9310198688294664,0.0396553113172015,0.924483306836248,0.9444444444444444,0.9466374269005848,0.9310198688294664,0.0396553113172015,0.9107526881720428,0.9375,0.943627450980392,0.920922213460164,0.0536021929875669,0.9183919913121952,0.9409722222222222,0.94281045751634,0.9259710411448152,0.04598488311802,0.9181985294117646,0.9410743464052288,0.9440359477124184,0.9263888888888888,0.0442613744167936,0.8479811310116677,0.886516441248811,0.8909868832195984,0.8618816693328022,0.0777000785638736,0.8768382352941176,0.9375,0.9411764705882352,0.8926470588235293,0.09895102944575,0.9444444444444444,1.0,1.0,0.9601307189542484,0.0612506610572743,0.9384191176470588,1.0,1.0,0.9615518575851392,0.0563667961691126,0.8960526315789474,0.9388888888888888,0.9444444444444444,0.9097902364607168,0.0720563320486489,0.9612168396770472,0.991625816993464,0.9930555555555556,0.9746948289119568,0.0260481849199606,149.0,18.0,7.0,168.0,14.588968208117876,0.1682916611898685,0.9269005847953217,0.8922155688622755,0.96,0.023739495798319465
11,a_densenet121_logistic,A,DenseNet121; full features; logistic regression,DenseNet121,full,,logistic,216.95,10,0.8970588235294117,0.9411764705882352,0.963655462184874,0.929579831932773,0.0504198568306609,0.8970588235294117,0.94281045751634,0.9654135338345864,0.9337580028911298,0.0459257529875012,0.8970588235294117,0.94281045751634,0.9654135338345864,0.9337580028911298,0.0459257529875012,0.8950980392156862,0.9411764705882352,0.961100569259962,0.9242950475771256,0.0568168989928812,0.8968524251805985,0.9411764705882352,0.9634707050504014,0.9290265252341277,0.0511237540428497,0.8961397058823529,0.9419934640522876,0.9626736111111112,0.9293504901960784,0.0502715169944836,0.7941176470588235,0.886516441248811,0.9290381924644584,0.8649897041630933,0.094271959732253,0.8768382352941176,0.9393382352941176,0.9411764705882352,0.8988970588235293,0.0962653556308436,0.9411764705882352,0.9722222222222222,1.0,0.9598039215686274,0.0471829738919101,0.9317226890756304,0.9705882352941176,1.0,0.9582166199813258,0.0480167297761512,0.8867647058823529,0.94281045751634,0.9466374269005848,0.91325139944335,0.0764806847420828,0.954152249134948,0.9809027777777776,0.992196510957324,0.9746864186851212,0.021318116667046,150.0,17.0,7.0,168.0,12.974979844060726,0.130327453021891,0.9298245614035088,0.8982035928143712,0.96,0.06659663865546228
12,a_resnet101v2_linear_svm,A,ResNet101V2; full features; linear SVM,ResNet101V2,full,,linear_svm,216.25,10,0.8922268907563025,0.9130252100840336,0.9705882352941176,0.9270588235294118,0.0481170205612788,0.8963963963963963,0.9209979209979212,0.970995670995671,0.9316505575329104,0.0441247869283925,0.8963963963963963,0.9209979209979212,0.970995670995671,0.9316505575329104,0.0441247869283925,0.8859026369168357,0.906158357771261,0.9696969696969696,0.9211983039752456,0.0540526810267256,0.8916692671763666,0.91253863834509,0.9705627705627706,0.926424430754078,0.048784199106594,0.8907781862745098,0.9125816993464052,0.9705882352941176,0.9258374183006536,0.0493660267927132,0.7858095363690741,0.8355914934651778,0.9428090415820634,0.8578337966893252,0.0947146660233974,0.838235294117647,0.8823529411764706,0.9411764705882352,0.8915441176470589,0.0813867590356584,0.9419934640522876,0.9722222222222222,1.0,0.9601307189542484,0.0470507537662504,0.9266826923076924,0.9722222222222222,1.0,0.9569727249874308,0.0495289213669722,0.8634453781512604,0.8918128654970761,0.9444444444444444,0.907153422772618,0.0636170441465907,0.9606881968473664,0.9809027777777778,0.9896193771626296,0.977591551326413,0.0170298771050766,149.0,18.0,7.0,168.0,17.041526163055096,2.652069582080003,0.9269005847953217,0.8922155688622755,0.96,0.07836134453781518
13,a_vgg16_mlp,A,VGG16; full features; MLP,VGG16,full,,mlp,215.85,10,0.8897058823529411,0.9130252100840336,0.9785714285714286,0.9240336134453784,0.0573965916051058,0.899624060150376,0.9142857142857144,0.9807692307692308,0.9310514560322009,0.0503409996210574,0.899624060150376,0.9142857142857144,0.9807692307692308,0.9310514560322009,0.0503409996210574,0.8741379310344828,0.9116883116883118,0.9785714285714286,0.9143281750178304,0.0683626902989447,0.8879798966913306,0.912987012987013,0.9785714285714286,0.9226898155250154,0.0589404972792085,0.8883272058823529,0.9133986928104574,0.9787581699346404,0.9227124183006536,0.0588415087154537,0.7963363221981586,0.8300653594771242,0.95863074009907,0.8578470799463013,0.1046319719731862,0.7766544117647058,0.9117647058823528,0.9852941176470588,0.8735294117647058,0.1226984383218801,0.9558823529411764,1.0,1.0,0.9718954248366012,0.0474375544924258,0.953125,1.0,1.0,0.971527777777778,0.0477155153452619,0.8214285714285714,0.915032679738562,0.9852941176470588,0.8993244465111474,0.0903767655159047,0.9237642973856208,0.9515570934256056,0.9922145328719724,0.951363057477893,0.0421721647286116,146.0,21.0,5.0,170.0,17.951228476013057,0.0250781429349441,0.9239766081871345,0.874251497005988,0.9714285714285714,0.08886554621848752
14,a_xception_resnet50_linear_svm,A,Xception+ResNet50; full features; linear SVM,Xception+ResNet50,full,,linear_svm,215.75,10,0.8823529411764706,0.9411764705882352,0.942436974789916,0.9211764705882352,0.0495486458122776,0.8854489164086687,0.94281045751634,0.9466374269005848,0.92641562734442,0.0454681988082187,0.8854489164086687,0.94281045751634,0.9466374269005848,0.92641562734442,0.0454681988082187,0.8705882352941177,0.9354166666666666,0.9411764705882352,0.9146018873218212,0.0554629819732828,0.8811145510835914,0.9406615497076024,0.9424019607843136,0.9205087573331204,0.0501898442840547,0.8823529411764706,0.9392361111111112,0.9424019607843136,0.9205065359477124,0.0493171156769653,0.7702283598820666,0.8821486928104575,0.8869642043568766,0.8484560122596108,0.0929367361587637,0.8363970588235294,0.9099264705882352,0.9402573529411764,0.8808823529411764,0.0914810167856779,0.9419934640522876,0.9722222222222222,1.0,0.9601307189542484,0.0470507537662504,0.9384191176470588,0.9705882352941176,1.0,0.957720588235294,0.049907702682101,0.8521671826625387,0.9205882352941176,0.9444444444444444,0.8984143067115203,0.0714238129327577,0.9688581314878892,0.9848856209150328,0.992205521914648,0.977326028450596,0.021908799531244,147.0,20.0,7.0,168.0,57.59979408001527,9.98932965111453,0.9210526315789473,0.8802395209580839,0.96,0.06008403361344539
15,a_mobilenet_logistic,A,MobileNet; full features; logistic regression,MobileNet,full,,logistic,215.65,10,0.9117647058823528,0.9142857142857144,0.9411764705882352,0.924033613445378,0.0419106034065668,0.9103896103896104,0.918918918918919,0.9466374269005848,0.9269519168203376,0.0397712791973919,0.9103896103896104,0.918918918918919,0.9466374269005848,0.9269519168203376,0.0397712791973919,0.9046920821114368,0.9142857142857144,0.9364583333333332,0.9199625144661296,0.0465508205343058,0.9112263499360274,0.9141453141453142,0.9408168859649122,0.9234572156432336,0.0425572675977431,0.9102328431372548,0.9142156862745098,0.9402573529411764,0.9234477124183008,0.0418341784924046,0.8240489925763272,0.8297890073786711,0.8882454793452145,0.8535628758430442,0.0780431157349748,0.8768382352941176,0.9117647058823528,0.9411764705882352,0.9044117647058822,0.0846209632432944,0.9019607843137254,0.9444444444444444,1.0,0.9424836601307188,0.0613551877489014,0.8999999999999999,0.9409722222222222,1.0,0.9435160818713452,0.0569160103163853,0.8947368421052632,0.9166666666666666,0.9402573529411764,0.916894760296463,0.0646700885580706,0.9687680219146484,0.9832756632064592,0.9982698961937716,0.976285563244906,0.0271348103631253,151.0,16.0,10.0,165.0,9.85629456100287,0.1376563519588668,0.9239766081871345,0.9041916167664671,0.9428571428571428,0.02941176470588236
16,a_xception_resnet50_logistic,A,Xception+ResNet50; full features; logistic regression,Xception+ResNet50,full,,logistic,215.6,10,0.8831932773109243,0.9411764705882352,0.963655462184874,0.92109243697479,0.0570789036309525,0.8839869281045751,0.9444444444444444,0.9654135338345864,0.9273695556203296,0.0503994699945455,0.8839869281045751,0.9444444444444444,0.9654135338345864,0.9273695556203296,0.0503994699945455,0.8823529411764706,0.9354166666666666,0.961100569259962,0.9127455084066188,0.0674642618934823,0.8831699346405228,0.9406615497076024,0.9634707050504014,0.9200575320134744,0.0585401563863527,0.8831699346405228,0.9392361111111112,0.962265114379085,0.9205065359477124,0.0567668233208033,0.7663398692810457,0.8837826797385621,0.9286689621084716,0.8506268395282867,0.1023835124336022,0.8768382352941176,0.9099264705882352,0.9402573529411764,0.875,0.111983252956477,0.9444444444444444,1.0,1.0,0.9660130718954248,0.0480835339666408,0.9384191176470588,1.0,1.0,0.9643382352941176,0.0498113149715265,0.8839869281045751,0.9222222222222224,0.9444444444444444,0.8963801291961208,0.0820236403514205,0.9725586312956556,0.986135140330642,0.9930735774702036,0.9797109284890426,0.020838775650277,146.0,21.0,6.0,169.0,17.93530659202952,0.21877405798295468,0.9210526315789473,0.874251497005988,0.9657142857142857,0.08046218487394963
17,a_densenet169_random_forest,A,DenseNet169; full features; random forest,DenseNet169,full,,random_forest,215.4,10,0.9117647058823528,0.9117647058823528,0.9344537815126048,0.9241176470588236,0.0277778797791754,0.9142857142857144,0.9142857142857144,0.9390977443609024,0.9254829587337328,0.027891056124556,0.9142857142857144,0.9142857142857144,0.9390977443609024,0.9254829587337328,0.027891056124556,0.9090909090909092,0.9090909090909092,0.9285714285714284,0.9224819624819623,0.0278917907807872,0.9116883116883115,0.9116883116883115,0.9338345864661654,0.9239824606078476,0.0277463534519564,0.9117647058823528,0.9131944444444444,0.9318831699346404,0.9242647058823528,0.0271533076240687,0.8249579113843054,0.8249579113843054,0.8730753154679878,0.8504938323950297,0.055255353329629,0.8823529411764706,0.9375,0.9411764705882352,0.9279411764705884,0.0470881750784459,0.8888888888888888,0.9411764705882352,0.9411764705882352,0.9205882352941176,0.0460115554810531,0.8839869281045751,0.9375,0.9427083333333331,0.9197088923288612,0.0451947116252756,0.8916666666666666,0.9393382352941176,0.9411764705882352,0.9327696078431372,0.0423276289841146,0.9485294117647058,0.9679330065359476,0.9887152777777776,0.9642433198769702,0.0317386598001544,155.0,12.0,14.0,161.0,10.561866445990745,0.1002284339629109,0.9239766081871345,0.9281437125748503,0.92,0.02268907563025202
18,a_efficientnetb1_efficientnetb5_linear_svm,A,EfficientNetB1+EfficientNetB5; full features; linear SVM,EfficientNetB1+EfficientNetB5,full,,linear_svm,214.7,10,0.8897058823529411,0.9420168067226892,0.963655462184874,0.9238655462184876,0.0465478460823657,0.8939393939393939,0.94281045751634,0.9646825396825396,0.9264154993566758,0.0445382618025291,0.8939393939393939,0.94281045751634,0.9646825396825396,0.9264154993566758,0.0445382618025291,0.8848214285714286,0.9411764705882352,0.961100569259962,0.920468006496764,0.0506743317030283,0.8893804112554112,0.9419934640522876,0.9634707050504014,0.92344175292672,0.0471338390490085,0.8897058823529411,0.9419934640522876,0.962265114379085,0.9232638888888888,0.0475208159613363,0.7837796336611913,0.8839869281045751,0.928221199000406,0.8497019869238134,0.091581809345939,0.8961397058823529,0.9411764705882352,0.9411764705882352,0.9099264705882352,0.07269233492933,0.9411764705882352,0.9444444444444444,0.9444444444444444,0.9366013071895424,0.0516987542278979,0.9256410256410256,0.9411764705882352,0.9411764705882352,0.934333836098542,0.0485402932651226,0.890625,0.94281045751634,0.9444444444444444,0.9186007297655904,0.057710306308535,0.9636678200692042,0.9850057670126874,0.9957708573625528,0.9804149846212996,0.0179238457370895,152.0,15.0,11.0,164.0,99.03456751490012,16.811910992022604,0.9239766081871345,0.9101796407185628,0.9371428571428572,0.07394957983193284
19,a_resnet101_densenet121_linear_svm,A,ResNet101+DenseNet121; full features; linear SVM,ResNet101+DenseNet121,full,,linear_svm,212.4,10,0.8831932773109243,0.9411764705882352,0.963655462184874,0.92109243697479,0.0479252799519584,0.8888888888888888,0.94281045751634,0.9654135338345864,0.9246876949972924,0.0460013827478358,0.8888888888888888,0.94281045751634,0.9654135338345864,0.9246876949972924,0.0460013827478358,0.8768382352941176,0.9354166666666666,0.9619175627240144,0.9164495657871466,0.0517558406911603,0.8828635620915033,0.9406615497076024,0.9634707050504014,0.9205686303922196,0.0484282768956313,0.8831699346405228,0.9393382352941176,0.9626736111111112,0.9208537581699346,0.0478432875033976,0.7703506133314548,0.8879676420517904,0.9297679882622156,0.8482733831218665,0.0917754694042538,0.8768382352941176,0.8823529411764706,0.9402573529411764,0.8930147058823531,0.0867323316692561,0.9019607843137254,0.9722222222222222,1.0,0.9486928104575164,0.0632943537194466,0.9043859649122808,0.9705882352941176,1.0,0.9484932920536636,0.0615306455351823,0.8784722222222222,0.8973684210526316,0.9466374269005848,0.9065271132376396,0.0700153547964286,0.9529988465974624,0.9866217320261438,0.9965277777777778,0.97617623029604,0.0235158319217745,149.0,18.0,9.0,166.0,27.234478058933746,4.635912320052739,0.9210526315789473,0.8922155688622755,0.9485714285714286,0.08046218487394963
20,a_resnet101_logistic,A,ResNet101; full features; logistic regression,ResNet101,full,,logistic,212.35,10,0.9117647058823528,0.9130252100840336,0.9411764705882352,0.9210084033613444,0.031214588328593,0.9154440154440155,0.9209979209979212,0.9411764705882352,0.9255856614680144,0.0268240295294644,0.9154440154440155,0.9209979209979212,0.9411764705882352,0.9255856614680144,0.0268240295294644,0.9046920821114368,0.9116883116883118,0.9402573529411764,0.9150694120470176,0.0380505265767572,0.9112263499360274,0.9128466128466128,0.941125408496732,0.920327536757516,0.0320492238198163,0.9117647058823528,0.9125816993464052,0.941125408496732,0.9203227124183008,0.0312593358855183,0.8260965973582836,0.8355914934651778,0.882250816993464,0.8487687162212328,0.054624358586418,0.838235294117647,0.9099264705882352,0.9402573529411764,0.8863970588235295,0.0857396592460445,0.9411764705882352,0.9444444444444444,1.0,0.9542483660130718,0.0451511585535135,0.9375,0.9393382352941176,1.0,0.9537302201582388,0.0437112288760936,0.865079365079365,0.9161184210526316,0.943627450980392,0.9033985196949594,0.064885855115299,0.9430507497116494,0.9848856209150328,0.992196510957324,0.968965061514802,0.029338205633429,148.0,19.0,8.0,167.0,13.856783199880738,0.16356173600070129,0.9210526315789473,0.8862275449101796,0.9542857142857143,0.02941176470588236
21,a_resnet101_mobilenetv2_linear_svm,A,ResNet101+MobileNetV2; full features; linear SVM,ResNet101+MobileNetV2,full,,linear_svm,212.25,10,0.8831932773109243,0.926470588235294,0.942436974789916,0.92109243697479,0.0365467327846908,0.8903508771929824,0.9321266968325792,0.9411764705882352,0.9247419841847088,0.0345342574208203,0.8903508771929824,0.9321266968325792,0.9411764705882352,0.9247419841847088,0.0345342574208203,0.8823529411764706,0.918864097363083,0.943627450980392,0.9165205529746197,0.0397013911459128,0.8831699346405228,0.9254953970978312,0.9424019607843136,0.9206312685796642,0.0367884524750812,0.8831699346405228,0.9237132352941176,0.943627450980392,0.9203227124183008,0.0363155726340859,0.7751303206663804,0.8584379507863753,0.8894442893540564,0.8468676548116333,0.0706558941544317,0.838235294117647,0.9099264705882352,0.9402573529411764,0.8922794117647059,0.0730591580223469,0.9019607843137254,0.9411764705882352,1.0,0.9483660130718954,0.049723820863034,0.9043859649122808,0.9411764705882352,1.0,0.9475128998968008,0.050086476558661,0.8634453781512604,0.915032679738562,0.9458204334365324,0.9057103543171652,0.0590308849371744,0.9604959630911188,0.9899918300653594,0.995665729527105,0.9757737408688965,0.0271465493754581,149.0,18.0,9.0,166.0,30.5045139650465,5.276160709909163,0.9210526315789473,0.8922155688622755,0.9485714285714286,0.05924369747899161
22,a_densenet121_mlp,A,DenseNet121; full features; MLP,DenseNet121,full,,mlp,211.6,10,0.8831932773109243,0.9117647058823528,0.942436974789916,0.9210924369747898,0.041474464309148,0.8947368421052632,0.914004914004914,0.943627450980392,0.9256427127944156,0.0374167522891501,0.8947368421052632,0.914004914004914,0.943627450980392,0.9256427127944156,0.0374167522891501,0.875,0.9087557603686636,0.9411764705882352,0.9154626366675702,0.0468909167128463,0.8826754385964912,0.9113803371867888,0.9424019607843136,0.9205526747309928,0.0419553246353957,0.8827614379084967,0.9107434640522876,0.9440359477124184,0.9206495098039216,0.0422983468188967,0.7784106296161569,0.8243519655123199,0.8880718954248366,0.8466169466794666,0.080133347579041,0.8235294117647058,0.9080882352941176,0.9852941176470588,0.8981617647058824,0.0892178746230212,0.9411764705882352,0.9444444444444444,0.9444444444444444,0.9431372549019608,0.0381792350464461,0.9297619047619048,0.9333333333333332,0.943627450980392,0.9391970121381886,0.0375696778010295,0.85,0.9161184210526316,0.9861111111111112,0.912831035923141,0.0732580266679141,0.9627727316416764,0.978247549019608,0.99234068627451,0.9669730392156864,0.0357737257924808,150.0,17.0,10.0,165.0,22.688444251019973,0.0464944989653299,0.9210526315789473,0.8982035928143712,0.9428571428571428,0.05924369747899161
23,a_efficientnetb0_mobilenet_logistic,A,EfficientNetB0+MobileNet; full features; logistic regression,EfficientNetB0+MobileNet,full,,logistic,211.4,10,0.8897058823529411,0.9142857142857144,0.9411764705882352,0.92109243697479,0.033974369479712,0.8952380952380952,0.918918918918919,0.9466374269005848,0.9231303788811528,0.0346545622752836,0.8952380952380952,0.918918918918919,0.9466374269005848,0.9231303788811528,0.0346545622752836,0.8924731182795698,0.9116883116883118,0.9364583333333332,0.9184803134352468,0.0340242678572356,0.8895327965536695,0.9141453141453142,0.9408168859649122,0.9208053461582,0.0340306112162536,0.8897058823529411,0.9142156862745098,0.9401041666666666,0.9206495098039216,0.0337953046649834,0.7849183196351696,0.8333626930055998,0.8860450867098179,0.8449860848693582,0.0678826341097501,0.8768382352941176,0.9099264705882352,0.9411764705882352,0.9099264705882352,0.0508024444317993,0.8888888888888888,0.94281045751634,0.9861111111111112,0.931372549019608,0.0598236610795031,0.8839869281045751,0.9375,0.9861111111111112,0.93077915376677,0.0574706897327787,0.8903508771929824,0.9166666666666666,0.943627450980392,0.917937736498108,0.0428202736571766,0.9661728662053056,0.9749134948096884,0.9956597222222222,0.9745326316801228,0.0234130792940968,152.0,15.0,12.0,163.0,9.805887891096063,0.1490081390948029,0.9210526315789473,0.9101796407185628,0.9314285714285714,0.051470588235294046
24,a_efficientnetb1_linear_svm,A,EfficientNetB1; full features; linear SVM,EfficientNetB1,full,,linear_svm,211.3,10,0.8897058823529411,0.9142857142857144,0.9411764705882352,0.92109243697479,0.033974369479712,0.9035714285714286,0.9166023166023168,0.9402573529411764,0.9240305204585392,0.0319252212821942,0.9035714285714286,0.9166023166023168,0.9402573529411764,0.9240305204585392,0.0319252212821942,0.8939393939393939,0.9116883116883118,0.943627450980392,0.9168225765379466,0.0390557016044366,0.8893804112554112,0.9141453141453142,0.941125408496732,0.9204265484982428,0.0346818985225386,0.890063316993464,0.9142156862745098,0.9411764705882352,0.9203022875816992,0.0346504341406761,0.7963363221981586,0.8297890073786711,0.8869807227730965,0.8480841304552038,0.06317699826963,0.8961397058823529,0.9393382352941176,0.9411764705882352,0.9036764705882352,0.0820401388993155,0.8888888888888888,0.94281045751634,1.0,0.9369281045751634,0.0636309187837319,0.8903508771929824,0.9393382352941176,1.0,0.9386760405916752,0.0595891185367679,0.9043859649122808,0.9411764705882352,0.943627450980392,0.9171118080406006,0.0599966751508183,0.9731113033448674,0.9831795463283352,0.988946559015763,0.9814758746635908,0.0117311517660113,151.0,16.0,11.0,164.0,14.166125065006781,2.260478354990482,0.9210526315789473,0.9041916167664671,0.9371428571428572,0.051470588235294046
25,a_resnet50_linear_svm,A,ResNet50; full features; linear SVM,ResNet50,full,,linear_svm,210.8,10,0.8823529411764706,0.926470588235294,0.942436974789916,0.918235294117647,0.0491004535406098,0.8854489164086687,0.9300476947535772,0.9466374269005848,0.9237086346374273,0.0448734974059218,0.8854489164086687,0.9300476947535772,0.9466374269005848,0.9237086346374273,0.0448734974059218,0.8705882352941177,0.9182795698924732,0.9411764705882352,0.9113699713882925,0.0551739910075457,0.8811145510835914,0.9257116199391242,0.9424019607843136,0.91753930301286,0.049748044563061,0.8823529411764706,0.9236111111111112,0.9424019607843136,0.9177287581699346,0.0492803522775014,0.7702283598820666,0.8530494804084026,0.8869642043568766,0.8426749445717746,0.0924740525732536,0.8363970588235294,0.8786764705882353,0.9411764705882352,0.8808823529411764,0.0961084386913919,0.9419934640522876,0.9444444444444444,1.0,0.9545751633986927,0.0450577635822853,0.9352941176470588,0.9411764705882352,1.0,0.951421568627451,0.0479493457092043,0.8521671826625387,0.8973684210526316,0.943627450980392,0.8987067043723391,0.0758135816452716,0.9610726643598616,0.984783496732026,0.9922055219146482,0.9756139465590158,0.024183265043136,147.0,20.0,8.0,167.0,18.120687575021293,2.885030799079686,0.9181286549707602,0.8802395209580839,0.9542857142857143,0.06008403361344539
26,a_efficientnetb0_mobilenet_mlp,A,EfficientNetB0+MobileNet; full features; MLP,EfficientNetB0+MobileNet,full,,mlp,210.25,10,0.9117647058823528,0.9130252100840336,0.9344537815126048,0.92109243697479,0.0310165121394458,0.9046920821114368,0.918918918918919,0.9328547297297296,0.9226520398438156,0.0297865163240113,0.9046920821114368,0.918918918918919,0.9328547297297296,0.9226520398438156,0.0297865163240113,0.9046920821114368,0.9116883116883118,0.9380630630630632,0.9187470249519588,0.0338893073464016,0.911072362685266,0.9128466128466128,0.9342303951678952,0.9206995323978872,0.0312874717922647,0.9102328431372548,0.9133986928104576,0.9350490196078431,0.9213643790849672,0.0313093492132412,0.8251876785503054,0.8330863409071467,0.8758194416248266,0.8482782247943387,0.059450336245241,0.8823529411764706,0.9117647058823528,1.0,0.9227941176470588,0.0791366877007987,0.8823529411764706,0.9444444444444444,0.9444444444444444,0.919934640522876,0.06222036851196,0.8854489164086687,0.9354166666666666,0.9402573529411764,0.9218704850361196,0.0547994847443601,0.8947368421052632,0.9195906432748536,1.0,0.9320531721460515,0.0669010151201933,0.9468954248366012,0.9791967031910804,0.9887152777777776,0.9670150903498652,0.0282621461084681,154.0,13.0,14.0,161.0,88.63630225206725,0.0917855009320186,0.9210526315789473,0.9221556886227545,0.92,0.02268907563025202
27,a_resnet101_densenet169_logistic,A,ResNet101+DenseNet169; full features; logistic regression,ResNet101+DenseNet169,full,,logistic,209.15,10,0.9117647058823528,0.9277310924369748,0.9411764705882352,0.9183193277310924,0.0379193500950235,0.9115479115479116,0.9316816816816818,0.9444444444444444,0.9220883194567406,0.0378060035887107,0.9115479115479116,0.9316816816816818,0.9444444444444444,0.9220883194567406,0.0378060035887107,0.9046920821114368,0.923809523809524,0.9375,0.9132628770406856,0.0407364961958865,0.9112263499360274,0.9271778955989484,0.9409722222222222,0.917675598248713,0.0385194427674617,0.9117647058823528,0.9254493464052288,0.941125408496732,0.9178921568627452,0.0369898245715423,0.8260965973582836,0.8593022354892599,0.8882454793452145,0.8444612076100467,0.0688140944951412,0.8768382352941176,0.8823529411764706,0.9375,0.8808823529411764,0.0727532565056707,0.9444444444444444,1.0,1.0,0.9549019607843136,0.0738301764519892,0.9375,1.0,1.0,0.9563888888888888,0.0676090796736724,0.8947368421052632,0.8973684210526316,0.9364583333333332,0.8969583997873471,0.0531511193026099,0.944636678200692,0.9867238562091504,0.995665729527105,0.9721020761245672,0.0276122947221899,147.0,20.0,8.0,167.0,15.951944404107053,0.2387538800248872,0.9181286549707602,0.8802395209580839,0.9542857142857143,0.02941176470588236
28,a_mobilenetv2_logistic,A,MobileNetV2; full features; logistic regression,MobileNetV2,full,,logistic,208.65,10,0.8857142857142857,0.9117647058823528,0.963235294117647,0.9212605042016808,0.0386311984905767,0.8888888888888888,0.9166023166023168,0.9633838383838385,0.9234231251878312,0.0383049198585234,0.8888888888888888,0.9166023166023168,0.9633838383838385,0.9234231251878312,0.0383049198585234,0.8888888888888888,0.906158357771261,0.9601814516129032,0.9186461969929712,0.039536320343831,0.8856209150326797,0.9113803371867888,0.963011146226872,0.9210346610904012,0.0387115688333191,0.8872549019607843,0.9124795751633986,0.9618055555555556,0.9215073529411764,0.0380134993556174,0.7770533569225758,0.8308089689591904,0.9273020813533472,0.8465815555202058,0.0752054083283248,0.8520220588235294,0.9375,0.9411764705882352,0.9106617647058824,0.062991865011842,0.9019607843137254,0.9411764705882352,0.9861111111111112,0.9323529411764706,0.0628994183718184,0.8950980392156862,0.9354166666666666,0.9861111111111112,0.9315174578603372,0.0602635869028448,0.871875,0.9393382352941176,0.9444444444444444,0.9186644306845544,0.0541832053800618,0.970299884659746,0.9896013552479814,0.9956597222222222,0.977559111880046,0.0312828973976933,152.0,15.0,12.0,163.0,9.283165064000059,0.147804405074566,0.9210526315789473,0.9101796407185628,0.9314285714285714,0.07752100840336129
29,a_resnet101_densenet169_linear_svm,A,ResNet101+DenseNet169; full features; linear SVM,ResNet101+DenseNet169,full,,linear_svm,205.9,10,0.8823529411764706,0.9134453781512604,0.963235294117647,0.9154621848739496,0.0481046259083075,0.8784722222222222,0.9166666666666666,0.9654135338345864,0.9182244880929092,0.0482714090105882,0.8784722222222222,0.9166666666666666,0.9654135338345864,0.9182244880929092,0.0482714090105882,0.8768382352941176,0.911111111111111,0.9601814516129032,0.9114707075824822,0.0503049673333259,0.8819444444444444,0.912985896112831,0.963011146226872,0.9148475978376956,0.0485898093132484,0.8823529411764706,0.91156045751634,0.9618566176470588,0.9149509803921568,0.0471268846795145,0.77005354108682,0.829326898765151,0.9289467994018956,0.8379592969296163,0.0906072495943955,0.8768382352941176,0.9099264705882352,0.9402573529411764,0.8867647058823529,0.075221542586219,0.9019607843137254,1.0,1.0,0.9431372549019608,0.0843252653488924,0.8950980392156862,1.0,1.0,0.94577915376677,0.0773283196321828,0.8903508771929824,0.9166666666666666,0.9416666666666668,0.9004306220095692,0.0561590167091903,0.9472318339100344,0.9834558823529412,0.995665729527105,0.9728325643983082,0.0254713529107328,148.0,19.0,10.0,165.0,33.65043030504603,6.074515149870422,0.9152046783625731,0.8862275449101796,0.9428571428571428,0.0808823529411764
30,a_efficientnetb1_efficientnetb5_adaboost,A,EfficientNetB1+EfficientNetB5; full features; AdaBoost,EfficientNetB1+EfficientNetB5,full,,adaboost,205.65,10,0.8823529411764706,0.9130252100840336,0.9411764705882352,0.915378151260504,0.0395881670151374,0.8903508771929824,0.9116883116883118,0.9466374269005848,0.9189248510301142,0.0386763594986466,0.8903508771929824,0.9116883116883118,0.9466374269005848,0.9189248510301142,0.0386763594986466,0.875,0.9142857142857144,0.9364583333333332,0.9110653190895126,0.0412924458035066,0.8819444444444444,0.912987012987013,0.9408168859649122,0.9149950850598132,0.0397066015961402,0.8823529411764706,0.9133986928104574,0.9402573529411764,0.9145833333333334,0.0393165932009367,0.77005354108682,0.8275116354307148,0.8882454793452145,0.8339664028265235,0.0789458233532679,0.8363970588235294,0.8823529411764706,0.9402573529411764,0.8860294117647058,0.052852594737372,0.9019607843137254,0.94281045751634,1.0,0.9431372549019608,0.0592896884580789,0.8988095238095237,0.9333333333333332,1.0,0.9406349206349208,0.0588953299671571,0.8580882352941176,0.8973684210526316,0.9402573529411764,0.8981789645682834,0.0432439933000875,0.9550173010380624,0.9611687812379854,0.9818068771626298,0.9628472222222222,0.0264708887503117,148.0,19.0,10.0,165.0,5279.707801006967,3.03364564810181,0.9152046783625731,0.8862275449101796,0.9428571428571428,0.05882352941176461
31,a_efficientnetb1_logistic,A,EfficientNetB1; full features; logistic regression,EfficientNetB1,full,,logistic,204.95,10,0.9117647058823528,0.9142857142857144,0.9411764705882352,0.9181512605042016,0.033309079517505,0.9142857142857144,0.9209979209979212,0.9402573529411764,0.9207905598501576,0.0321164494520403,0.9142857142857144,0.9209979209979212,0.9402573529411764,0.9207905598501576,0.0321164494520403,0.8996865203761756,0.9116883116883118,0.9392156862745096,0.9145269040976692,0.0361946920125299,0.9102828206276484,0.9141453141453142,0.9408168859649122,0.9176587319739132,0.0335771774203847,0.9079861111111112,0.9142156862745098,0.9402573529411764,0.9173611111111112,0.0331838054251769,0.8260965973582836,0.8322941599367022,0.8861472108928243,0.8407346860087499,0.0644749796467056,0.8768382352941176,0.9393382352941176,0.9411764705882352,0.9036764705882352,0.0706715874981444,0.8888888888888888,0.9411764705882352,0.9861111111111112,0.931045751633987,0.0597532038075605,0.8903508771929824,0.9330357142857144,0.9852941176470588,0.931533183448818,0.0555668151736008,0.8960526315789474,0.9372549019607842,0.9411764705882352,0.9153186888790604,0.0554684476662842,0.9739763552479817,0.9820261437908496,0.9887543252595156,0.9808222798923492,0.0126719980107236,151.0,16.0,12.0,163.0,12.421000831935089,0.12167665589367921,0.9181286549707602,0.9041916167664671,0.9314285714285714,0.02941176470588236
32,a_densenet201_random_forest,A,DenseNet201; full features; random forest,DenseNet201,full,,random_forest,204.2,10,0.8857142857142857,0.9117647058823528,0.9558823529411764,0.915378151260504,0.0522633080244638,0.8903508771929824,0.9090909090909092,0.958041958041958,0.919854856696962,0.0478014616525369,0.8903508771929824,0.9090909090909092,0.958041958041958,0.919854856696962,0.0478014616525369,0.8823529411764706,0.9054187192118228,0.954377880184332,0.909566620864141,0.0586229104294043,0.8856209150326797,0.9107513176478694,0.9556901685933944,0.9147107387805514,0.0528660752823206,0.8856209150326797,0.9090073529411764,0.9557291666666669,0.9151143790849672,0.0521245849566643,0.7751303206663804,0.8297404358902928,0.916242924388084,0.8377448762138199,0.0997327002575031,0.8299632352941176,0.9099264705882352,0.9852941176470588,0.8926470588235293,0.1037231040535059,0.8888888888888888,0.9411764705882352,1.0,0.9375816993464052,0.0617071388922295,0.8839869281045751,0.9337606837606838,1.0,0.9363221401921094,0.0609307157111925,0.865079365079365,0.9131944444444444,0.986842105263158,0.909121762740184,0.0831049108456201,0.9495626682045368,0.9757785467128028,0.9921875,0.9693495290272972,0.0265699167179924,149.0,18.0,11.0,164.0,11.207023233990185,0.0994317559525366,0.9152046783625731,0.8922155688622755,0.9371428571428572,0.07016806722689073
33,a_efficientnetb3_logistic,A,EfficientNetB3; full features; logistic regression,EfficientNetB3,full,,logistic,204.1,10,0.9117647058823528,0.9277310924369748,0.9411764705882352,0.9184033613445376,0.0485256424338804,0.9103896103896104,0.9282094594594594,0.9411764705882352,0.9197911181154216,0.0481329380760206,0.9103896103896104,0.9282094594594594,0.9411764705882352,0.9197911181154216,0.0481329380760206,0.9059907834101382,0.923809523809524,0.9411764705882352,0.9163970964729978,0.0498979989187936,0.9112263499360274,0.9273182957393484,0.941125408496732,0.9180941072942096,0.0486869634546229,0.9110498366013072,0.9270833333333336,0.9411764705882352,0.918545751633987,0.0480242691117852,0.825325854599532,0.8600303788799308,0.8861472108928243,0.8411596169523241,0.0947615105374992,0.8768382352941176,0.9411764705882352,0.9852941176470588,0.9220588235294118,0.0746000485480266,0.8839869281045751,0.9411764705882352,0.943627450980392,0.915032679738562,0.0704111660618401,0.8903508771929824,0.930952380952381,0.9411764705882352,0.9159462381443806,0.0654001704461909,0.8960526315789474,0.9411764705882352,0.9852941176470588,0.929326625386997,0.0642380092187066,0.96280276816609,0.9826689254133024,0.9915236928104576,0.9774798154555938,0.0179664465648487,154.0,13.0,15.0,160.0,16.17966595297912,0.1529220910742873,0.9181286549707602,0.9221556886227545,0.9142857142857143,0.02941176470588236
34,a_densenet201_linear_svm,A,DenseNet201; full features; linear SVM,DenseNet201,full,,linear_svm,202.85,10,0.8897058823529411,0.9277310924369748,0.942436974789916,0.915126050420168,0.0490140052820762,0.9022727272727272,0.9267676767676768,0.9444444444444444,0.9206540827593456,0.0420744605143684,0.9022727272727272,0.9267676767676768,0.9444444444444444,0.9206540827593456,0.0420744605143684,0.8714285714285714,0.9282094594594594,0.9402573529411764,0.907523570895782,0.0592022598971359,0.8868506493506493,0.927488568113568,0.9423508986928104,0.914088826827564,0.0502428621325596,0.8841911764705882,0.9288194444444444,0.9423508986928104,0.9145833333333334,0.0495897759315558,0.7937515666965566,0.8617849279873088,0.8847017973856208,0.8389359893612494,0.0887076896590374,0.796875,0.9393382352941176,0.9411764705882352,0.8860294117647058,0.1172890795490725,0.9411764705882352,0.9444444444444444,0.9861111111111112,0.9431372549019608,0.0531920680291209,0.9266826923076924,0.9393382352941176,0.9861111111111112,0.9422586726998492,0.0491950283817955,0.8480113636363636,0.9444444444444444,0.9444444444444444,0.9068091630591631,0.0886984243379341,0.953287197231834,0.97140522875817,0.9818158881199538,0.9636293733179546,0.0312721912538388,148.0,19.0,10.0,165.0,16.347153031034395,2.5270417329738843,0.9152046783625731,0.8862275449101796,0.9428571428571428,0.052731092436974825
35,a_efficientnetb5_linear_svm,A,EfficientNetB5; full features; linear SVM,EfficientNetB5,full,,linear_svm,202.7,10,0.8823529411764706,0.9130252100840336,0.942436974789916,0.915126050420168,0.0490140052820762,0.8839869281045751,0.9166023166023168,0.9444444444444444,0.9186588045411576,0.0474229022180782,0.8839869281045751,0.9166023166023168,0.9444444444444444,0.9186588045411576,0.0474229022180782,0.8768382352941176,0.9090909090909092,0.9402573529411764,0.9106682229469804,0.0524243495287002,0.882046568627451,0.9128466128466128,0.9423508986928104,0.914663513744069,0.049485344198967,0.8823529411764706,0.9125816993464052,0.9423508986928104,0.9142565359477124,0.0496054767778313,0.7660427970364109,0.8272352833322618,0.8847017973856208,0.831959091194246,0.0965538772917711,0.8823529411764706,0.8823529411764706,0.9375,0.8919117647058824,0.069479998587851,0.9411764705882352,0.9444444444444444,0.9444444444444444,0.9366013071895424,0.0516987542278979,0.9256410256410256,0.9375,0.9402573529411764,0.9325773001508296,0.0491041585682994,0.8768382352941176,0.8918128654970761,0.9444444444444444,0.9028865054793848,0.0565060305154481,0.9610726643598616,0.9730872741253364,0.9869971885813148,0.9726811803152632,0.0184351386438912,149.0,18.0,11.0,164.0,87.22213478805497,14.509581919002812,0.9152046783625731,0.8922155688622755,0.9371428571428572,0.06008403361344539
36,a_resnet50_logistic,A,ResNet50; full features; logistic regression,ResNet50,full,,logistic,201.4,10,0.8831932773109243,0.9130252100840336,0.9411764705882352,0.9123529411764706,0.0457621988983242,0.8839869281045751,0.9166023166023168,0.943627450980392,0.9181025542945048,0.0411305429636166,0.8839869281045751,0.9166023166023168,0.943627450980392,0.9181025542945048,0.0411305429636166,0.8823529411764706,0.9087557603686636,0.9364583333333332,0.904939962080494,0.0530132795534019,0.8831699346405228,0.91267903848549,0.9408168859649122,0.9115212581874994,0.046645189572512,0.8831699346405228,0.912377450980392,0.9401041666666666,0.9118259803921568,0.0455212797371829,0.7663398692810457,0.8269056895587295,0.882250816993464,0.8318566336373608,0.0830543800158733,0.875,0.8823529411764706,0.9402573529411764,0.8746323529411765,0.097523921542214,0.9019607843137254,0.9444444444444444,1.0,0.9490196078431372,0.0496378347505126,0.8999999999999999,0.9393382352941176,1.0,0.94656045751634,0.0508597144225299,0.8839869281045751,0.8973684210526316,0.9411764705882352,0.8938230603246083,0.072910932563714,0.9697231833910034,0.984783496732026,0.9922055219146482,0.9766520088427526,0.0238058463107136,146.0,21.0,9.0,166.0,13.153169438941404,0.1393296109163198,0.9122807017543859,0.874251497005988,0.9485714285714286,0.05798319327731083
37,a_mobilenet_resnet50_logistic,A,MobileNet+ResNet50; full features; logistic regression,MobileNet+ResNet50,full,,logistic,201.35,10,0.8831932773109243,0.926470588235294,0.963235294117647,0.9098319327731093,0.0639196414471709,0.8823529411764706,0.9293650793650794,0.9654135338345864,0.910842944976072,0.0688758674674823,0.8823529411764706,0.9293650793650794,0.9654135338345864,0.910842944976072,0.0688758674674823,0.8839869281045751,0.9212121212121211,0.9601814516129032,0.9075361838474488,0.0616721343983509,0.8831699346405228,0.926019594440647,0.963011146226872,0.9091895644117608,0.0645713571033889,0.883578431372549,0.9246323529411764,0.9618055555555556,0.9097222222222224,0.062721876447398,0.7677927509953498,0.853451177914375,0.9286689621084716,0.8262773918876851,0.1212165139876675,0.8823529411764706,0.9099264705882352,0.9402573529411764,0.8926470588235293,0.0719562094501327,0.8970588235294117,0.9722222222222222,1.0,0.926797385620915,0.1083667226417003,0.8961397058823529,0.96875,1.0,0.931374391862008,0.0949397414213626,0.8839869281045751,0.91875,0.9444444444444444,0.9019313714321454,0.0557858988150394,0.9550173010380624,0.9779411764705882,0.9956687331795464,0.9707876778162244,0.0299177498051081,149.0,18.0,13.0,162.0,12.51126408285927,0.1491962508880528,0.9093567251461988,0.8922155688622755,0.9257142857142857,0.08004201680672263
38,a_resnet152v2_linear_svm,A,ResNet152V2; full features; linear SVM,ResNet152V2,full,,linear_svm,201.3,10,0.8823529411764706,0.9130252100840336,0.9411764705882352,0.915378151260504,0.0395881670151374,0.8960526315789474,0.9142857142857144,0.943627450980392,0.9211388035536642,0.0351258760211017,0.8960526315789474,0.9142857142857144,0.943627450980392,0.9211388035536642,0.0351258760211017,0.8666666666666667,0.9116883116883118,0.9402573529411764,0.9080408072319838,0.0461519652922653,0.880701754385965,0.912987012987013,0.941125408496732,0.914589805392824,0.040312121470214,0.8794424019607843,0.9133986928104574,0.941125408496732,0.91421568627451,0.0408257237346824,0.784211036967841,0.8275116354307148,0.882250816993464,0.8357523705417833,0.0758598962102744,0.8152573529411764,0.9099264705882352,0.9411764705882352,0.8735294117647058,0.078740963732185,0.9411764705882352,0.9444444444444444,1.0,0.9549019607843136,0.0440281240228989,0.9308035714285714,0.9393382352941176,1.0,0.9508636788048552,0.0473774991544916,0.844078947368421,0.915032679738562,0.943627450980392,0.8924386054262214,0.0573494122515526,0.9676776960784312,0.9705401768550556,0.9852700884275276,0.9685589677047288,0.0280822600930806,146.0,21.0,8.0,167.0,18.16365796996979,3.0619320539408363,0.9152046783625731,0.874251497005988,0.9542857142857143,0.05882352941176461
39,a_densenet201_mlp,A,DenseNet201; full features; MLP,DenseNet201,full,,mlp,201.05,10,0.8634453781512604,0.8983193277310925,0.963235294117647,0.912436974789916,0.0549816491360189,0.8744343891402715,0.9039039039039038,0.9641148325358851,0.9166279698787438,0.0526238174559325,0.8744343891402715,0.9039039039039038,0.9641148325358851,0.9166279698787438,0.0526238174559325,0.8616071428571428,0.8957219251336899,0.9591397849462364,0.9072161603037412,0.058722282662264,0.863343253968254,0.8981789275906923,0.962855809969562,0.9119220650912424,0.0553413460906693,0.8638684640522876,0.8978758169934641,0.9609375,0.9118259803921568,0.054508090021986,0.7448839316292196,0.7971092688165796,0.9286689621084716,0.8292091730797717,0.106834353478614,0.875,0.8823529411764706,0.9237132352941176,0.8863970588235295,0.0851596655527877,0.8839869281045751,0.94281045751634,1.0,0.9372549019607844,0.0623451608884074,0.8768382352941176,0.9409722222222222,1.0,0.9347630718954248,0.0643796984006915,0.8823529411764706,0.8918128654970761,0.9355263157894738,0.9001760640460331,0.0696501127627781,0.9230103806228374,0.966503267973856,0.982638888888889,0.9553969627066512,0.037340747054732,148.0,19.0,11.0,164.0,75.0631065769121,0.0807261848240154,0.9122807017543859,0.8862275449101796,0.9371428571428572,0.09978991596638653
40,a_resnet101_densenet121_mlp,A,ResNet101+DenseNet121; full features; MLP,ResNet101+DenseNet121,full,,mlp,199.85,10,0.8602941176470588,0.926470588235294,0.9705882352941176,0.912941176470588,0.0776624978082631,0.8725961538461539,0.9277310924369748,0.970995670995671,0.9093382597794362,0.0849233576454604,0.8725961538461539,0.9277310924369748,0.970995670995671,0.9093382597794362,0.0849233576454604,0.8597222222222222,0.925133689839572,0.970995670995671,0.9147341700800652,0.0742743994954847,0.8577540156203949,0.9264323911382734,0.9705627705627706,0.9120362149297508,0.0787345456181847,0.8602941176470589,0.9281045751633986,0.971813725490196,0.91421568627451,0.0767461857480846,0.7464250946787023,0.8569234001365971,0.9428090415820634,0.8370143522174376,0.1443154903994376,0.8970588235294117,1.0,1.0,0.9411764705882352,0.0960584212856148,0.8398692810457515,0.9411764705882352,0.9861111111111112,0.8872549019607844,0.1284964475972239,0.8538011695906432,0.9393382352941176,0.9861111111111112,0.9007531216147786,0.1048360936182194,0.8999999999999999,1.0,1.0,0.9452092352092352,0.0808502732906194,0.927527873894656,0.9882557189542484,0.9948006776239908,0.9591455209534796,0.0501201891966774,157.0,10.0,20.0,155.0,108.33503996394575,0.11586738011101219,0.9122807017543859,0.9401197604790419,0.8857142857142857,0.11029411764705888
41,a_resnet101_mlp,A,ResNet101; full features; MLP,ResNet101,full,,mlp,199.7,10,0.8831932773109243,0.9117647058823528,0.9411764705882352,0.9125210084033611,0.0429886669333172,0.8903508771929824,0.9166023166023168,0.943627450980392,0.9165400942181128,0.041204490604318,0.8903508771929824,0.9166023166023168,0.943627450980392,0.9165400942181128,0.041204490604318,0.8705882352941177,0.906158357771261,0.9402573529411764,0.9075035835448548,0.046354363688746,0.8819315445476437,0.9113803371867888,0.941125408496732,0.912021838881484,0.0433660648253783,0.8831699346405228,0.9107434640522876,0.941125408496732,0.9118464052287582,0.0430879827906575,0.7751303206663804,0.8243519655123199,0.882250816993464,0.8286854099019756,0.0834129838632472,0.8768382352941176,0.8823529411764706,0.9375,0.8867647058823529,0.075221542586219,0.9411764705882352,0.94281045751634,0.9444444444444444,0.9369281045751634,0.050932187701198,0.9297619047619048,0.9375,0.943627450980392,0.9338211951447246,0.0491345982799545,0.8784722222222222,0.8918128654970761,0.943627450980392,0.8999551575015972,0.0607234661523876,0.943627450980392,0.9705521914648212,0.9792207324106114,0.9547722029988468,0.04542383393216,148.0,19.0,11.0,164.0,61.10853278200375,0.0831699590780767,0.9122807017543859,0.8862275449101796,0.9371428571428572,0.05798319327731083
42,a_efficientnetb2_linear_svm,A,EfficientNetB2; full features; linear SVM,EfficientNetB2,full,,linear_svm,198.4,10,0.8897058823529411,0.9130252100840336,0.9344537815126048,0.9152100840336134,0.037815022305076,0.8952380952380952,0.918918918918919,0.9412955465587044,0.9204999537507276,0.0340579623173088,0.8952380952380952,0.918918918918919,0.9412955465587044,0.9204999537507276,0.0340579623173088,0.8859026369168357,0.9090909090909092,0.9272727272727272,0.908495407567416,0.0435041171153409,0.8892182867842098,0.9128466128466128,0.9337643863959652,0.9144976806590718,0.0384104317973618,0.8883272058823529,0.9125816993464052,0.9314746732026143,0.9140727124183008,0.0376824612339937,0.7797688896107822,0.8295126552802181,0.8741897156977768,0.8358679950087918,0.0710611716367139,0.875,0.8823529411764706,0.8823529411764706,0.879779411764706,0.0841591506573674,0.9411764705882352,0.94281045751634,0.9861111111111112,0.9483660130718954,0.0422680411774388,0.9375,0.9409722222222222,0.9861111111111112,0.9458741830065358,0.0447975437123016,0.8839869281045751,0.8918128654970761,0.8986842105263158,0.8979474533034905,0.0654952807878552,0.9593425605536332,0.9713031045751634,0.9904513888888888,0.973760092272203,0.0195945864300599,147.0,20.0,9.0,166.0,20.07629347301554,3.110859038948547,0.9152046783625731,0.8802395209580839,0.9485714285714286,0.04474789915966371
43,a_resnet50_random_forest,A,ResNet50; full features; random forest,ResNet50,full,,random_forest,198.35,10,0.8897058823529411,0.9117647058823528,0.9344537815126048,0.912436974789916,0.0409554080431768,0.9022727272727272,0.9142857142857144,0.935612082670906,0.913585296526473,0.0421188297452346,0.9022727272727272,0.9142857142857144,0.935612082670906,0.913585296526473,0.0421188297452346,0.8744551002615519,0.9116883116883118,0.9344537815126048,0.9102340734978306,0.042186106661328,0.886696662099888,0.9116883116883115,0.9344537815126048,0.911909685012152,0.0413628943356847,0.8841911764705882,0.9117647058823528,0.937091503267974,0.9125,0.0418122784952748,0.7937515666965566,0.8275116354307148,0.8758316733001855,0.8307712612002909,0.0796390757134642,0.8823529411764706,0.9411764705882352,0.9852941176470588,0.9161764705882354,0.0826238541145521,0.8839869281045751,0.915032679738562,0.943627450980392,0.9088235294117648,0.071439267232725,0.8888888888888888,0.9131944444444444,0.943627450980392,0.912312091503268,0.0652993102014319,0.8784722222222222,0.9354166666666666,0.9852941176470588,0.9244080510992276,0.0651476996462196,0.9449550653594772,0.9620818915801616,0.9900519031141868,0.959688581314879,0.033551131770514,153.0,14.0,16.0,159.0,8.03556962305447,0.1013255279394792,0.9122807017543859,0.9161676646706587,0.9085714285714286,0.04474789915966371
44,a_densenet169_logistic,A,DenseNet169; full features; logistic regression,DenseNet169,full,,logistic,198.05,10,0.8634453781512604,0.8970588235294117,0.963235294117647,0.9126050420168068,0.0544888130679566,0.8723328591749645,0.9019138755980862,0.9629464285714284,0.9159616716853558,0.0519952875747175,0.8723328591749645,0.9019138755980862,0.9629464285714284,0.9159616716853558,0.0519952875747175,0.8595238095238095,0.8904761904761905,0.9619175627240144,0.9082497788949402,0.0583072650481266,0.863032581453634,0.8961950330371382,0.963011146226872,0.912105725290148,0.0547944755023335,0.8630004084967321,0.8995098039215688,0.9618566176470588,0.9126633986928104,0.0543882373225124,0.7297733195450777,0.8122518045264171,0.9289467994018956,0.8314448756928497,0.1066413399511972,0.8299632352941176,0.9099264705882352,0.9852941176470588,0.8985294117647058,0.0930759602227966,0.8455882352941176,0.94281045751634,1.0,0.9267973856209152,0.0746358296659879,0.8552631578947368,0.9285714285714286,1.0,0.926065162907268,0.0723472460977308,0.8580882352941176,0.9133986928104576,0.986842105263158,0.9116042557373828,0.0775895660626658,0.9393983083429448,0.9670739619377162,0.9947916666666666,0.9654567954632832,0.0290842656268671,150.0,17.0,13.0,162.0,13.8369432699983,0.1672746269614432,0.9122807017543859,0.8982035928143712,0.9257142857142857,0.09978991596638653
45,a_efficientnetb1_efficientnetb5_logistic,A,EfficientNetB1+EfficientNetB5; full features; logistic regression,EfficientNetB1+EfficientNetB5,full,,logistic,197.2,10,0.8823529411764706,0.9117647058823528,0.942436974789916,0.9121008403361344,0.039501161802817,0.8823529411764706,0.9195906432748536,0.9444444444444444,0.9151068848592068,0.0391411206534116,0.8823529411764706,0.9195906432748536,0.9444444444444444,0.9151068848592068,0.0391411206534116,0.8823529411764706,0.9078431372549018,0.9402573529411764,0.90850935828877,0.0404710024770765,0.8823529411764706,0.9113519091847264,0.9423508986928104,0.9118081215739884,0.0395676423544907,0.8823529411764706,0.9099264705882352,0.9423508986928104,0.9113153594771244,0.0395319885152112,0.7647058823529411,0.8248131129114235,0.8856209150326797,0.8252313493180583,0.0792019081313398,0.8768382352941176,0.8823529411764706,0.9402573529411764,0.8919117647058824,0.0481915352283601,0.8823529411764706,0.9444444444444444,0.9444444444444444,0.930718954248366,0.0467978724673742,0.8823529411764706,0.9330357142857144,0.9411764705882352,0.9270483193277312,0.0469712917779857,0.8823529411764706,0.8911764705882352,0.9444444444444444,0.9008169934640524,0.0418638803272727,0.9661728662053056,0.9763552479815456,0.9907066993464052,0.9780517108804307,0.0159732898104346,149.0,18.0,12.0,163.0,23.28650093910983,0.2926811881479801,0.9122807017543859,0.8922155688622755,0.9314285714285714,0.06008403361344539
46,a_resnet152_linear_svm,A,ResNet152; full features; linear SVM,ResNet152,full,,linear_svm,197.15,10,0.8897058823529411,0.9117647058823528,0.942436974789916,0.9121008403361344,0.039501161802817,0.899624060150376,0.9209979209979212,0.943627450980392,0.9184374034838432,0.0355461457756703,0.899624060150376,0.9209979209979212,0.943627450980392,0.9184374034838432,0.0355461457756703,0.8741379310344828,0.906158357771261,0.9392156862745096,0.9040257379791502,0.0454497816221563,0.8879798966913306,0.9113803371867888,0.9421955624355004,0.9112315707314969,0.040134244188299,0.8883272058823529,0.9107434640522876,0.9414828431372548,0.9111315359477123,0.0393987574389818,0.796033349262166,0.8297404358902928,0.8869642043568766,0.8323328407112511,0.0732568923978316,0.8152573529411764,0.875,0.926470588235294,0.8621323529411764,0.0882565674246363,0.9419934640522876,0.9722222222222222,1.0,0.9601307189542484,0.0470507537662504,0.934375,0.9705882352941176,1.0,0.9581746646026832,0.0483306294138993,0.8392857142857143,0.8918128654970761,0.9333333333333332,0.8845241892610314,0.0686150574774137,0.9572760476739716,0.9809328143021914,0.9913194444444444,0.9725538254517494,0.0239099275219568,144.0,23.0,7.0,168.0,17.817654657992534,2.8969636681140396,0.9122807017543859,0.8622754491017964,0.96,0.052731092436974825
47,a_densenet201_logistic,A,DenseNet201; full features; logistic regression,DenseNet201,full,,logistic,196.65,10,0.8823529411764706,0.9130252100840336,0.9411764705882352,0.912436974789916,0.0432386309245645,0.8960526315789474,0.9166023166023168,0.943627450980392,0.9183625660405846,0.0387020705232528,0.8960526315789474,0.9166023166023168,0.943627450980392,0.9183625660405846,0.0387020705232528,0.8595238095238095,0.9090909090909092,0.9402573529411764,0.9046522417744528,0.050594964376995,0.8791040100250627,0.9128466128466128,0.941125408496732,0.9115074039075188,0.0441466837622937,0.8768382352941176,0.913296568627451,0.941125408496732,0.9118055555555556,0.0437514218116677,0.784211036967841,0.8272352833322618,0.882250816993464,0.8328766500105449,0.0790973555007671,0.7941176470588235,0.9099264705882352,0.9402573529411764,0.8742647058823529,0.0992692446311668,0.9411764705882352,0.9444444444444444,1.0,0.949346405228758,0.0553361895735894,0.9375,0.94281045751634,1.0,0.9476307189542484,0.0563247721509014,0.8342245989304813,0.9179566563467492,0.943627450980392,0.8948764513779993,0.0734065814352115,0.9348808150711264,0.9688100730488274,0.9878472222222222,0.9629950019223376,0.030345639631522,146.0,21.0,9.0,166.0,14.53437647188548,0.1627937469747843,0.9122807017543859,0.874251497005988,0.9485714285714286,0.05882352941176461
48,a_resnet101_linear_svm,A,ResNet101; full features; linear SVM,ResNet101,full,,linear_svm,195.6,10,0.8831932773109243,0.9117647058823528,0.913655462184874,0.9094117647058824,0.0376243762533782,0.8888888888888888,0.9116883116883118,0.920879120879121,0.9131257856257856,0.0359290074630294,0.8888888888888888,0.9116883116883118,0.920879120879121,0.9131257856257856,0.0359290074630294,0.8839869281045751,0.90282131661442,0.9164619164619164,0.904296436916832,0.0419418700994499,0.8828635620915033,0.9107513176478694,0.9134257634257634,0.9087111112713088,0.0381473838454408,0.8831699346405228,0.9090073529411764,0.9154411764705884,0.9087214052287582,0.0370139329950285,0.7703506133314548,0.8249579113843054,0.8398497987466998,0.826080464012269,0.0701845925615329,0.838235294117647,0.8823529411764706,0.9375,0.880514705882353,0.0835538101276728,0.9019607843137254,0.9411764705882352,1.0,0.9369281045751634,0.0682033790420559,0.8950980392156862,0.9375,1.0,0.93827915376677,0.0627463095145388,0.865079365079365,0.8888888888888888,0.9438596491228072,0.8966712235133286,0.0643299575399883,0.9411764705882352,0.9815455594002308,0.9921875,0.9693699538638983,0.0274639608515895,147.0,20.0,11.0,164.0,18.30052648310084,3.050527196086477,0.9093567251461988,0.8802395209580839,0.9371428571428572,0.030462184873949694
49,a_densenet121_linear_svm,A,DenseNet121; full features; linear SVM,DenseNet121,full,,linear_svm,194.85,10,0.8897058823529411,0.9130252100840336,0.963235294117647,0.9149579831932771,0.0611386489010188,0.8939393939393939,0.9209979209979212,0.9638655462184872,0.9201229330641094,0.0561338019171741,0.8939393939393939,0.9209979209979212,0.9638655462184872,0.9201229330641094,0.0561338019171741,0.8803879310344828,0.9116883116883118,0.961100569259962,0.908644694909008,0.0674143204487404,0.8889119142351901,0.9128466128466128,0.9630622083183752,0.9143838139865588,0.0616361758247563,0.8883272058823529,0.9150326797385622,0.9618566176470588,0.914624183006536,0.0610095487737735,0.7849183196351696,0.8361153884898356,0.9274042055363536,0.8354131720029392,0.1188496001492921,0.8152573529411764,0.9099264705882352,0.9411764705882352,0.8808823529411764,0.1005230697066727,0.9411764705882352,0.94281045751634,1.0,0.9483660130718954,0.056199016160966,0.9297619047619048,0.9393382352941176,1.0,0.9439829352793748,0.0585687996783123,0.8458646616541353,0.9179566563467492,0.9466374269005848,0.8976974298491326,0.0840487923576544,0.9541192089580932,0.972318339100346,0.9948006776239908,0.973301134179162,0.0229491674443582,147.0,20.0,9.0,166.0,7.3952995870495215,1.0600697090267202,0.9152046783625731,0.8802395209580839,0.9485714285714286,0.07352941176470584
50,a_resnet50v2_logistic,A,ResNet50V2; full features; logistic regression,ResNet50V2,full,,logistic,194.8,10,0.8831932773109243,0.8987394957983192,0.9705882352941176,0.912436974789916,0.0550800290692759,0.8903508771929824,0.9115384615384616,0.970995670995671,0.918755402315774,0.051850356222722,0.8903508771929824,0.9115384615384616,0.970995670995671,0.918755402315774,0.051850356222722,0.8616071428571428,0.8894523326572008,0.9692082111436948,0.9040727587424896,0.0606602784673823,0.8801456766917293,0.8977176193200535,0.9705114414791834,0.911414080529132,0.0557321898550837,0.8772467320261438,0.8959354575163399,0.9701286764705882,0.9107843137254902,0.0554788928367906,0.7723352663819517,0.8089362060984602,0.9427121046006262,0.8321186005401922,0.1060445349423794,0.8152573529411764,0.8529411764705882,0.9402573529411764,0.8617647058823529,0.0942942837977978,0.9419934640522876,1.0,1.0,0.9598039215686274,0.0613522866343663,0.936111111111111,1.0,1.0,0.9583660130718954,0.0625208182964973,0.8301470588235293,0.873015873015873,0.9444444444444444,0.8846727558647064,0.0723000267417078,0.9257497116493656,0.9740003844675124,0.9930645665128796,0.9581543156478276,0.0411385893377307,144.0,23.0,7.0,168.0,12.878969073994085,0.15441714413464,0.9122807017543859,0.8622754491017964,0.96,0.0873949579831933
51,a_mobilenet_resnet50_random_forest,A,MobileNet+ResNet50; full features; random forest,MobileNet+ResNet50,full,,random_forest,193.85,10,0.8897058823529411,0.9117647058823528,0.9411764705882352,0.9097478991596638,0.0431848840333942,0.8939393939393939,0.9142857142857144,0.9411764705882352,0.9088686008693748,0.0481601682985575,0.8939393939393939,0.9142857142857144,0.9411764705882352,0.9088686008693748,0.0481601682985575,0.8835227272727273,0.9116883116883118,0.9392156862745096,0.9099820904697064,0.0393615859247978,0.8893804112554112,0.9116883116883115,0.940970072239422,0.9094253456695408,0.0434712655112179,0.8897058823529411,0.9117647058823528,0.9402573529411764,0.9104166666666668,0.0424810633039646,0.7837796336611913,0.8249579113843054,0.8861472108928243,0.8249300353148534,0.0815861285120099,0.8823529411764706,0.9411764705882352,0.9411764705882352,0.9227941176470588,0.0564524157170638,0.8839869281045751,0.9411764705882352,0.9411764705882352,0.8980392156862745,0.0854380569398599,0.8888888888888888,0.9354166666666666,0.9402573529411764,0.9030368814192344,0.0719101263527384,0.8916666666666666,0.930952380952381,0.9402573529411764,0.926046427342867,0.0492654259347806,0.9260065239331026,0.9754901960784316,0.9900293757208766,0.958729815455594,0.0414630980553123,154.0,13.0,18.0,157.0,9.914421286026482,0.1109441720764148,0.9093567251461988,0.9221556886227545,0.8971428571428571,0.051470588235294046
52,a_mobilenet_mlp,A,MobileNet; full features; MLP,MobileNet,full,,mlp,193.1,10,0.8922268907563025,0.9117647058823528,0.9117647058823528,0.9094957983193276,0.0317826586095098,0.8939393939393939,0.9116883116883118,0.9177606177606178,0.9117651876475408,0.0303569217171257,0.8939393939393939,0.9116883116883118,0.9177606177606178,0.9117651876475408,0.0303569217171257,0.8924731182795698,0.9090909090909092,0.9142857142857144,0.9067127530386544,0.0343002178765553,0.8919837769458263,0.9116883116883115,0.9116883116883115,0.9092389703430976,0.0319918201041051,0.8928717320261438,0.9117647058823528,0.9117647058823528,0.9095792483660132,0.0319879068944567,0.7887265226020155,0.8249579113843054,0.8249579113843054,0.8213763503792636,0.0612962964987472,0.8823529411764706,0.9099264705882352,0.9411764705882352,0.9047794117647058,0.0633579616565053,0.8839869281045751,0.9411764705882352,0.943627450980392,0.9143790849673202,0.0396310608769228,0.8888888888888888,0.930952380952381,0.9375,0.911781721460514,0.0339341397832796,0.8888888888888888,0.9161184210526316,0.9375,0.9118347953216376,0.0529061076502726,0.9534313725490196,0.9843990292195308,0.986159169550173,0.9704056132256824,0.0253190991900527,151.0,16.0,15.0,160.0,98.6298087760224,0.0484524730709376,0.9093567251461988,0.9041916167664671,0.9142857142857143,0.01953781512605035
53,a_efficientnetb2_logistic,A,EfficientNetB2; full features; logistic regression,EfficientNetB2,full,,logistic,192.7,10,0.8831932773109243,0.9117647058823528,0.9344537815126048,0.9123529411764706,0.0478164470057886,0.8903508771929824,0.9166023166023168,0.9402560455192036,0.9173094394147026,0.0454919996654681,0.8903508771929824,0.9166023166023168,0.9402560455192036,0.9173094394147026,0.0454919996654681,0.875,0.906158357771261,0.9272727272727272,0.9060898593434744,0.0520133265702943,0.8826754385964912,0.9113803371867888,0.9337643863959652,0.9116996493790884,0.0483119187860417,0.8824550653594772,0.9107434640522876,0.9314746732026143,0.9114787581699346,0.0477205665550996,0.7668205604995987,0.8243519655123199,0.8729371394187613,0.8293597786635024,0.0917587844172927,0.875,0.8786764705882353,0.8823529411764706,0.8801470588235295,0.0832648218947668,0.9411764705882352,0.9444444444444444,0.9861111111111112,0.94281045751634,0.0547324647857654,0.9333333333333332,0.9375,0.9861111111111112,0.9394444444444444,0.0542840608213797,0.8784722222222222,0.8918128654970761,0.8986842105263158,0.8964978734715577,0.0662512167163094,0.961907679738562,0.9697231833910034,0.983527970011534,0.9716635428681276,0.0165916915410179,147.0,20.0,10.0,165.0,15.702559346100315,0.15232799696968818,0.9122807017543859,0.8802395209580839,0.9428571428571428,0.05126050420168049
54,a_mobilenet_resnet50_rbf_svm,A,MobileNet+ResNet50; full features; RBF SVM,MobileNet+ResNet50,full,,rbf_svm,192.5,10,0.8634453781512604,0.9117647058823528,0.9344537815126048,0.9094957983193276,0.0503704236404007,0.8723328591749645,0.9166023166023168,0.9380630630630632,0.9133225980594402,0.0494133247526951,0.8723328591749645,0.9166023166023168,0.9380630630630632,0.9133225980594402,0.0494133247526951,0.8595238095238095,0.9032258064516128,0.9316964285714286,0.9047596355257644,0.0524969350530151,0.863032581453634,0.911072362685266,0.9343005952380952,0.9090411167926022,0.0506072484994021,0.8630004084967321,0.9107434640522876,0.9346405228758168,0.9090482026143792,0.0505394503692079,0.7297733195450777,0.8269056895587295,0.8755574941124977,0.8229415766547626,0.0996817538046209,0.8363970588235294,0.8823529411764706,0.926470588235294,0.8805147058823529,0.0690909157736761,0.9019607843137254,0.9444444444444444,1.0,0.9375816993464052,0.0682625078941892,0.8988095238095237,0.930952380952381,1.0,0.9346031746031748,0.0664850132863456,0.85625,0.8885448916408669,0.929566563467492,0.8932447540419677,0.0569661666056801,0.9575824202229912,0.9670739619377162,0.9783737024221454,0.9648560649750098,0.0279010595537529,147.0,20.0,11.0,164.0,30.001114126003813,13.477919906144962,0.9093567251461988,0.8802395209580839,0.9371428571428572,0.0710084033613444
55,a_inceptionresnetv2_linear_svm,A,InceptionResNetV2; full features; linear SVM,InceptionResNetV2,full,,linear_svm,192.05,10,0.8823529411764706,0.9130252100840336,0.9411764705882352,0.9121848739495798,0.0279417907446359,0.8960526315789474,0.918918918918919,0.9444444444444444,0.9177982316682008,0.0266005679162103,0.8960526315789474,0.918918918918919,0.9444444444444444,0.9177982316682008,0.0266005679162103,0.8823529411764706,0.906158357771261,0.9375,0.9050832121704988,0.0316760392636492,0.8823529411764706,0.91253863834509,0.9409722222222222,0.9114407219193496,0.0284821741198178,0.8831188725490196,0.91156045751634,0.9411764705882352,0.9112949346405228,0.0283643144155918,0.784211036967841,0.8266293374602763,0.8885233166386385,0.8315645873471832,0.0535764433121011,0.8768382352941176,0.8823529411764706,0.8823529411764706,0.8621323529411764,0.058084874147814,0.9444444444444444,1.0,1.0,0.9604575163398692,0.0597730593287464,0.934375,1.0,1.0,0.9586519607843136,0.0604360995894101,0.8854489164086687,0.8947368421052632,0.8947368421052632,0.8821242779408414,0.0387884781976409,0.955642060745867,0.9636077470203768,0.9739583333333331,0.960099480968858,0.0265946124454141,144.0,23.0,7.0,168.0,17.492059200943913,2.889218461932614,0.9122807017543859,0.8622754491017964,0.96,0.05882352941176461
56,a_xception_resnet50_rbf_svm,A,Xception+ResNet50; full features; RBF SVM,Xception+ResNet50,full,,rbf_svm,191.8,10,0.8823529411764706,0.8987394957983192,0.9350840336134454,0.9063865546218488,0.0533099659281584,0.8903508771929824,0.9045112781954888,0.9380630630630632,0.9107526802263646,0.0511163115566097,0.8903508771929824,0.9045112781954888,0.9380630630630632,0.9107526802263646,0.0511163115566097,0.8666666666666667,0.8927893738140417,0.9331550802139036,0.9010250889211988,0.0566732452358351,0.880701754385965,0.8983466388589729,0.9350299210593328,0.9058888845737816,0.0535871455447248,0.8794424019607843,0.8986928104575163,0.935406454248366,0.9061274509803924,0.0535375102883876,0.7685717935501417,0.8058768519268742,0.8733806929080287,0.8174457845167877,0.1050666686782842,0.8152573529411764,0.8823529411764706,0.9402573529411764,0.8808823529411764,0.0883067521103648,0.8888888888888888,0.94281045751634,0.9861111111111112,0.9313725490196078,0.0598236610795031,0.8823529411764706,0.934873949579832,0.9861111111111112,0.9278898225957052,0.0604493431489818,0.85,0.8819444444444444,0.943627450980392,0.8948507297655904,0.0742040166985672,0.9498269896193772,0.9584054209919262,0.9659415849673202,0.958315311418685,0.0284114703798019,147.0,20.0,12.0,163.0,60.629530582984444,27.49847382295411,0.9064327485380117,0.8802395209580839,0.9314285714285714,0.052731092436974825
57,a_densenet201_adaboost,A,DenseNet201; full features; AdaBoost,DenseNet201,full,,adaboost,191.75,10,0.8897058823529411,0.9117647058823528,0.9344537815126048,0.9067226890756304,0.0520194539177887,0.8903361344537815,0.9166023166023168,0.939102564102564,0.9089502248325776,0.0540630026676686,0.8903361344537815,0.9166023166023168,0.939102564102564,0.9089502248325776,0.0540630026676686,0.8859026369168357,0.9090909090909092,0.9303977272727272,0.9036055023674436,0.0513839506347833,0.8892182867842098,0.9116883116883115,0.9342303951678952,0.9062778636000108,0.0522556361780972,0.8883272058823529,0.9124795751633986,0.9340788398692812,0.9064338235294118,0.0514618925361352,0.7797688896107822,0.8272352833322618,0.8700890734324034,0.8173947998842873,0.100980895579647,0.8823529411764706,0.8823529411764706,0.9375,0.8981617647058823,0.0745245164138138,0.9019607843137254,0.9411764705882352,0.943627450980392,0.9147058823529411,0.0749887459655927,0.89390756302521,0.9375,0.9427083333333331,0.9144666199813258,0.066679748923046,0.8705882352941177,0.8918128654970761,0.943627450980392,0.9075409111012828,0.0636942166230034,0.943618440023068,0.956675317185698,0.9739853662053056,0.9579536716647444,0.0222524009957183,150.0,17.0,15.0,160.0,507.2576820999384,0.4988549909321586,0.9064327485380117,0.8982035928143712,0.9142857142857143,0.04474789915966371
58,a_resnet152_logistic,A,ResNet152; full features; logistic regression,ResNet152,full,,logistic,191.15,10,0.8602941176470588,0.9117647058823528,0.942436974789916,0.909159663865546,0.0491729494365387,0.8775303643724697,0.9166023166023168,0.943627450980392,0.9161663412127808,0.0438666830898773,0.8775303643724697,0.9166023166023168,0.943627450980392,0.9161663412127808,0.0438666830898773,0.853030303030303,0.906158357771261,0.9392156862745096,0.9001594892853152,0.0568889311438716,0.8597858282068809,0.9113803371867888,0.9421955624355004,0.9081629152490482,0.0500528434761022,0.8593239379084968,0.9107434640522876,0.9414828431372548,0.9083537581699348,0.0492797173744139,0.745832154751598,0.8243519655123199,0.8869642043568766,0.8265431339919124,0.0911457854677247,0.8152573529411764,0.875,0.926470588235294,0.8621323529411764,0.1042351274453144,0.9419934640522876,0.9444444444444444,1.0,0.9545751633986927,0.0450577635822853,0.9297619047619048,0.9393382352941176,1.0,0.951031807459826,0.0467135912612218,0.8375,0.8918128654970761,0.9333333333333332,0.8856858054226476,0.0812531320821686,0.9580930411380238,0.9809328143021914,0.9887152777777778,0.969399990388312,0.0300871441384611,144.0,23.0,8.0,167.0,14.852938110008836,0.159529036027379,0.9093567251461988,0.8622754491017964,0.9542857142857143,0.08214285714285718
59,a_efficientnetb0_linear_svm,A,EfficientNetB0; full features; linear SVM,EfficientNetB0,full,,linear_svm,190.7,10,0.8922268907563025,0.9117647058823528,0.913655462184874,0.906470588235294,0.0385580105589926,0.8890374331550802,0.9166023166023168,0.918918918918919,0.909696958830086,0.0377613597013356,0.8890374331550802,0.9166023166023168,0.918918918918919,0.909696958830086,0.0377613597013356,0.8924731182795698,0.906158357771261,0.912987012987013,0.902569127846642,0.0399778862980662,0.8919837769458263,0.9113803371867888,0.9134257634257634,0.906133043338364,0.0385943836280049,0.8928717320261438,0.9117647058823528,0.9133476307189544,0.9061070261437908,0.0380971782275156,0.7887265226020155,0.8249579113843054,0.8348731837206111,0.8163398538080763,0.076876228451268,0.875,0.8823529411764706,0.9402573529411764,0.8863970588235294,0.0583737399188258,0.8823529411764706,0.9166666666666666,0.9861111111111112,0.9258169934640524,0.0603578247331442,0.8823529411764706,0.911111111111111,0.984375,0.9233200034399726,0.0598965231157509,0.8854489164086687,0.8973684210526316,0.9375,0.8971921224630203,0.0488618863494257,0.9627727316416764,0.9747753267973857,0.9757785467128028,0.9650843425605536,0.0270932007336954,148.0,19.0,13.0,162.0,10.29187924892176,1.5724710340728048,0.9064327485380117,0.8862275449101796,0.9257142857142857,0.021428571428571574
60,a_mobilenetv2_mlp,A,MobileNetV2; full features; MLP,MobileNetV2,full,,mlp,189.65,10,0.8823529411764706,0.9117647058823528,0.9338235294117646,0.9039495798319328,0.0521505891818316,0.8903508771929824,0.9090909090909092,0.9344537815126048,0.9034475616402862,0.0550723524330832,0.8903508771929824,0.9090909090909092,0.9344537815126048,0.9034475616402862,0.0550723524330832,0.86875,0.9116883116883118,0.9344537815126048,0.9037120541996704,0.0508553220195096,0.8810124269005848,0.9116883116883115,0.9338044308632544,0.9035798079199784,0.0524702077202974,0.8823529411764706,0.9124795751633986,0.9350490196078431,0.9053717320261436,0.0518021936104862,0.7742391039324757,0.8249579113843054,0.8711916600282007,0.8154815485352396,0.1000914442482382,0.8961397058823529,0.9411764705882352,0.9852941176470588,0.9231617647058824,0.0785930089960466,0.8455882352941176,0.8888888888888888,0.9411764705882352,0.8875816993464053,0.0903049451920993,0.8521671826625387,0.8888888888888888,0.9392156862745096,0.8928124232149,0.0799211377454588,0.8883928571428572,0.9393382352941176,0.9852941176470588,0.9275053442429604,0.066842170628265,0.96280276816609,0.9832516339869282,0.99133145905421,0.9671184159938486,0.0367588982750093,154.0,13.0,20.0,155.0,27.35330894298386,0.0691975299268955,0.9035087719298246,0.9221556886227545,0.8857142857142857,0.051470588235294046
61,a_resnet50_mlp,A,ResNet50; full features; MLP,ResNet50,full,,mlp,189.25,10,0.8634453781512604,0.9117647058823528,0.913655462184874,0.9036134453781512,0.0435014095786405,0.8760683760683761,0.9166023166023168,0.9230769230769232,0.9090071490071492,0.0430147723052839,0.8760683760683761,0.9166023166023168,0.9230769230769232,0.9090071490071492,0.0430147723052839,0.8673986486486487,0.896551724137931,0.9090909090909092,0.8964660091884784,0.0462695759829099,0.8629922536172536,0.9098143236074272,0.9134257634257634,0.9027365790978138,0.0438943540962282,0.8651960784313726,0.90625,0.9129901960784316,0.902471405228758,0.0427223974449037,0.7464250946787023,0.8272352833322618,0.8345229603962802,0.815056428902772,0.0823616829831673,0.8152573529411764,0.8529411764705882,0.9237132352941176,0.85625,0.0752544782426841,0.9411764705882352,0.9722222222222222,1.0,0.9486928104575164,0.0721927239252499,0.934375,0.96875,1.0,0.9483333333333333,0.0676490124753413,0.8458646616541353,0.873015873015873,0.9236842105263156,0.8771223513328776,0.0556931454944018,0.9173304738562092,0.9467993079584772,0.979193699538639,0.9446943483275664,0.0438759883759392,143.0,24.0,9.0,166.0,65.58322669897461,0.08290412690257609,0.9035087719298246,0.8562874251497006,0.9485714285714286,0.0502100840336136
62,a_efficientnetb0_logistic,A,EfficientNetB0; full features; logistic regression,EfficientNetB0,full,,logistic,188.6,10,0.8922268907563025,0.9117647058823528,0.9338235294117646,0.9063865546218488,0.0433680030209304,0.8890374331550802,0.9166023166023168,0.939102564102564,0.9080057127115952,0.0452178925480516,0.8890374331550802,0.9166023166023168,0.939102564102564,0.9080057127115952,0.0452178925480516,0.8908045977011494,0.906158357771261,0.9316964285714286,0.9041088752047826,0.0420417197608501,0.8916692671763666,0.9113803371867888,0.9336512445887446,0.9060572939581888,0.0433292916249687,0.8920036764705882,0.9117647058823528,0.9340277777777778,0.9061070261437908,0.0432510671410561,0.7890294955380082,0.8297404358902928,0.8706233399668521,0.8162692172396688,0.0870004279297293,0.838235294117647,0.9375,0.9411764705882352,0.8981617647058824,0.0569833174862751,0.8455882352941176,0.9166666666666666,0.9861111111111112,0.9140522875816994,0.073447465027699,0.8521671826625387,0.9131944444444444,0.9852941176470588,0.914888630890953,0.0706823172691185,0.8616071428571428,0.9375,0.943627450980392,0.9055182072829132,0.0482342744653486,0.9652267156862744,0.9740063917723952,0.978352676855056,0.9678885524798154,0.0263369058635335,150.0,17.0,15.0,160.0,8.15142865193775,0.1131068399990904,0.9064327485380117,0.8982035928143712,0.9142857142857143,0.04159663865546215
63,a_mobilenet_random_forest,A,MobileNet; full features; random forest,MobileNet,full,,random_forest,188.15,10,0.8823529411764706,0.9117647058823528,0.9411764705882352,0.9036974789915966,0.05075859036032,0.8823529411764706,0.9090909090909092,0.9402573529411764,0.9025382808625844,0.0533116192149975,0.8823529411764706,0.9090909090909092,0.9402573529411764,0.9025382808625844,0.0533116192149975,0.8823529411764706,0.9142857142857144,0.9416666666666668,0.9044492162139222,0.0487179680179957,0.8823529411764706,0.9116883116883115,0.9408168859649122,0.9034937485382531,0.0508273394209775,0.8831188725490196,0.9117647058823528,0.9402573529411764,0.904187091503268,0.050200653901884,0.7662377450980392,0.8249579113843054,0.8882454793452145,0.8113705202242609,0.1004736426427022,0.8823529411764706,0.9393382352941176,0.9852941176470588,0.9283088235294118,0.0613541149569067,0.8823529411764706,0.8823529411764706,0.8872549019607843,0.8800653594771243,0.0712829593521409,0.8768382352941176,0.8888888888888888,0.8947368421052632,0.8849114207086343,0.0646374743831125,0.8867647058823529,0.9375,0.984375,0.929485294117647,0.0590591968081697,0.9316128412149174,0.96280276816609,0.9735918877354864,0.9536524413687044,0.031325740884421,155.0,12.0,21.0,154.0,5.394141412980389,0.0977686510886992,0.9035087719298246,0.9281437125748503,0.88,0.05882352941176461
64,a_efficientnetb1_random_forest,A,EfficientNetB1; full features; random forest,EfficientNetB1,full,,random_forest,188.1,10,0.8823529411764706,0.9117647058823528,0.942436974789916,0.9036974789915966,0.0594777544684124,0.8768382352941176,0.9161184210526316,0.9458204334365324,0.9044521229544452,0.0597803916839322,0.8768382352941176,0.9161184210526316,0.9458204334365324,0.9044521229544452,0.0597803916839322,0.8705882352941177,0.911111111111111,0.9444444444444444,0.9023054070112894,0.0597379946111656,0.8810124269005848,0.9113519091847264,0.9423508986928104,0.9033787649828672,0.0594804310752657,0.8794424019607843,0.9099264705882352,0.943627450980392,0.9033292483660132,0.0595993208883074,0.7654498571093065,0.8287327542758811,0.8909868832195984,0.8104168657237686,0.1200307619498915,0.8363970588235294,0.9117647058823528,0.9852941176470588,0.9099264705882352,0.0765171191390393,0.838235294117647,0.8856209150326797,0.9444444444444444,0.8967320261437909,0.0754423166311776,0.8521671826625387,0.8947368421052632,0.9380252100840336,0.898498697724704,0.0722602799658411,0.8580882352941176,0.9166666666666666,0.9861111111111112,0.915718954248366,0.0708068459823303,0.9338235294117648,0.974144559784698,0.9904513888888888,0.9634948096885813,0.0326082805995155,152.0,15.0,18.0,157.0,17.053201472037472,0.1015019529149862,0.9035087719298246,0.9101796407185628,0.8971428571428571,0.06008403361344539
65,a_mobilenet_resnet101_random_forest,A,MobileNet+ResNet101; full features; random forest,MobileNet+ResNet101,full,,random_forest,187.5,10,0.8642857142857142,0.9117647058823528,0.9411764705882352,0.9066386554621848,0.0508763212694148,0.865079365079365,0.9186813186813187,0.9402573529411764,0.9095404187315952,0.048732414606809,0.865079365079365,0.9186813186813187,0.9402573529411764,0.9095404187315952,0.048732414606809,0.8634453781512604,0.90282131661442,0.943627450980392,0.9031138134459636,0.0535847580415518,0.8642623716153127,0.9107513176478694,0.941125408496732,0.9063271160887794,0.0509650349022961,0.8647875816993464,0.9090073529411764,0.943627450980392,0.9066380718954248,0.0512647078455144,0.7295751633986929,0.8297404358902928,0.8887974958263263,0.8168129811768953,0.1022561006301464,0.838235294117647,0.8823529411764706,0.9852941176470588,0.8988970588235293,0.0846076514323141,0.8823529411764706,0.8888888888888888,0.943627450980392,0.9143790849673205,0.0550038822944542,0.8768382352941176,0.8918128654970761,0.9402573529411764,0.911965514275886,0.0560883710199702,0.8634453781512604,0.8888888888888888,0.9861111111111112,0.9084525038085408,0.0747710864508213,0.9233798298731256,0.9458861976163015,0.9952332035755478,0.9524726066897348,0.0418369149176393,150.0,17.0,15.0,160.0,9.80333604698535,0.1116078330087471,0.9064327485380117,0.8982035928143712,0.9142857142857143,0.07689075630252096
66,a_xception_resnet50_random_forest,A,Xception+ResNet50; full features; random forest,Xception+ResNet50,full,,random_forest,186.75,10,0.8611344537815125,0.9117647058823528,0.9411764705882352,0.903781512605042,0.0643249119191284,0.8725961538461539,0.9116883116883118,0.943627450980392,0.9050750393397452,0.0633072729964977,0.8725961538461539,0.9116883116883118,0.943627450980392,0.9050750393397452,0.0633072729964977,0.8486842105263158,0.9116883116883118,0.9402573529411764,0.9015285233875764,0.0670901968770077,0.8584850097724417,0.9116883116883115,0.941125408496732,0.9033017813636608,0.0646773806226492,0.8576388888888888,0.9117647058823528,0.943627450980392,0.9040032679738562,0.064791067306995,0.7333236275426092,0.8249579113843054,0.8887974958263263,0.8128450897766285,0.1276573507250869,0.8823529411764706,0.9117647058823528,0.9852941176470588,0.9044117647058822,0.091247600338168,0.838235294117647,0.915032679738562,0.9861111111111112,0.90359477124183,0.088003002549434,0.8315972222222222,0.905982905982906,0.984375,0.9049852194589036,0.0816465562677795,0.8784722222222222,0.9161184210526316,0.9861111111111112,0.9127871762740184,0.0786319203917974,0.9294982698961938,0.9627306805074972,0.9800587514417533,0.9568230968858132,0.0301321761026713,151.0,16.0,17.0,158.0,15.120991377858445,0.1251148929586629,0.9035087719298246,0.9041916167664671,0.9028571428571428,0.08004201680672263
67,a_resnet101_mobilenetv2_random_forest,A,ResNet101+MobileNetV2; full features; random forest,ResNet101+MobileNetV2,full,,random_forest,186.4,10,0.8823529411764706,0.8840336134453781,0.9338235294117646,0.9036974789915966,0.0432720075073055,0.8823529411764706,0.8944444444444444,0.9331550802139036,0.9061005008063832,0.0422029888858465,0.8823529411764706,0.8944444444444444,0.9331550802139036,0.9061005008063832,0.0422029888858465,0.8616071428571428,0.8856209150326797,0.9344537815126048,0.9003868517103809,0.0459475276675082,0.8794146825396825,0.8839869281045751,0.9338044308632544,0.9032436762583822,0.0435274420365173,0.8768382352941176,0.8848039215686274,0.9338235294117646,0.903513071895425,0.0441520112809304,0.7660427970364109,0.7802014043616081,0.8680041837284292,0.811088422358423,0.0854064963737891,0.838235294117647,0.9117647058823528,0.9411764705882352,0.898529411764706,0.0815701592993415,0.8823529411764706,0.9117647058823528,0.943627450980392,0.9084967320261438,0.0542041625473844,0.8768382352941176,0.911111111111111,0.9411764705882352,0.9078543171654626,0.0521076170522456,0.8521671826625387,0.9099264705882352,0.9402573529411764,0.9074502767614224,0.0658839322315491,0.945069204152249,0.9630821078431372,0.9904664071510958,0.9587328191080352,0.0385574888360075,150.0,17.0,16.0,159.0,7.869574369222391,0.11109926400240461,0.9035087719298246,0.8982035928143712,0.9085714285714286,0.051470588235294046
68,a_inceptionresnetv2_logistic,A,InceptionResNetV2; full features; logistic regression,InceptionResNetV2,full,,logistic,184.7,10,0.8823529411764706,0.8987394957983192,0.9344537815126048,0.906470588235294,0.0359789719422301,0.8854489164086687,0.9094594594594596,0.9380630630630632,0.9122462887478366,0.033588703669332,0.8854489164086687,0.9094594594594596,0.9380630630630632,0.9122462887478366,0.033588703669332,0.8768382352941176,0.8927893738140417,0.9303977272727272,0.8992572102154645,0.0402751320845091,0.8823529411764706,0.8979703918689488,0.9342303951678952,0.9057517494816504,0.0364537944023319,0.8827614379084967,0.8985906862745098,0.9340788398692812,0.9057598039215684,0.0364587242828248,0.772028893832932,0.8064310535404292,0.8706233399668521,0.8191090892898719,0.0693970322654386,0.8235294117647058,0.8823529411764706,0.9237132352941176,0.8625,0.0698249858061545,0.9419934640522876,0.9444444444444444,1.0,0.9490196078431372,0.0561229515881036,0.9297619047619048,0.9375,1.0,0.9452591036414566,0.0567763019294022,0.85,0.8885448916408669,0.9268092105263158,0.8816397332457704,0.051690218883793,0.9496347558631296,0.9653558727412536,0.9817708333333331,0.96014753940792,0.0328038394137505,144.0,23.0,9.0,166.0,13.866038657957688,0.1670036189607339,0.9064327485380117,0.8622754491017964,0.9485714285714286,0.05210084033613427
69,a_mobilenet_resnet50_mlp,A,MobileNet+ResNet50; full features; MLP,MobileNet+ResNet50,full,,mlp,183.35,10,0.9117647058823528,0.9130252100840336,0.9344537815126048,0.9005042016806722,0.0608703517892709,0.9154440154440155,0.918918918918919,0.939102564102564,0.912110352110352,0.0464508462372438,0.9154440154440155,0.918918918918919,0.939102564102564,0.912110352110352,0.0464508462372438,0.8982202447163514,0.9090909090909092,0.9303977272727272,0.8833285689097703,0.0852432585457588,0.9101288333768868,0.9128466128466128,0.9342303951678952,0.8977194605100612,0.0656548168065976,0.9076286764705882,0.9125816993464052,0.9342320261437908,0.8988357843137255,0.0625647896879109,0.8260965973582836,0.8320178078382492,0.8755574941124977,0.8159675080615895,0.1009527572193726,0.8152573529411764,0.8823529411764706,0.8823529411764706,0.8202205882352942,0.1391937853872318,0.9444444444444444,1.0,1.0,0.9774509803921568,0.0291259411273163,0.9384191176470588,1.0,1.0,0.9753676470588236,0.0318179360638512,0.8517857142857143,0.8918128654970761,0.8947368421052632,0.86049791144528,0.0881077905536742,0.9705882352941176,0.981515522875817,0.9930735774702036,0.9745770857362552,0.0265337517929268,137.0,30.0,4.0,171.0,1879.1396316700266,0.1138691819505762,0.9005847953216374,0.8203592814371258,0.9771428571428571,0.02268907563025202
70,a_resnet152v2_logistic,A,ResNet152V2; full features; logistic regression,ResNet152V2,full,,logistic,183.25,10,0.8831932773109243,0.9117647058823528,0.913655462184874,0.903529411764706,0.0366931810587013,0.8888888888888888,0.9166023166023168,0.922037422037422,0.9102243031654798,0.0324577954169981,0.8888888888888888,0.9166023166023168,0.922037422037422,0.9102243031654798,0.0324577954169981,0.8768382352941176,0.8998887652947719,0.9090909090909092,0.8952481614548944,0.0427546424615422,0.8828635620915033,0.9104433431463466,0.9134257634257634,0.9027362323101872,0.03732690314107,0.8831699346405228,0.9079861111111112,0.9129901960784316,0.902450980392157,0.0368682224986844,0.7703506133314548,0.8243519655123199,0.8332703841172646,0.8122816592112201,0.0694656256180238,0.8152573529411764,0.8786764705882353,0.8823529411764706,0.8558823529411764,0.0701811176411176,0.9411764705882352,0.94281045751634,0.9861111111111112,0.9490196078431372,0.0411701301155196,0.9333333333333332,0.9375,0.9852941176470588,0.943186274509804,0.0465501052489523,0.8458646616541353,0.8888888888888888,0.8947368421052632,0.8766953033206903,0.0508600690900243,0.9594867358708188,0.9704861111111112,0.9826839436755094,0.9668901384083044,0.0280657334085004,143.0,24.0,9.0,166.0,14.211917244945653,0.14470546785742,0.9035087719298246,0.8562874251497006,0.9485714285714286,0.030462184873949694
71,a_inceptionv3_logistic,A,InceptionV3; full features; logistic regression,InceptionV3,full,,logistic,182.2,10,0.8857142857142857,0.926470588235294,0.9411764705882352,0.9036134453781512,0.0569985683120006,0.8839869281045751,0.9277310924369748,0.943627450980392,0.90902011315324,0.0502745696299527,0.8839869281045751,0.9277310924369748,0.943627450980392,0.90902011315324,0.0502745696299527,0.8839869281045751,0.9212121212121211,0.9402573529411764,0.8964855419196025,0.0669103040497134,0.8856209150326797,0.926019594440647,0.941125408496732,0.9027528275364214,0.0581708278444757,0.8860294117647058,0.9253472222222222,0.941125408496732,0.9035130718954248,0.056703293238365,0.7726947117796636,0.853451177914375,0.8823529411764706,0.8139302813691953,0.1059708820039776,0.8768382352941176,0.9375,0.9411764705882352,0.8808823529411764,0.113940276382339,0.8888888888888888,0.9411764705882352,0.943627450980392,0.9261437908496732,0.0529461073400581,0.8823529411764706,0.9393382352941176,0.943627450980392,0.9228251388274608,0.0551503652605923,0.8916666666666666,0.9393382352941176,0.9411764705882352,0.8983493179880648,0.0862446714132385,0.9437295751633986,0.9684436274509804,0.9861471549404076,0.9628712514417532,0.0301014229306071,147.0,20.0,13.0,162.0,13.019619002123363,0.1625168389873574,0.9035087719298246,0.8802395209580839,0.9257142857142857,0.055462184873949494
72,a_resnet101_mobilenetv2_mlp,A,ResNet101+MobileNetV2; full features; MLP,ResNet101+MobileNetV2,full,,mlp,180.6,10,0.8539915966386554,0.9117647058823528,0.9411764705882352,0.8979831932773109,0.0530266232030949,0.8717948717948718,0.9116883116883118,0.943627450980392,0.903637155328332,0.0491508642163603,0.8717948717948718,0.9116883116883118,0.943627450980392,0.903637155328332,0.0491508642163603,0.8395585738539898,0.9116883116883118,0.9375,0.8888613582098002,0.0650715236759096,0.8510809731610621,0.9116883116883115,0.9409722222222222,0.896249256769066,0.0552966166925896,0.8533496732026145,0.9117647058823528,0.9409722222222222,0.8968954248366015,0.0545845494550947,0.7272457690298529,0.8249579113843054,0.8819444444444444,0.8062448921201499,0.0940310145131295,0.7941176470588235,0.9375,0.9411764705882352,0.8676470588235293,0.1244340320621961,0.9411764705882352,0.94281045751634,0.9444444444444444,0.9261437908496732,0.0789471061133471,0.9308035714285714,0.9375,0.943627450980392,0.927748599439776,0.0668329515938424,0.8293650793650793,0.9330357142857144,0.943627450980392,0.8917276759188525,0.0844538842132048,0.898356401384083,0.9733756247597076,0.9965277777777778,0.947156141868512,0.058199294162628,145.0,22.0,13.0,162.0,62.58787838497665,0.1245783410849976,0.8976608187134503,0.8682634730538922,0.9257142857142857,0.08718487394957974
73,a_efficientnetb5_random_forest,A,EfficientNetB5; full features; random forest,EfficientNetB5,full,,random_forest,180.4,10,0.8831932773109243,0.8987394957983192,0.9338235294117646,0.8977310924369748,0.0395723080385259,0.8768382352941176,0.8957219251336899,0.9366515837104072,0.8965847899090933,0.0446853546703277,0.8768382352941176,0.8957219251336899,0.9366515837104072,0.8965847899090933,0.0446853546703277,0.8888888888888888,0.89272030651341,0.9285714285714284,0.8979990099488072,0.0350243486371846,0.8828635620915033,0.8977176193200535,0.9331852358168148,0.8972918999289501,0.0395388831850446,0.883578431372549,0.8967524509803921,0.9310661764705882,0.8970996732026144,0.0388335537094128,0.771803495045759,0.8010056341534406,0.8700890734324034,0.7994041026519965,0.0785672734832243,0.8823529411764706,0.9393382352941176,0.9411764705882352,0.9095588235294118,0.0445647281404586,0.8259803921568627,0.857843137254902,0.943627450980392,0.8846405228758168,0.0819972781193281,0.8421052631578947,0.8654970760233918,0.9402573529411764,0.8916688166494667,0.0739722432541903,0.88125,0.9354166666666666,0.9375,0.9130263772175538,0.0347637299079864,0.9415849673202614,0.9497428873510187,0.9679209919261822,0.9480524317570164,0.0275301307190419,152.0,15.0,20.0,155.0,38.56831298599718,0.1374726270441894,0.8976608187134503,0.9101796407185628,0.8857142857142857,0.05063025210084027
74,a_resnet101_densenet169_random_forest,A,ResNet101+DenseNet169; full features; random forest,ResNet101+DenseNet169,full,,random_forest,180.35,10,0.8634453781512604,0.8970588235294117,0.9338235294117646,0.9009243697478992,0.049109082008079,0.856951871657754,0.9015873015873016,0.9366515837104072,0.9021209509444804,0.050037534139195,0.856951871657754,0.9015873015873016,0.9366515837104072,0.9021209509444804,0.050037534139195,0.8673986486486487,0.8894523326572008,0.9331550802139036,0.8990834719891515,0.0489860831653676,0.8629922536172536,0.8960836323919489,0.9338044308632544,0.900602211466816,0.049155210685422,0.8651960784313726,0.8943014705882353,0.9341809640522876,0.9008986928104576,0.0491040523256376,0.7357576192254061,0.7975057262355627,0.8703954459814229,0.8052289044028427,0.097657028374439,0.838235294117647,0.9099264705882352,0.9411764705882352,0.9044117647058824,0.0703777157615746,0.8455882352941176,0.915032679738562,0.9411764705882352,0.8973856209150327,0.0688466947822533,0.8455882352941176,0.9078431372549018,0.9411764705882352,0.8981699346405229,0.064428224060951,0.8616071428571428,0.9078431372549018,0.9411764705882352,0.910562066932036,0.0614237923229629,0.9286332179930796,0.9680861928104576,0.9891718329488656,0.9577404123414068,0.0400791332813079,151.0,16.0,18.0,157.0,11.222815378045198,0.1122514499002132,0.9005847953216374,0.9041916167664671,0.8971428571428571,0.07037815126050417
75,a_efficientnetb3_random_forest,A,EfficientNetB3; full features; random forest,EfficientNetB3,full,,random_forest,179.3,10,0.8831932773109243,0.9117647058823528,0.9117647058823528,0.9005042016806722,0.0316717425937894,0.8854489164086687,0.906158357771261,0.9090909090909092,0.9003713781252978,0.0313030408210052,0.8854489164086687,0.906158357771261,0.9090909090909092,0.9003713781252978,0.0313030408210052,0.8722222222222222,0.9142857142857144,0.9177606177606178,0.8991727133537479,0.0366025015157164,0.8819315445476437,0.9113803371867888,0.9116883116883115,0.8997720457395231,0.0324518021490111,0.8806678921568627,0.9117647058823528,0.9154411764705884,0.9008986928104576,0.0323073887720623,0.7700246752644458,0.8249579113843054,0.8374458690710621,0.8098457432188051,0.0581180371680263,0.9384191176470588,0.9411764705882352,0.9852941176470588,0.9220588235294118,0.0934881162174885,0.8333333333333334,0.8823529411764706,0.9305555555555556,0.8797385620915034,0.0696282117208204,0.844078947368421,0.8888888888888888,0.9201127819548872,0.8872796574770259,0.0578145703577869,0.9308035714285714,0.9375,0.9861111111111112,0.9308243145743148,0.0716529820967872,0.9583693771626296,0.9616013071895424,0.9787521626297576,0.9582089821222606,0.0284971097300197,154.0,13.0,21.0,154.0,23.085769343015272,0.1095577299711289,0.9005847953216374,0.9221556886227545,0.88,0.02857142857142847
76,a_vgg16_vgg19_logistic,A,VGG16+VGG19; full features; logistic regression,VGG16+VGG19,full,,logistic,179.25,10,0.8634453781512604,0.9117647058823528,0.9338235294117646,0.9008403361344538,0.0454783277145151,0.8723328591749645,0.9160839160839164,0.939102564102564,0.9091221162273794,0.0399847236853245,0.8723328591749645,0.9160839160839164,0.939102564102564,0.9091221162273794,0.0399847236853245,0.853030303030303,0.896551724137931,0.9285714285714284,0.889900171667413,0.0540649370064681,0.8626815811026338,0.9098143236074272,0.9331852358168148,0.8995111439473963,0.0465318253679832,0.8627450980392156,0.90625,0.9310661764705882,0.8991830065359478,0.0450786421388121,0.7327674032095175,0.8297404358902928,0.8741897156977768,0.8120623905385829,0.0842537996439349,0.8125,0.8235294117647058,0.8805147058823529,0.8382352941176471,0.0964796295380616,0.9019607843137254,1.0,1.0,0.9601307189542484,0.0538483471075367,0.9027777777777776,1.0,1.0,0.9583333333333334,0.0570779074348979,0.8421052631578947,0.8571428571428571,0.8986842105263158,0.8679387327013185,0.0711779700431364,0.9462226066897348,0.9618596212995002,0.992196510957324,0.9667820069204152,0.0243906164749212,140.0,27.0,7.0,168.0,13.836758809979074,0.15679917705710938,0.9005847953216374,0.8383233532934131,0.96,0.07037815126050417
77,a_efficientnetb4_logistic,A,EfficientNetB4; full features; logistic regression,EfficientNetB4,full,,logistic,179.05,10,0.8611344537815125,0.9117647058823528,0.913655462184874,0.8976470588235295,0.0541331292988576,0.865079365079365,0.9116883116883118,0.918918918918919,0.901147737339688,0.0532139897472471,0.865079365079365,0.9116883116883118,0.918918918918919,0.901147737339688,0.0532139897472471,0.856951871657754,0.9032258064516128,0.9142857142857144,0.8935223576234013,0.0553671763062584,0.8610156183685596,0.911072362685266,0.9136363636363636,0.8973350474815446,0.0541253154758382,0.861111111111111,0.9107434640522876,0.9142156862745096,0.8970792483660132,0.0538817056896989,0.7231405434062506,0.8243519655123199,0.8350113597698376,0.7974082052615434,0.1093530872615326,0.8235294117647058,0.875,0.926470588235294,0.879779411764706,0.0633010469060972,0.8823529411764706,0.8888888888888888,0.9861111111111112,0.9143790849673205,0.0675521807008697,0.8768382352941176,0.8888888888888888,0.9833333333333332,0.9104493464052288,0.0704797495254774,0.8375,0.8918128654970761,0.928125,0.8902498280013761,0.0572896059655244,0.9385392637447136,0.9611928104575164,0.9822303921568628,0.9605560361399462,0.0267582889575048,147.0,20.0,15.0,160.0,16.63916055386653,0.2159033571369941,0.8976608187134503,0.8802395209580839,0.9142857142857143,0.05252100840336149
78,a_efficientnetb5_logistic,A,EfficientNetB5; full features; logistic regression,EfficientNetB5,full,,logistic,178.7,10,0.8602941176470588,0.8987394957983192,0.9338235294117646,0.9005042016806722,0.0420955378148046,0.865079365079365,0.9045112781954888,0.9380630630630632,0.9048576395944816,0.0408793078660601,0.865079365079365,0.9045112781954888,0.9380630630630632,0.9048576395944816,0.0408793078660601,0.853030303030303,0.8927893738140417,0.9303977272727272,0.8955164309125407,0.0437612311373455,0.8597858282068809,0.8983466388589729,0.9336512445887446,0.9001870352535114,0.0421745114005441,0.8593239379084967,0.897671568627451,0.9336703431372548,0.8998774509803923,0.04221734618719,0.7222505312345113,0.797493924852847,0.8676978111794097,0.8019322287087232,0.0838971864400193,0.8235294117647058,0.8786764705882353,0.9237132352941176,0.8742647058823529,0.052304174246408,0.8839869281045751,0.94281045751634,0.9444444444444444,0.9254901960784314,0.0396609914460082,0.8768382352941176,0.930952380952381,0.9375,0.9185434173669468,0.0410734772227372,0.8375,0.8888888888888888,0.9320175438596492,0.8855847953216374,0.0470884420961004,0.95584630911188,0.9645328719723184,0.979626225490196,0.9684892829680892,0.018396764866983,146.0,21.0,13.0,162.0,22.723827812063973,0.3062116199871521,0.9005847953216374,0.874251497005988,0.9257142857142857,0.07352941176470584
79,a_vgg16_vgg19_linear_svm,A,VGG16+VGG19; full features; linear SVM,VGG16+VGG19,full,,linear_svm,178.65,10,0.8642857142857142,0.9117647058823528,0.9338235294117646,0.8978151260504201,0.0499750033633693,0.8708708708708709,0.906158357771261,0.9412955465587044,0.9047418069064928,0.0437163305542367,0.8708708708708709,0.906158357771261,0.9412955465587044,0.9047418069064928,0.0437163305542367,0.856951871657754,0.9054187192118228,0.9297297297297296,0.8882672069081806,0.0599107273018119,0.8639113712643125,0.9104433431463466,0.9331852358168148,0.8965045069073367,0.0511346841766843,0.8635620915032679,0.9090073529411764,0.9310661764705882,0.8964256535947713,0.0492197079751041,0.7288789126084966,0.8297404358902928,0.8747239822322256,0.805708800575865,0.0921252099765101,0.8152573529411764,0.875,0.926470588235294,0.8503676470588235,0.1082608055061606,0.8888888888888888,0.9705882352941176,1.0,0.9424836601307188,0.0667107946283386,0.8839869281045751,0.9615384615384616,1.0,0.9419318753142284,0.0636916165600247,0.8458646616541353,0.8944444444444444,0.928125,0.8771116650321457,0.0805564699807249,0.9479166666666666,0.9602076124567474,0.9852941176470588,0.9621323529411764,0.0291546662393679,142.0,25.0,10.0,165.0,8.115951425919775,1.2729008620372038,0.8976608187134503,0.8502994011976048,0.9428571428571428,0.0695378151260504
80,a_mobilenet_rbf_svm,A,MobileNet; full features; RBF SVM,MobileNet,full,,rbf_svm,178.45,10,0.8823529411764706,0.9117647058823528,0.9344537815126048,0.8978991596638656,0.0451671443677028,0.8784722222222222,0.9142857142857144,0.9328547297297296,0.8983975830299361,0.0472484750321018,0.8784722222222222,0.9142857142857144,0.9328547297297296,0.8983975830299361,0.0472484750321018,0.8784722222222222,0.906158357771261,0.9344537815126048,0.8966809192568206,0.0447374477998378,0.8819444444444444,0.9113803371867888,0.9343005952380952,0.8975392511433782,0.045436661529594,0.8823529411764706,0.9114583333333331,0.9346405228758168,0.8984681372549019,0.0449969498091186,0.77005354108682,0.8243519655123199,0.869281045751634,0.8006369669815655,0.0876494682690948,0.8768382352941176,0.9393382352941176,0.9411764705882352,0.9106617647058822,0.0748663184497279,0.8839869281045751,0.8888888888888888,0.9411764705882352,0.8862745098039216,0.0693721055157607,0.8839869281045751,0.8918128654970761,0.932142857142857,0.8883387390043735,0.0575538723991769,0.8736842105263158,0.9372549019607842,0.9411764705882352,0.9160371517027862,0.0650780099830565,0.961907679738562,0.972318339100346,0.9826989619377162,0.9664203671664744,0.0275903092481705,152.0,15.0,20.0,155.0,8.683128070959356,4.869769952900242,0.8976608187134503,0.9101796407185628,0.8857142857142857,0.05210084033613427
81,a_resnet152_mlp,A,ResNet152; full features; MLP,ResNet152,full,,mlp,177.7,10,0.8823529411764706,0.8857142857142857,0.9117647058823528,0.8977310924369748,0.037063915163517,0.8823529411764706,0.8888888888888888,0.9076246334310852,0.898922953951417,0.0356231786766529,0.8823529411764706,0.8888888888888888,0.9076246334310852,0.898922953951417,0.0356231786766529,0.875,0.8888888888888888,0.9177606177606178,0.8954629881093925,0.0411204728892457,0.8819444444444444,0.8856209150326797,0.9115343244375502,0.8971929710304047,0.0374895385174117,0.882046568627451,0.8872549019607843,0.9117647058823528,0.898141339869281,0.0370217715821087,0.7654300519383717,0.7770533569225758,0.833734497746633,0.8026632991346988,0.0712899123895714,0.8768382352941176,0.9393382352941176,0.9411764705882352,0.904779411764706,0.0886504733784267,0.8333333333333334,0.8856209150326797,0.9281045751633986,0.8915032679738563,0.0684075045129662,0.844078947368421,0.8819444444444444,0.9222222222222222,0.8953654970760235,0.0627307155584817,0.8784722222222222,0.9375,0.9449013157894736,0.9138589845826688,0.0705851788251227,0.9394073193002692,0.963031045751634,0.9775086505190312,0.9542976259131104,0.0422044139105088,151.0,16.0,19.0,156.0,70.00571534899063,0.0845358799560921,0.8976608187134503,0.9041916167664671,0.8914285714285715,0.02941176470588225
82,a_efficientnetb4_linear_svm,A,EfficientNetB4; full features; linear SVM,EfficientNetB4,full,,linear_svm,177.3,10,0.8823529411764706,0.8987394957983192,0.9344537815126048,0.8976470588235295,0.0592207476854998,0.8839869281045751,0.9019138755980862,0.936904761904762,0.901550838361984,0.0565162610415438,0.8839869281045751,0.9019138755980862,0.936904761904762,0.901550838361984,0.0565162610415438,0.8705882352941177,0.8983193277310925,0.9285714285714284,0.8928500271076173,0.0630901170871513,0.8811145510835914,0.8986546133604956,0.9338345864661654,0.8972004327348007,0.0595010458241873,0.8794424019607843,0.8986928104575163,0.9318831699346404,0.8967116013071896,0.059557152566931,0.7654498571093065,0.7980998707248325,0.8730753154679878,0.79680423438995,0.1197390663023247,0.8363970588235294,0.8823529411764706,0.926470588235294,0.8790441176470589,0.0719280275527942,0.8823529411764706,0.8888888888888888,0.9861111111111112,0.9143790849673205,0.0675521807008697,0.8823529411764706,0.8888888888888888,0.9821428571428572,0.9094584500466856,0.0719870401710512,0.8580882352941176,0.8918128654970761,0.928125,0.890765823873409,0.0608051946757937,0.9368031526336024,0.9678308823529412,0.9804882737408688,0.9594398788927336,0.0289704597248927,147.0,20.0,15.0,160.0,45.56054855004186,7.319745296961628,0.8976608187134503,0.8802395209580839,0.9142857142857143,0.05210084033613427
83,a_densenet169_rbf_svm,A,DenseNet169; full features; RBF SVM,DenseNet169,full,,rbf_svm,176.8,10,0.8539915966386554,0.8823529411764706,0.9485294117647058,0.8979831932773109,0.059839433430752,0.8717948717948718,0.8856209150326797,0.9507936507936507,0.9038598197421728,0.0564787899561966,0.8717948717948718,0.8856209150326797,0.9507936507936507,0.9038598197421728,0.0564787899561966,0.8349753694581281,0.875,0.9463946869070208,0.8905636529057978,0.0652257703421373,0.851553618794998,0.8819444444444444,0.9483563259654342,0.8972117363239851,0.0604022106488707,0.8541666666666667,0.8821486928104575,0.9471507352941176,0.8972426470588235,0.0600752936618675,0.721401942351352,0.764297385620915,0.8993293555139411,0.8008244100569056,0.1169110616540874,0.8235294117647058,0.8786764705882353,0.9237132352941176,0.8621323529411764,0.0893726062879992,0.8839869281045751,0.94281045751634,1.0,0.9323529411764706,0.0687406128609822,0.8768382352941176,0.9282051282051282,1.0,0.9270625942684768,0.0711402600493677,0.8355263157894737,0.8823529411764706,0.9305555555555556,0.8803097315481218,0.0693372086635491,0.9223856209150328,0.9410923683198772,0.9878472222222222,0.950004805843906,0.0374231764082251,144.0,23.0,12.0,163.0,15.057294603961054,7.066858766076621,0.8976608187134503,0.8622754491017964,0.9314285714285714,0.09453781512605042
84,a_efficientnetb0_mobilenet_random_forest,A,EfficientNetB0+MobileNet; full features; random forest,EfficientNetB0+MobileNet,full,,random_forest,176.3,10,0.8823529411764706,0.8987394957983192,0.9117647058823528,0.8978151260504201,0.0339391318014412,0.8768382352941176,0.9016129032258065,0.912987012987013,0.8988588575637912,0.0339181439640295,0.8768382352941176,0.9016129032258065,0.912987012987013,0.8988588575637912,0.0339181439640295,0.865079365079365,0.8960573476702508,0.912987012987013,0.8955766658992464,0.0363490182107647,0.8794146825396825,0.8983466388589729,0.9115343244375502,0.8972177617315188,0.0341163626550849,0.8768382352941176,0.8995098039215685,0.9128370098039216,0.8979370915032681,0.034575876233586,0.771803495045759,0.8041536815924728,0.8366600265340755,0.8032044228124299,0.0686884795111247,0.838235294117647,0.9393382352941176,0.9411764705882352,0.9040441176470588,0.0822166019528793,0.8333333333333334,0.857843137254902,0.9722222222222222,0.8918300653594772,0.0780286501644517,0.8421052631578947,0.8625,0.9705882352941176,0.8967002063983488,0.0728982383672841,0.8580882352941176,0.9354166666666666,0.943627450980392,0.9140322341057636,0.065123142796124,0.9448784722222222,0.9604959630911188,0.9817858515955402,0.9591683487120338,0.0304692577671077,151.0,16.0,19.0,156.0,13.023413824033923,0.102460255962796,0.8976608187134503,0.9041916167664671,0.8914285714285715,0.02941176470588225
85,a_efficientnetb1_efficientnetb5_mlp,A,EfficientNetB1+EfficientNetB5; full features; MLP,EfficientNetB1+EfficientNetB5,full,,mlp,176.1,10,0.8634453781512604,0.8840336134453781,0.9338235294117646,0.8948739495798319,0.0459169349433657,0.8616071428571428,0.8888888888888888,0.9356060606060606,0.8916307080016758,0.0523403720612831,0.8616071428571428,0.8888888888888888,0.9356060606060606,0.8916307080016758,0.0523403720612831,0.8725961538461539,0.8856209150326797,0.9316964285714286,0.8969341099217261,0.0420127517033908,0.8619253170664462,0.8837826797385621,0.9336512445887446,0.8942824089617009,0.0465075876563474,0.866421568627451,0.8872549019607843,0.9336703431372548,0.895874183006536,0.045368359717653,0.7527994323453892,0.7800262339059875,0.8676978111794097,0.7981666980641194,0.0854521059755307,0.8961397058823529,0.9393382352941176,0.9852941176470588,0.9286764705882352,0.066655852640804,0.803921568627451,0.8856209150326797,0.9411764705882352,0.8630718954248365,0.0934974370448368,0.8187500000000001,0.8856209150326797,0.9364583333333332,0.8733651642475172,0.0708153250557251,0.8974358974358975,0.9409722222222222,0.9861111111111112,0.9313793297345928,0.061429716031422,0.9110678585159554,0.9514940167243368,0.9862132352941176,0.9466196895424837,0.044530333654654,155.0,12.0,24.0,151.0,172.0923045060481,0.3977494540740732,0.8947368421052632,0.9281437125748503,0.8628571428571429,0.07037815126050417
86,a_resnet50_rbf_svm,A,ResNet50; full features; RBF SVM,ResNet50,full,,rbf_svm,175.6,10,0.8529411764705882,0.8840336134453781,0.913655462184874,0.8947058823529412,0.0558288673648947,0.8648648648648649,0.8918128654970761,0.9177606177606178,0.8998075245443667,0.052849548075219,0.8648648648648649,0.8918128654970761,0.9177606177606178,0.8998075245443667,0.052849548075219,0.8433179723502304,0.8745098039215686,0.911520737327189,0.8885021911990603,0.0600213424802674,0.8520439165600456,0.8831613347093223,0.9134823763856024,0.8941548578717133,0.05613536630598,0.8529411764705882,0.882046568627451,0.913705065359477,0.8941789215686275,0.0559025990923021,0.7171371656006361,0.7694618057218809,0.8284855245179268,0.7928508910066105,0.1093473827606266,0.7766544117647058,0.8786764705882353,0.926470588235294,0.86875,0.0917408541672529,0.8888888888888888,0.9411764705882352,0.943627450980392,0.9196078431372549,0.0489881283574908,0.8839869281045751,0.9285714285714286,0.932142857142857,0.9134733893557424,0.0467980390952073,0.8125,0.8819444444444444,0.929566563467492,0.8839275885792913,0.0778920205187792,0.9429065743944636,0.9549452133794694,0.9675245098039216,0.9541810841983852,0.0313801220213504,145.0,22.0,14.0,161.0,18.94210981699871,8.749836535949726,0.8947368421052632,0.8682634730538922,0.92,0.06071428571428583
87,a_resnet101v2_random_forest,A,ResNet101V2; full features; random forest,ResNet101V2,full,,random_forest,175.5,10,0.8823529411764706,0.9117647058823528,0.9338235294117646,0.8952941176470588,0.0569505744958683,0.8839869281045751,0.9166023166023168,0.9366515837104072,0.8957062474709533,0.0623435290800927,0.8839869281045751,0.9166023166023168,0.9366515837104072,0.8957062474709533,0.0623435290800927,0.8768382352941176,0.8998887652947719,0.9331550802139036,0.8939892913351987,0.0525337643192675,0.882046568627451,0.9104433431463466,0.9338044308632544,0.8948477694030761,0.0571164003021799,0.882046568627451,0.9090073529411764,0.9338235294117646,0.8953227124183007,0.0562109290604649,0.7640931372549019,0.8297404358902928,0.8709297125158718,0.7953432563162728,0.1111563015652458,0.8768382352941176,0.8823529411764706,0.926470588235294,0.8922794117647059,0.0559460099250005,0.8839869281045751,0.9411764705882352,0.943627450980392,0.8983660130718955,0.1003769931131459,0.8768382352941176,0.9393382352941176,0.9411764705882352,0.9018382352941176,0.0896879669777805,0.8666666666666667,0.8856209150326797,0.9281045751633986,0.8982959850606911,0.0477019170038054,0.945501730103806,0.9731833910034602,0.9874447327950788,0.9629799836601308,0.0303145920823639,149.0,18.0,18.0,157.0,7.2813230229658075,0.1019662240287285,0.8947368421052632,0.8922155688622755,0.8971428571428571,0.051470588235294046
88,a_densenet169_mlp,A,DenseNet169; full features; MLP,DenseNet169,full,,mlp,175.0,10,0.8539915966386554,0.8970588235294117,0.9338235294117646,0.8979831932773109,0.059839433430752,0.8608058608058607,0.9015873015873016,0.9328547297297296,0.899598923422453,0.0608535682546866,0.8608058608058607,0.9015873015873016,0.9328547297297296,0.899598923422453,0.0608535682546866,0.8392857142857143,0.8891129032258064,0.9356060606060606,0.8952853860390011,0.0608259190446721,0.851553618794998,0.8965084035648552,0.9336512445887446,0.8974421547307271,0.0601934880469093,0.8541666666666667,0.8960375816993464,0.9341809640522876,0.8987745098039216,0.0587322244619166,0.721401942351352,0.7968997803635773,0.8726319653250552,0.8035704144143272,0.1141020552461081,0.8768382352941176,0.9099264705882352,0.9402573529411764,0.898529411764706,0.0877266110440549,0.8455882352941176,0.915032679738562,0.9861111111111112,0.8990196078431373,0.097230384185934,0.8455882352941176,0.9140350877192982,0.9833333333333332,0.901656346749226,0.0892527110196849,0.8768382352941176,0.9116541353383458,0.943627450980392,0.908111466277101,0.0701929445873986,0.9510825163398692,0.9648212226066896,0.987847222222222,0.962776336024606,0.0351640436449383,150.0,17.0,18.0,157.0,54.10886451910483,0.0876038100104774,0.8976608187134503,0.8982035928143712,0.8971428571428571,0.07983193277310918
89,a_mobilenetv2_random_forest,A,MobileNetV2; full features; random forest,MobileNetV2,full,,random_forest,174.25,10,0.8823529411764706,0.8823529411764706,0.9338235294117646,0.8950420168067227,0.0382441684328037,0.8823529411764706,0.8856209150326797,0.9344537815126048,0.8943405695611577,0.0415277589001325,0.8823529411764706,0.8856209150326797,0.9344537815126048,0.8943405695611577,0.0415277589001325,0.8768382352941176,0.8823529411764706,0.9331550802139036,0.8953927264685777,0.0360627099304263,0.882046568627451,0.8823529411764706,0.9338044308632544,0.8948666480148677,0.0385018181466924,0.8823529411764706,0.8838848039215687,0.9341809640522876,0.8962009803921568,0.0379841926055052,0.7647058823529411,0.7704434372100767,0.8680041837284292,0.7941339636875513,0.0732343405780264,0.8823529411764706,0.9375,0.9411764705882352,0.9169117647058824,0.0492397019758732,0.8455882352941176,0.8856209150326797,0.9281045751633986,0.8754901960784313,0.0670346331869305,0.8455882352941176,0.8823529411764706,0.9222222222222222,0.8780205415499533,0.0564584853899074,0.8823529411764706,0.9330357142857144,0.9411764705882352,0.917876492702344,0.0452148554950373,0.9454056132256824,0.9618956651287968,0.9883082828719724,0.9603091359092656,0.0333399653508421,153.0,14.0,22.0,153.0,5.251060581882484,0.09756908100098341,0.8947368421052632,0.9161676646706587,0.8742857142857143,0.051470588235294046
90,a_xception_mlp,A,Xception; full features; MLP,Xception,full,,mlp,173.95,10,0.8529411764705882,0.8970588235294117,0.9411764705882352,0.8947899159663866,0.0535077063760104,0.8484848484848485,0.9068278805120912,0.9444444444444444,0.8982214412554971,0.0536586110768252,0.8484848484848485,0.9068278805120912,0.9444444444444444,0.8982214412554971,0.0536586110768252,0.8571428571428571,0.8849462365591397,0.9364583333333332,0.8900949896087468,0.0553506419912653,0.8528138528138528,0.8958870585356156,0.9408168859649122,0.8941582154321219,0.0538313534873638,0.8529411764705882,0.8960375816993464,0.9401041666666666,0.894342320261438,0.0528666295422333,0.7071067811865476,0.8052709060548888,0.8847017973856208,0.7950590670707919,0.1037187188892684,0.875,0.8823529411764706,0.9237132352941176,0.8746323529411765,0.0848770298608567,0.8529411764705882,0.94281045751634,0.9444444444444444,0.9140522875816994,0.0774424767584788,0.8557692307692308,0.9354166666666666,0.943627450980392,0.9135671522320128,0.0714803741797593,0.875,0.8848684210526316,0.9333333333333332,0.8880054302422724,0.0680448029739801,0.9461805555555556,0.9636678200692042,0.9830473856209152,0.948382833525567,0.0600690827538661,146.0,21.0,15.0,160.0,124.99157596903387,0.15239233191823529,0.8947368421052632,0.874251497005988,0.9142857142857143,0.08823529411764697
91,a_resnet50v2_mlp,A,ResNet50V2; full features; MLP,ResNet50V2,full,,mlp,173.95,10,0.8634453781512604,0.8970588235294117,0.963235294117647,0.8921008403361345,0.082597628070977,0.8673986486486487,0.905982905982906,0.9638655462184872,0.8919866675013732,0.0882559301909153,0.8673986486486487,0.905982905982906,0.9638655462184872,0.8919866675013732,0.0882559301909153,0.8551136363636364,0.89272030651341,0.961100569259962,0.891279336253327,0.0779621331940369,0.8629922536172536,0.8958793840259358,0.9630622083183752,0.8916330018773502,0.0828187212166259,0.8627450980392156,0.8943014705882353,0.9626736111111112,0.8917483660130718,0.0824206201689908,0.7285818403638618,0.8022882507415501,0.9290381924644584,0.7883259104598725,0.1651004510406117,0.8235294117647058,0.9099264705882352,0.9411764705882352,0.8867647058823529,0.0765279134053758,0.8398692810457515,0.915032679738562,1.0,0.8967320261437909,0.1186033913715124,0.850328947368421,0.911111111111111,1.0,0.9013011695906432,0.1074841597978863,0.8458646616541353,0.9041666666666666,0.9444444444444444,0.8919277360066834,0.0771700825939342,0.9082669526143792,0.9593425605536332,0.9765895328719724,0.9473237456747404,0.0459580613387923,148.0,19.0,18.0,157.0,34.55764751910465,0.0819663210422727,0.8918128654970761,0.8862275449101796,0.8971428571428571,0.09978991596638653
92,a_densenet169_linear_svm,A,DenseNet169; full features; linear SVM,DenseNet169,full,,linear_svm,173.55,10,0.8529411764705882,0.884453781512605,0.9411764705882352,0.8950420168067227,0.0673673253074383,0.8571428571428571,0.8918918918918919,0.9449013157894736,0.8998408722828227,0.0634066593792281,0.8571428571428571,0.8918918918918919,0.9449013157894736,0.8998408722828227,0.0634066593792281,0.8411534701857283,0.8801843317972349,0.9416666666666668,0.8886991959961925,0.0740547953759278,0.8520439165600456,0.8841076099140616,0.9408168859649122,0.8942700341395076,0.0681384191051523,0.8532475490196079,0.8848039215686274,0.9402573529411764,0.8944240196078432,0.0678197840802935,0.7092516545173617,0.7768985960673558,0.8882454793452145,0.7949645229922038,0.1340758156611941,0.8363970588235294,0.8786764705882353,0.926470588235294,0.8731617647058822,0.0975670308034828,0.8455882352941176,0.915032679738562,1.0,0.915686274509804,0.0839953342746596,0.8365384615384616,0.9116541353383458,1.0,0.9115798546139104,0.0849253051597949,0.85625,0.8823529411764706,0.9333333333333332,0.8896055088702148,0.0772535409748145,0.9429065743944636,0.9566693098808152,0.9869971885813148,0.9633145905420992,0.0260908857975056,146.0,21.0,15.0,160.0,13.68582332303049,2.1469489961164068,0.8947368421052632,0.874251497005988,0.9142857142857143,0.08823529411764697
93,a_mobilenetv2_rbf_svm,A,MobileNetV2; full features; RBF SVM,MobileNetV2,full,,rbf_svm,172.35,10,0.8634453781512604,0.9117647058823528,0.9338235294117646,0.8979831932773109,0.04926819720497,0.856951871657754,0.9166023166023168,0.935612082670906,0.900340952105658,0.0486094787527927,0.856951871657754,0.9166023166023168,0.935612082670906,0.900340952105658,0.0486094787527927,0.8692368839427663,0.9032258064516128,0.9331550802139036,0.8950839650673614,0.0507284169807127,0.8630943778002602,0.911072362685266,0.9338044308632544,0.8977124585865098,0.0493873421657468,0.8651960784313726,0.9107434640522876,0.9341809640522876,0.8983047385620916,0.0493386015801903,0.7357576192254061,0.8243519655123199,0.8709297125158718,0.7992139472662596,0.0975843289184749,0.8363970588235294,0.9099264705882352,0.9411764705882352,0.8930147058823529,0.0722197499428978,0.8823529411764706,0.915032679738562,0.943627450980392,0.90359477124183,0.0644130828249248,0.8705882352941177,0.9078431372549018,0.9411764705882352,0.9011764705882352,0.061251281000099,0.8580882352941176,0.9140350877192982,0.9411764705882352,0.9006759545923633,0.0629750193841424,0.9428104575163396,0.96875,0.9939446366782008,0.9636461937716264,0.0338146764929543,149.0,18.0,17.0,158.0,11.138842070882674,5.877323398075532,0.8976608187134503,0.8922155688622755,0.9028571428571428,0.07037815126050417
94,a_resnet152_random_forest,A,ResNet152; full features; random forest,ResNet152,full,,random_forest,172.0,10,0.8634453781512604,0.8840336134453781,0.9117647058823528,0.8919327731092437,0.0434998764209811,0.8692368839427663,0.8856209150326797,0.920879120879121,0.896217147981854,0.0420751005747699,0.8692368839427663,0.8856209150326797,0.920879120879121,0.896217147981854,0.0420751005747699,0.8616071428571428,0.8856209150326797,0.9059561128526646,0.8867433967553382,0.0458384134575627,0.863343253968254,0.8839869281045751,0.9112198146680904,0.891480272368596,0.0436044462867934,0.8639705882352942,0.8848039215686274,0.9114583333333331,0.8917279411764707,0.0432243089475866,0.7290293447887124,0.7735534490046979,0.8321316981432865,0.7880454343814872,0.085742752159365,0.8152573529411764,0.8823529411764706,0.9375,0.86875,0.0723983680258778,0.8823529411764706,0.915032679738562,0.943627450980392,0.9147058823529411,0.0604049900382152,0.8705882352941177,0.9054621848739496,0.9364583333333332,0.9106215907415598,0.0593817211145407,0.8458646616541353,0.8823529411764706,0.9402573529411764,0.8820993046341343,0.0595123322125292,0.9328022875816994,0.961937716262976,0.9722988153594768,0.9544916618608228,0.0295572878711929,145.0,22.0,15.0,160.0,7.979933569964487,0.1019387538544828,0.8918128654970761,0.8682634730538922,0.9142857142857143,0.048319327731092376
95,a_resnet101v2_adaboost,A,ResNet101V2; full features; AdaBoost,ResNet101V2,full,,adaboost,171.75,10,0.8602941176470588,0.8970588235294117,0.9338235294117646,0.8920168067226891,0.0574813531165362,0.8692368839427663,0.8983193277310925,0.9380630630630632,0.8960937452268724,0.0561375859667135,0.8692368839427663,0.8983193277310925,0.9380630630630632,0.8960937452268724,0.0561375859667135,0.856951871657754,0.8927893738140417,0.9303977272727272,0.8873619975849577,0.0591642507560131,0.8601986249045073,0.8967126519308684,0.9336512445887446,0.8917278714059149,0.0575286652629767,0.8602941176470588,0.8975694444444444,0.9336703431372548,0.8919117647058824,0.0572203173499585,0.7290293447887124,0.797289676486834,0.8676978111794097,0.7866857028334332,0.1148598175144904,0.8363970588235294,0.8823529411764706,0.9237132352941176,0.8691176470588233,0.0658169245023037,0.8823529411764706,0.9411764705882352,0.9444444444444444,0.9147058823529411,0.0708555215491336,0.8768382352941176,0.930952380952381,0.9375,0.9092296918767508,0.0727044450114354,0.8455882352941176,0.8918128654970761,0.928125,0.8803478672170622,0.0590104476723502,0.9411764705882352,0.9583994136870436,0.9701286764705882,0.952392108804306,0.0298113576636232,145.0,22.0,15.0,160.0,224.10433965793345,0.5209013990825038,0.8918128654970761,0.8682634730538922,0.9142857142857143,0.07352941176470584
96,a_vgg16_linear_svm,A,VGG16; full features; linear SVM,VGG16,full,,linear_svm,171.2,10,0.8634453781512604,0.8840336134453781,0.9338235294117646,0.8948739495798319,0.0459169349433657,0.8744343891402715,0.8885448916408669,0.939102564102564,0.9022794482546804,0.0416195397599776,0.8744343891402715,0.8885448916408669,0.939102564102564,0.9022794482546804,0.0416195397599776,0.853030303030303,0.8856209150326797,0.9241379310344828,0.8852793181013263,0.0526074167055187,0.8626815811026338,0.8839869281045751,0.9327167387965936,0.8937793831780032,0.0465794148554104,0.8617749183006536,0.8848039215686274,0.9296875,0.8936274509803923,0.0455029218345047,0.7450881799952327,0.7723675691504892,0.8741897156977768,0.7981765478670398,0.0875038754667937,0.8125,0.8492647058823529,0.8823529411764706,0.8441176470588235,0.093237175503172,0.9019607843137254,0.94281045751634,1.0,0.9431372549019608,0.0592896884580789,0.8925339366515838,0.9365079365079364,1.0,0.939555100042716,0.0595971097328,0.844078947368421,0.8697478991596639,0.8986842105263158,0.8698469938214519,0.0711887232330945,0.95040369088812,0.9636137543252596,0.9870061995386388,0.9630923202614378,0.0302029831812957,141.0,26.0,10.0,165.0,2.940716191020328,0.3889280650182621,0.8947368421052632,0.844311377245509,0.9428571428571428,0.07037815126050417
97,a_xception_resnet50_mlp,A,Xception+ResNet50; full features; MLP,Xception+ResNet50,full,,mlp,170.8,10,0.8539915966386554,0.8823529411764706,0.905252100840336,0.8889915966386555,0.0407049162517651,0.8506493506493507,0.8786764705882353,0.9093984962406017,0.8866871251057757,0.0461035027536676,0.8506493506493507,0.8786764705882353,0.9093984962406017,0.8866871251057757,0.0461035027536676,0.8653153153153154,0.8803418803418803,0.904040404040404,0.8898853098853099,0.0378695582256968,0.8537791037791038,0.8813230994152047,0.9051714625244036,0.8882862174955427,0.0410123908200044,0.8545751633986929,0.8823529411764706,0.9067095588235294,0.8893178104575163,0.0404506255786895,0.72921838510617,0.7735534490046979,0.8154173816555899,0.7867952317342136,0.0781783809723096,0.8768382352941176,0.9393382352941176,0.9411764705882352,0.9106617647058824,0.0748663184497279,0.8235294117647058,0.857843137254902,0.9305555555555556,0.8679738562091502,0.094817558111025,0.8355263157894737,0.8585526315789473,0.926470588235294,0.87888005441411,0.0785407127684822,0.88125,0.9333333333333332,0.9402573529411764,0.9163200280112044,0.0631716588150355,0.946078431372549,0.966647443291042,0.9896013552479817,0.959857987312572,0.037243691929541,152.0,15.0,23.0,152.0,740.253043517936,0.2230576869333159,0.8888888888888888,0.9101796407185628,0.8685714285714285,0.0512605042016806
98,a_efficientnetb7_random_forest,A,EfficientNetB7; full features; random forest,EfficientNetB7,full,,random_forest,170.45,10,0.8634453781512604,0.8987394957983192,0.9117647058823528,0.8919327731092437,0.0496884344428703,0.8692368839427663,0.8960573476702508,0.918918918918919,0.8939804631265732,0.0491116970884114,0.8692368839427663,0.8960573476702508,0.918918918918919,0.8939804631265732,0.0491116970884114,0.8634453781512604,0.8927893738140417,0.9149956408020924,0.8892501313753686,0.0507632424470066,0.8630943778002602,0.8983466388589729,0.911072362685266,0.8916152972509709,0.0496443594177551,0.8627450980392156,0.897671568627451,0.9112540849673202,0.8912377450980392,0.0492647783308171,0.727244925680392,0.797493924852847,0.8334315248106402,0.7855994385364043,0.0999138635346217,0.875,0.8823529411764706,0.9237132352941176,0.8863970588235295,0.064625293323134,0.838235294117647,0.8888888888888888,0.943627450980392,0.8960784313725491,0.0610954779828535,0.85625,0.8823529411764706,0.9333333333333332,0.8943382352941176,0.0571991646900594,0.8768382352941176,0.8918128654970761,0.929566563467492,0.8944143446852426,0.0605829302017029,0.9304354094579008,0.9352652825836216,0.9796006944444444,0.9395196559015764,0.0441525036507192,148.0,19.0,18.0,157.0,51.355197716038674,0.1875689689768472,0.8918128654970761,0.8862275449101796,0.8971428571428571,0.048319327731092376
99,a_mobilenet_resnet50_adaboost,A,MobileNet+ResNet50; full features; AdaBoost,MobileNet+ResNet50,full,,adaboost,170.15,10,0.8420168067226891,0.9117647058823528,0.9411764705882352,0.8918487394957983,0.0646859319044404,0.8398692810457515,0.9209979209979212,0.943627450980392,0.8987231704878764,0.0595039285279523,0.8398692810457515,0.9209979209979212,0.943627450980392,0.8987231704878764,0.0595039285279523,0.84375,0.8998887652947719,0.9402573529411764,0.8830475012838586,0.072792064934669,0.8418096405228758,0.9104433431463466,0.941125408496732,0.8908853358858675,0.0656366820083987,0.8431372549019607,0.9079861111111112,0.941125408496732,0.891217320261438,0.0642705275366628,0.6892373665956301,0.8291344900183073,0.882250816993464,0.7896420264688186,0.1232790283690701,0.8152573529411764,0.8786764705882353,0.9402573529411764,0.8507352941176471,0.1045221730531194,0.9411764705882352,0.94281045751634,0.9444444444444444,0.9316993464052288,0.0634329355225832,0.9208333333333332,0.9354166666666666,0.9411764705882352,0.9249802815863186,0.0624587952660364,0.8458646616541353,0.8848684210526316,0.943627450980392,0.872076749360031,0.0802775014944516,0.9333910034602078,0.9618055555555556,0.9809388216070742,0.947923875432526,0.0435993493570362,142.0,25.0,12.0,163.0,438.92278342001373,0.8361563200596716,0.8918128654970761,0.8502994011976048,0.9314285714285714,0.09915966386554609
100,a_resnet101_densenet121_random_forest,A,ResNet101+DenseNet121; full features; random forest,ResNet101+DenseNet121,full,,random_forest,169.4,10,0.8346638655462185,0.9117647058823528,0.9344537815126048,0.8919327731092437,0.054990781636691,0.8458646616541353,0.914004914004914,0.9366515837104072,0.8953217691182088,0.0545856482346462,0.8458646616541353,0.914004914004914,0.9366515837104072,0.8953217691182088,0.0545856482346462,0.8437001594896332,0.90282131661442,0.9316964285714286,0.8871391899442502,0.0579903183671992,0.8336804368876737,0.9107513176478694,0.9342303951678952,0.8912304795312295,0.0554770490435148,0.8370098039215685,0.9090073529411764,0.9340788398692812,0.8919117647058824,0.05468550971295,0.6843782257567905,0.8272352833322618,0.8700890734324034,0.790387877524697,0.1057405633039378,0.8152573529411764,0.9099264705882352,0.9411764705882352,0.875,0.0943070245469166,0.8823529411764706,0.915032679738562,0.9444444444444444,0.9088235294117648,0.0799515293567458,0.8784722222222222,0.905982905982906,0.9375,0.907942612942613,0.0697356220553942,0.8392857142857143,0.9116541353383458,0.9427083333333331,0.8891551796157058,0.0764433950048507,0.9104671280276816,0.9566332660515188,0.983404820261438,0.9452019655901576,0.0454011660015814,146.0,21.0,16.0,159.0,12.087234633858316,0.1104932551388623,0.8918128654970761,0.874251497005988,0.9085714285714286,0.09978991596638631
101,a_xception_linear_svm,A,Xception; full features; linear SVM,Xception,full,,linear_svm,169.2,10,0.8529411764705882,0.8970588235294117,0.942436974789916,0.8915126050420168,0.0623869958168822,0.8506493506493507,0.9064856711915534,0.9458204334365324,0.8986679646223171,0.0558164980450974,0.8506493506493507,0.9064856711915534,0.9458204334365324,0.8986679646223171,0.0558164980450974,0.8328108672936259,0.8952380952380952,0.9402573529411764,0.8802894542351944,0.0782750398352239,0.850471367712747,0.8965823650034176,0.9421197755417956,0.8894787094287558,0.06531794881873,0.8529411764705882,0.8952205882352942,0.9411764705882352,0.8900122549019608,0.0646219544259222,0.7071067811865476,0.8104509435262335,0.8902025833754907,0.7931732245828799,0.1165603852979024,0.8235294117647058,0.8786764705882353,0.926470588235294,0.8496323529411764,0.1336902527102944,0.8839869281045751,0.94281045751634,1.0,0.9303921568627452,0.0719292519615478,0.8799342105263158,0.9411764705882352,1.0,0.9308952528379774,0.0705460709367395,0.8259803921568627,0.8875,0.9308823529411764,0.8765766488413547,0.0917269561446277,0.9368031526336024,0.9615532487504804,0.9826749327181852,0.9590602172241448,0.0294111109897641,142.0,25.0,12.0,163.0,37.467199789127335,6.099988330097403,0.8918128654970761,0.8502994011976048,0.9314285714285714,0.08949579831932775
102,a_inceptionresnetv2_mlp,A,InceptionResNetV2; full features; MLP,InceptionResNetV2,full,,mlp,168.75,10,0.8823529411764706,0.8987394957983192,0.9117647058823528,0.8946218487394958,0.0373384207360893,0.8823529411764706,0.9045112781954888,0.918918918918919,0.9017341235260136,0.0317015000349178,0.8823529411764706,0.9045112781954888,0.918918918918919,0.9017341235260136,0.0317015000349178,0.8768382352941176,0.8927893738140417,0.9076246334310852,0.8852416160338361,0.0469286857490319,0.8823529411764706,0.8979703918689488,0.9115343244375502,0.8934878697799249,0.0386436871357097,0.8823529411764706,0.8968545751633987,0.9128370098039216,0.8934640522875817,0.0385848896134278,0.7647058823529411,0.7996807974860314,0.833734497746633,0.7957629910123898,0.0683076495772805,0.8235294117647058,0.8786764705882353,0.9237132352941176,0.85,0.0916384826128118,0.9019607843137254,0.94281045751634,0.9444444444444444,0.9369281045751632,0.0427218061303555,0.8925339366515838,0.9333333333333332,0.9411764705882352,0.9319155354449472,0.0433256558443846,0.85,0.8823529411764706,0.929566563467492,0.8730753567636056,0.0637865357531084,0.9411764705882352,0.9411764705882352,0.9730902777777778,0.9508398212226066,0.0290574230965569,142.0,25.0,11.0,164.0,148.12336799304467,0.0825740469153964,0.8947368421052632,0.8502994011976048,0.9371428571428572,0.02941176470588225
103,a_vgg19_random_forest,A,VGG19; full features; random forest,VGG19,full,,random_forest,168.7,10,0.8539915966386554,0.8987394957983192,0.9117647058823528,0.8889915966386555,0.0430014414096878,0.8717948717948718,0.9019138755980862,0.912987012987013,0.8960884208252631,0.0382927729772617,0.8717948717948718,0.9019138755980862,0.912987012987013,0.8960884208252631,0.0382927729772617,0.8328108672936259,0.8891129032258064,0.912987012987013,0.8799787341875774,0.0500047202164619,0.851436618677998,0.8979703918689488,0.9116883116883115,0.8880335775064202,0.0436661863387991,0.8537581699346406,0.8968545751633987,0.9117647058823528,0.8882761437908497,0.0426963230041289,0.7385489458759965,0.7996807974860314,0.8249579113843054,0.7854345787989496,0.0814967685558208,0.8152573529411764,0.8492647058823529,0.9237132352941176,0.8448529411764705,0.0882148669165126,0.8839869281045751,0.94281045751634,0.9861111111111112,0.9316993464052288,0.0584887187543011,0.8888888888888888,0.9333333333333332,0.984375,0.9269444444444443,0.0622687766757694,0.8355263157894737,0.8694444444444445,0.9268092105263158,0.8676887293992559,0.0645154435164856,0.9320934256055364,0.9497278690888118,0.9757965686274512,0.9499537437524028,0.0380929002557877,141.0,26.0,12.0,163.0,2.978018338035326,0.0955849318415853,0.8888888888888888,0.844311377245509,0.9314285714285714,0.057773109243697385
104,a_efficientnetb2_mlp,A,EfficientNetB2; full features; MLP,EfficientNetB2,full,,mlp,168.1,10,0.8529411764705882,0.884453781512605,0.913655462184874,0.8918487394957983,0.0603328442829532,0.8517857142857143,0.8831168831168832,0.9164619164619164,0.8944829283064578,0.0577310871900483,0.8517857142857143,0.8831168831168832,0.9164619164619164,0.8944829283064578,0.0577310871900483,0.8506493506493507,0.8831168831168832,0.9142857142857144,0.8879373567608863,0.0659373923905903,0.8528138528138528,0.8844155844155843,0.9134257634257634,0.891210142533672,0.0610654103166875,0.8550347222222223,0.8848039215686274,0.9129901960784316,0.8925857843137255,0.0600837803995764,0.7092516545173617,0.7719952269758581,0.82837396930624,0.790268601623219,0.1149914246174798,0.8768382352941176,0.9099264705882352,0.9411764705882352,0.8930147058823529,0.1029477413873048,0.8333333333333334,0.8823529411764706,0.9444444444444444,0.8921568627450981,0.0771961556275667,0.8259803921568627,0.8888888888888888,0.9402573529411764,0.8926320089439285,0.0753965848363541,0.8823529411764706,0.9140350877192982,0.9375,0.9030435904338852,0.0790276201810834,0.9419934640522876,0.9595347943098808,0.9774545847750866,0.9539888504421375,0.037286793429985,149.0,18.0,19.0,156.0,112.54473259398947,0.09166463493602289,0.8918128654970761,0.8922155688622755,0.8914285714285715,0.06071428571428583
105,a_resnet50v2_random_forest,A,ResNet50V2; full features; random forest,ResNet50V2,full,,random_forest,167.75,10,0.8634453781512604,0.8823529411764706,0.913655462184874,0.8918487394957983,0.0437029551980493,0.8744343891402715,0.8918128654970761,0.9142857142857144,0.8941471235163186,0.0452974665220616,0.8744343891402715,0.8918128654970761,0.9142857142857144,0.8941471235163186,0.0452974665220616,0.8653153153153154,0.8786764705882353,0.912987012987013,0.8882109207743081,0.0451853006831649,0.8626815811026338,0.8821486928104575,0.9136363636363636,0.8911790221453135,0.0441968117899126,0.8642258986928105,0.8821486928104575,0.9142156862745096,0.8917075163398694,0.0436442856854567,0.7448839316292196,0.7661938318656718,0.8287884974539195,0.7892294219102063,0.0832224912259661,0.8768382352941176,0.8823529411764706,0.9402573529411764,0.886029411764706,0.0814743634244836,0.8839869281045751,0.915032679738562,0.943627450980392,0.8973856209150327,0.0753321335482346,0.8768382352941176,0.9087301587301588,0.9375,0.8983731387291758,0.0657043972432434,0.8705882352941177,0.8888888888888888,0.9392156862745096,0.89684789067142,0.0624057992630262,0.9173394848135332,0.9618055555555556,0.9744809688581316,0.9519031141868513,0.0350629377531711,148.0,19.0,18.0,157.0,7.314822820131667,0.1021333929384122,0.8918128654970761,0.8862275449101796,0.8971428571428571,0.0502100840336136
106,a_efficientnetb2_random_forest,A,EfficientNetB2; full features; random forest,EfficientNetB2,full,,random_forest,167.65,10,0.8539915966386554,0.8840336134453781,0.9338235294117646,0.8919327731092437,0.0388300365200116,0.8648648648648649,0.8777777777777778,0.9328547297297296,0.892968485100838,0.0377930414055968,0.8648648648648649,0.8777777777777778,0.9328547297297296,0.892968485100838,0.0377930414055968,0.8506493506493507,0.8885448916408669,0.9316888045540797,0.8899935206886171,0.0416538662613634,0.8537791037791038,0.8831613347093223,0.9334972573379832,0.8914810028947275,0.0390161948733593,0.8546772875816994,0.8839869281045751,0.933312908496732,0.8920751633986927,0.0391555002928574,0.7153527464923157,0.7790188112674012,0.8677012107924366,0.7887657456975742,0.0776126776319463,0.875,0.8823529411764706,0.9852941176470588,0.9044117647058824,0.0799485609328435,0.8455882352941176,0.8888888888888888,0.9281045751633986,0.8797385620915034,0.0582518822546326,0.84375,0.8856209150326797,0.9201127819548872,0.8810446459285469,0.0466614253615402,0.8768382352941176,0.8918128654970761,0.9852941176470588,0.9124260405916752,0.0703884568681623,0.9399509803921569,0.9532000913110344,0.98046875,0.9589544886582082,0.0240080814075278,151.0,16.0,21.0,154.0,18.33182508102618,0.10364809603197439,0.8918128654970761,0.9041916167664671,0.88,0.07983193277310918
107,a_efficientnetb0_mobilenet_rbf_svm,A,EfficientNetB0+MobileNet; full features; RBF SVM,EfficientNetB0+MobileNet,full,,rbf_svm,166.85,10,0.8602941176470588,0.8987394957983192,0.9117647058823528,0.8920168067226891,0.0407507672851377,0.865079365079365,0.8989813242784379,0.9177606177606178,0.8929785607324806,0.0436291441719699,0.865079365079365,0.8989813242784379,0.9177606177606178,0.8929785607324806,0.0436291441719699,0.8653153153153154,0.8927893738140417,0.9076246334310852,0.8899861065136208,0.0395411621398526,0.8597858282068809,0.8983466388589729,0.911072362685266,0.8914823336230506,0.0408387819147449,0.8593239379084967,0.897671568627451,0.9117647058823528,0.8917075163398692,0.0405936512237648,0.7297733195450777,0.797493924852847,0.833734497746633,0.7890299225671034,0.0812364486667825,0.8363970588235294,0.8823529411764706,0.9402573529411764,0.8919117647058824,0.0621312652184635,0.838235294117647,0.8888888888888888,0.9444444444444444,0.8915032679738563,0.0835846382337249,0.85625,0.8823529411764706,0.932142857142857,0.8941084328468228,0.0726821358601625,0.85625,0.8918128654970761,0.9380252100840336,0.9006151407931593,0.0523916394796918,0.951268742791234,0.9740484429065744,0.9843930219146484,0.967385140330642,0.0210486935177042,149.0,18.0,19.0,156.0,22.015079435834195,9.963977182924282,0.8918128654970761,0.8922155688622755,0.8914285714285715,0.051470588235294046
108,a_resnet50v2_linear_svm,A,ResNet50V2; full features; linear SVM,ResNet50V2,full,,linear_svm,166.2,10,0.8602941176470588,0.8840336134453781,0.9117647058823528,0.8920168067226891,0.051203455113551,0.8775303643724697,0.9,0.9142857142857144,0.8996367431971148,0.0493843932934816,0.8775303643724697,0.9,0.9142857142857144,0.8996367431971148,0.0493843932934816,0.8349753694581281,0.8660714285714286,0.9090909090909092,0.8819551468074337,0.0553709590412347,0.856910761652141,0.8817199248120301,0.9116883116883115,0.8907959450022742,0.0516436035527333,0.8584558823529412,0.8794934640522876,0.9117647058823528,0.8901756535947711,0.0513286479374762,0.7478156032399295,0.7833494518006403,0.8249579113843054,0.7919931151443446,0.1000486164076972,0.7683823529411764,0.8235294117647058,0.8823529411764706,0.8319852941176471,0.0800621289531004,0.9411764705882352,0.9722222222222222,1.0,0.9483660130718954,0.068528822165869,0.934375,0.96875,1.0,0.9455392156862744,0.070617051126327,0.8195187165775402,0.8416666666666667,0.8888888888888888,0.8585544297463802,0.0574142924209302,0.913062283737024,0.965343858131488,0.990469410803537,0.9524053248750478,0.0431413463143424,139.0,28.0,9.0,166.0,17.74949777906295,2.7228692880598824,0.8918128654970761,0.8323353293413174,0.9485714285714286,0.051470588235294046
109,a_densenet121_rbf_svm,A,DenseNet121; full features; RBF SVM,DenseNet121,full,,rbf_svm,166.2,10,0.8529411764705882,0.8697478991596639,0.9411764705882352,0.8921008403361345,0.0509237226202515,0.8665973665973666,0.8832658569500675,0.9411764705882352,0.8983235589427541,0.0475998841251195,0.8665973665973666,0.8832658569500675,0.9411764705882352,0.8983235589427541,0.0475998841251195,0.8387096774193549,0.861904761904762,0.9402573529411764,0.8841894408182929,0.0564776697411502,0.8520439165600456,0.8679770144965392,0.941125408496732,0.8912564998805236,0.0514924312544978,0.8529411764705882,0.8665236928104575,0.941125408496732,0.8917483660130718,0.051579351748049,0.718722385054095,0.7531153636271994,0.882250816993464,0.7906810778645961,0.0986487117887093,0.7766544117647058,0.8529411764705882,0.9402573529411764,0.8573529411764707,0.0970198228237984,0.9019607843137254,0.94281045751634,0.9444444444444444,0.9261437908496732,0.0604589883822439,0.8988095238095237,0.9285714285714286,0.9402573529411764,0.921014239028945,0.0592081084930321,0.8154761904761905,0.8625,0.943627450980392,0.8770649775061541,0.0762595706496994,0.935944108035371,0.9584054209919262,0.9900428921568628,0.956061370626682,0.0364612843831224,143.0,24.0,13.0,162.0,7.99832801008597,4.257251982984599,0.8918128654970761,0.8562874251497006,0.9257142857142857,0.08823529411764697
110,a_densenet201_rbf_svm,A,DenseNet201; full features; RBF SVM,DenseNet201,full,,rbf_svm,166.15,10,0.8308823529411764,0.8987394957983192,0.9411764705882352,0.8891596638655462,0.0606873589403529,0.85,0.9039039039039038,0.943627450980392,0.8968597398009163,0.0545073410715775,0.85,0.9039039039039038,0.943627450980392,0.8968597398009163,0.0545073410715775,0.8051948051948051,0.8927893738140417,0.9375,0.8787902404363503,0.0712735767627101,0.8265963203463204,0.8983466388589729,0.9409722222222222,0.8878249901186333,0.0621217432103779,0.8308823529411764,0.8986928104575163,0.9409722222222222,0.8882557189542484,0.0617535626244664,0.6954497514027304,0.8039509282997175,0.8819444444444444,0.7855671254705752,0.1157909474843763,0.7794117647058822,0.8823529411764706,0.9375,0.8444852941176471,0.1101994419363171,0.9019607843137254,0.9444444444444444,0.9861111111111112,0.9320261437908496,0.0647905522043725,0.8909313725490196,0.9375,0.9852941176470588,0.9261029411764706,0.0669861156897658,0.8046052631578947,0.8819444444444444,0.943627450980392,0.8689730084530864,0.0785539962943365,0.9247404844290658,0.9512867647058824,0.9896103662053056,0.9493824490580544,0.0420606738414868,141.0,26.0,12.0,163.0,17.56567050801823,8.481385853956454,0.8888888888888888,0.844311377245509,0.9314285714285714,0.11029411764705876
111,a_resnet152_rbf_svm,A,ResNet152; full features; RBF SVM,ResNet152,full,,rbf_svm,165.2,10,0.8529411764705882,0.8697478991596639,0.9063025210084036,0.8889075630252101,0.0474420834376455,0.8665973665973666,0.8832658569500675,0.9093984962406017,0.8976891671628515,0.0425382897191674,0.8665973665973666,0.8832658569500675,0.9093984962406017,0.8976891671628515,0.0425382897191674,0.8411534701857283,0.8575757575757577,0.9023809523809524,0.8777641342713645,0.054492219040723,0.8520439165600456,0.8686883055304109,0.9058897243107772,0.8877266507171081,0.048145615406695,0.8529411764705882,0.8673406862745098,0.9068627450980392,0.8877450980392156,0.0477900635426846,0.7153527464923157,0.7531153636271994,0.8192479677252039,0.7860591588867593,0.091237108617191,0.7647058823529411,0.8180147058823529,0.9090073529411764,0.8323529411764706,0.0963113672908594,0.9019607843137254,0.94281045751634,0.9861111111111112,0.9431372549019608,0.0462982185939503,0.8974358974358975,0.9285714285714286,0.9861111111111112,0.9363553113553114,0.049773795241411,0.8095238095238095,0.8377192982456141,0.9183823529411764,0.8605758379906986,0.0754711848867085,0.939398308342945,0.9509803921568628,0.9644998317954632,0.9514081122645136,0.0332681033195986,139.0,28.0,10.0,165.0,18.819041063950863,9.304497491044458,0.8888888888888888,0.8323353293413174,0.9428571428571428,0.05336134453781538
112,a_efficientnetb2_adaboost,A,EfficientNetB2; full features; AdaBoost,EfficientNetB2,full,,adaboost,164.9,10,0.8634453781512604,0.8840336134453781,0.9411764705882352,0.8919327731092436,0.0496884344428703,0.8692368839427663,0.8973684210526316,0.9402573529411764,0.897865973558698,0.0437289643753797,0.8692368839427663,0.8973684210526316,0.9402573529411764,0.897865973558698,0.0437289643753797,0.8506493506493507,0.8786764705882353,0.9411764705882352,0.8843857728819777,0.0573822505188299,0.8621489996489997,0.8836106811145511,0.941125408496732,0.8911258732203378,0.0502600024563364,0.860906862745098,0.8831699346405228,0.9411764705882352,0.8915849673202614,0.0507385172584014,0.7290293447887124,0.7794825135661843,0.8869807227730965,0.7901834355468905,0.0981309486251587,0.7794117647058822,0.8529411764705882,0.9852941176470588,0.8691176470588236,0.1118785969418264,0.8839869281045751,0.8888888888888888,0.9411764705882352,0.9140522875816992,0.0404093920121558,0.8839869281045751,0.8918128654970761,0.932142857142857,0.9090091650695366,0.0419775821250608,0.8241626794258373,0.8661764705882353,0.9852941176470588,0.888381649310442,0.09171397271337,0.949499591503268,0.967079969242599,0.9757785467128028,0.9564842848904268,0.0281744226845794,145.0,22.0,15.0,160.0,992.3587430869811,0.5757833329262206,0.8918128654970761,0.8682634730538922,0.9142857142857143,0.07773109243697474
113,a_resnet101v2_mlp,A,ResNet101V2; full features; MLP,ResNet101V2,full,,mlp,164.85,10,0.8529411764705882,0.8823529411764706,0.9338235294117646,0.8889075630252101,0.0612873375928285,0.862369337979094,0.8885448916408669,0.936904761904762,0.8927000690350357,0.065858507683257,0.862369337979094,0.8885448916408669,0.936904761904762,0.8927000690350357,0.065858507683257,0.8275058275058275,0.8745098039215686,0.9303977272727272,0.881692300074653,0.0642862469932171,0.8480273114419455,0.8815273477812178,0.9336512445887446,0.8871961845548443,0.0628729338411367,0.8460477941176471,0.8804125816993464,0.9338235294117646,0.887091503267974,0.0622076877337452,0.7137087034855953,0.7661938318656718,0.8726319653250552,0.7865761674185296,0.1157430538332184,0.8152573529411764,0.8823529411764706,0.8823529411764706,0.85,0.0967718325841737,0.8970588235294117,0.9444444444444444,1.0,0.9241830065359476,0.1077033049567421,0.8925339366515838,0.9330357142857144,1.0,0.9273774020097548,0.0856550114835319,0.8375,0.8856209150326797,0.8986842105263158,0.872131464055007,0.0665810375200693,0.9395905420991926,0.9538158400615148,0.9887423106497502,0.9533640907343328,0.042365574041422,142.0,25.0,13.0,162.0,34.85526215907885,0.08244910201756239,0.8888888888888888,0.8502994011976048,0.9257142857142857,0.0808823529411764
114,a_mobilenet_resnet101_rbf_svm,A,MobileNet+ResNet101; full features; RBF SVM,MobileNet+ResNet101,full,,rbf_svm,164.6,10,0.8571428571428571,0.8823529411764706,0.9044117647058822,0.8890756302521009,0.0403594703738439,0.8717948717948718,0.8819444444444444,0.9114114114114116,0.8962433587433589,0.0371918344092863,0.8717948717948718,0.8819444444444444,0.9114114114114116,0.8962433587433589,0.0371918344092863,0.8484848484848485,0.875,0.8996415770609318,0.8799498741587172,0.0461328317801384,0.8566748566748568,0.8819444444444444,0.9037903831250608,0.888096616451038,0.0409997495735267,0.8562091503267973,0.8821486928104575,0.9044117647058822,0.8880923202614379,0.0407249423340936,0.7207056915611558,0.7669712149878545,0.8200084051722616,0.7852932921531494,0.0790429271072243,0.8235294117647058,0.8235294117647058,0.8805147058823529,0.8386029411764705,0.074472102497279,0.8888888888888888,0.94281045751634,1.0,0.9375816993464052,0.0630388683889775,0.875,0.9282051282051282,1.0,0.9323515519568152,0.063599639153135,0.8421052631578947,0.8460526315789474,0.8932748538011696,0.8622894357104883,0.053980304296533,0.9262783544790464,0.9774726066897348,0.9826839436755094,0.9589040272971934,0.0360142573316986,140.0,27.0,11.0,164.0,29.50533719098894,13.447640022961423,0.8888888888888888,0.8383233532934131,0.9371428571428572,0.04726890756302515
115,a_vgg16_logistic,A,VGG16; full features; logistic regression,VGG16,full,,logistic,164.45,10,0.8539915966386554,0.9117647058823528,0.9117647058823528,0.8921008403361345,0.0489999160127516,0.8517857142857143,0.9166023166023168,0.9230769230769232,0.8975580987500493,0.0488844423768762,0.8517857142857143,0.9166023166023168,0.9230769230769232,0.8975580987500493,0.0488844423768762,0.8571428571428571,0.896551724137931,0.9076246334310852,0.8843515401913622,0.0527682343142705,0.8538961038961039,0.9098143236074272,0.9115343244375502,0.8909548194707057,0.0496362158418867,0.8541666666666666,0.90625,0.9117647058823528,0.8908496732026144,0.0478852152136774,0.7092516545173617,0.8297404358902928,0.8361257599996266,0.7937540640027656,0.0933652624335279,0.8152573529411764,0.8786764705882353,0.8823529411764706,0.85,0.0894490322659667,0.8602941176470589,0.9705882352941176,1.0,0.9316993464052288,0.0872881465476112,0.859375,0.9722222222222222,1.0,0.9338084795321638,0.0837034322474899,0.8571428571428571,0.875,0.8872549019607843,0.8724657979133681,0.0633824713156891,0.9519505718954248,0.9653979238754324,0.9887152777777778,0.9640643021914648,0.0280908473698424,142.0,25.0,12.0,163.0,12.816326222906355,0.1302205101237627,0.8918128654970761,0.8502994011976048,0.9314285714285714,0.057773109243697385
116,a_nasnetmobile_linear_svm,A,NASNetMobile; full features; linear SVM,NASNetMobile,full,,linear_svm,164.05,10,0.838235294117647,0.8970588235294117,0.9350840336134454,0.8885714285714286,0.0588371332808869,0.8482456140350877,0.905982905982906,0.939102564102564,0.8930585513557648,0.0580598233206398,0.8482456140350877,0.905982905982906,0.939102564102564,0.8930585513557648,0.0580598233206398,0.8363970588235294,0.8956442831215972,0.9272629310344828,0.8822621930309824,0.0613808877880035,0.8378224974200206,0.8958793840259358,0.9342792387965936,0.8876603721933737,0.058982290384233,0.838235294117647,0.8943014705882353,0.9324448529411764,0.8874591503267976,0.0584799054234543,0.691826099723467,0.8106593764328616,0.8728464263735798,0.7847522760096457,0.1168986259143107,0.8125,0.8235294117647058,0.926470588235294,0.8566176470588236,0.0978552194984172,0.8529411764705882,0.94281045751634,0.9861111111111112,0.9183006535947712,0.0843224508948306,0.8484162895927602,0.9372549019607842,0.9852941176470588,0.9184316418875242,0.0769757152407702,0.8281733746130031,0.8571428571428571,0.9333333333333332,0.8764047373335299,0.0838580358803035,0.9411764705882352,0.9594566993464052,0.975724480968858,0.9525278738946558,0.0286637780398776,143.0,24.0,14.0,161.0,8.150396347045898,1.208755125990137,0.8888888888888888,0.8562874251497006,0.92,0.09684873949579842
117,a_xception_logistic,A,Xception; full features; logistic regression,Xception,full,,logistic,162.6,10,0.8529411764705882,0.8823529411764706,0.9344537815126048,0.888655462184874,0.0536548022979645,0.8517857142857143,0.8904428904428905,0.935612082670906,0.8948739201835177,0.0488189765798992,0.8517857142857143,0.8904428904428905,0.935612082670906,0.8948739201835177,0.0488189765798992,0.8328108672936259,0.8831168831168832,0.9285714285714284,0.8802279569089915,0.0621586269777069,0.850471367712747,0.8822510822510822,0.9337643863959652,0.8875509385462544,0.0546670651909793,0.8529411764705882,0.8823529411764706,0.9314746732026143,0.887765522875817,0.0547425630793175,0.7071067811865476,0.781753428630151,0.8729371394187613,0.7840890367074229,0.1043901715736729,0.7794117647058822,0.8786764705882353,0.926470588235294,0.85625,0.1109518785254561,0.8823529411764706,0.9166666666666666,0.9444444444444444,0.919281045751634,0.0568758905998144,0.8784722222222222,0.9057017543859648,0.9402573529411764,0.9153968868249054,0.0551166454446043,0.8004385964912281,0.8848684210526316,0.928125,0.8775498405103669,0.0856842130936098,0.955642060745867,0.964628988850442,0.982638888888889,0.9599420895809304,0.0369502479532095,143.0,24.0,14.0,161.0,14.24206498399144,0.2082103770226236,0.8888888888888888,0.8562874251497006,0.92,0.08151260504201663
118,a_vgg16_vgg19_random_forest,A,VGG16+VGG19; full features; random forest,VGG16+VGG19,full,,random_forest,161.7,10,0.8602941176470588,0.9117647058823528,0.913655462184874,0.886218487394958,0.0547877964682012,0.865079365079365,0.9090909090909092,0.920879120879121,0.8898226528373587,0.0537611794169702,0.865079365079365,0.9090909090909092,0.920879120879121,0.8898226528373587,0.0537611794169702,0.8551136363636364,0.9054187192118228,0.9142857142857144,0.880833022341643,0.0592642582479891,0.8600965007215007,0.9107513176478694,0.9136363636363636,0.8853278375895008,0.0554346554338493,0.8612132352941178,0.9090073529411764,0.9142156862745096,0.8859885620915033,0.0541328646019421,0.7228434711616156,0.8249579113843054,0.8334085601664911,0.7801240227414481,0.1048600334457936,0.8235294117647058,0.90625,0.9411764705882352,0.8742647058823529,0.1021032658317181,0.8823529411764706,0.8856209150326797,0.943627450980392,0.8977124183006536,0.08214186619184,0.8888888888888888,0.8918128654970761,0.9364583333333332,0.8992608359133127,0.0784419234260795,0.8458646616541353,0.9099264705882352,0.9402573529411764,0.889385241129251,0.0777401656942217,0.9427443771626296,0.9740484429065744,0.981329296424452,0.9557748221837756,0.0397801856974146,146.0,21.0,18.0,157.0,5.091771621897351,0.0984291819040658,0.8859649122807017,0.874251497005988,0.8971428571428571,0.05336134453781527
119,a_efficientnetb1_efficientnetb5_rbf_svm,A,EfficientNetB1+EfficientNetB5; full features; RBF SVM,EfficientNetB1+EfficientNetB5,full,,rbf_svm,161.25,10,0.8529411764705882,0.8987394957983192,0.913655462184874,0.8888235294117648,0.0412555691424162,0.8506493506493507,0.898989898989899,0.920879120879121,0.8908409237821001,0.0413164640839192,0.8506493506493507,0.898989898989899,0.920879120879121,0.8908409237821001,0.0413164640839192,0.8571428571428571,0.8894523326572008,0.9142857142857144,0.886142312724463,0.0420269748614839,0.8528138528138528,0.8977176193200535,0.9136363636363636,0.8884916182532816,0.0412512777598596,0.8532475490196079,0.8959354575163399,0.9142156862745096,0.8884395424836601,0.0408595213256059,0.7071067811865476,0.7980998707248325,0.8334085601664911,0.7797989556038629,0.0822439435256051,0.8768382352941176,0.8823529411764706,0.9402573529411764,0.8860294117647058,0.0596852728523819,0.8455882352941176,0.8856209150326797,0.9281045751633986,0.8908496732026144,0.0575839702734932,0.8416666666666667,0.8856209150326797,0.9253472222222222,0.8895669934640523,0.0561934739258853,0.875,0.8856209150326797,0.9402573529411764,0.8932155757039657,0.0494974237522781,0.9160238850442136,0.9545367166474432,0.9788092320261436,0.9485017781622452,0.035579444725897,148.0,19.0,19.0,156.0,104.66269989998545,43.645531831891276,0.8888888888888888,0.8862275449101796,0.8914285714285715,0.06071428571428583
120,a_efficientnetb3_mlp,A,EfficientNetB3; full features; MLP,EfficientNetB3,full,,mlp,160.65,10,0.8602941176470588,0.8823529411764706,0.9117647058823528,0.8860504201680672,0.0344735886223275,0.8551136363636364,0.8848684210526316,0.912987012987013,0.8831171354749452,0.0409795539246479,0.8551136363636364,0.8848684210526316,0.912987012987013,0.8831171354749452,0.0409795539246479,0.8653153153153154,0.8888888888888888,0.911520737327189,0.8877854664633104,0.0300257453559008,0.8597858282068809,0.8819444444444444,0.9115343244375502,0.8854513009691278,0.0347781981184428,0.8602941176470588,0.8823529411764706,0.913705065359477,0.886703431372549,0.0342171457099136,0.730366259472182,0.7784246667781316,0.8284855245179268,0.7801412502189099,0.0652362712589654,0.8961397058823529,0.9411764705882352,0.9411764705882352,0.9165441176470588,0.0635851112187778,0.8235294117647058,0.8284313725490196,0.9305555555555556,0.8568627450980392,0.0865145973877035,0.8355263157894737,0.8421052631578947,0.9222222222222222,0.8681276106934002,0.0715327949585167,0.9031954887218046,0.930952380952381,0.9392156862745096,0.9188691090471276,0.0503365283393356,0.935169165705498,0.9577085736255286,0.9817888552479814,0.9558787485582468,0.0279280126178798,153.0,14.0,25.0,150.0,108.54021314397687,0.1158520979806776,0.8859649122807017,0.9161676646706587,0.8571428571428571,0.051470588235294046
121,a_resnet101_densenet121_rbf_svm,A,ResNet101+DenseNet121; full features; RBF SVM,ResNet101+DenseNet121,full,,rbf_svm,160.4,10,0.8529411764705882,0.8676470588235294,0.9338235294117646,0.8863025210084035,0.0514187604685319,0.8543123543123543,0.8803418803418803,0.936904761904762,0.8923777723777725,0.0496162889814806,0.8543123543123543,0.8803418803418803,0.936904761904762,0.8923777723777725,0.0496162889814806,0.8275862068965517,0.8660714285714286,0.9303977272727272,0.8786206939040152,0.0553354602472565,0.8496905393457117,0.8673791486291487,0.9336512445887446,0.8854992331408937,0.0518547840866289,0.8486519607843137,0.8676470588235294,0.9341809640522876,0.8856617647058824,0.0516461513437255,0.7086469577694577,0.7543012434814083,0.8726319653250552,0.7787128084181527,0.1021160999981291,0.8235294117647058,0.8529411764705882,0.8823529411764706,0.8448529411764707,0.0753213033029647,0.8472222222222222,0.94281045751634,1.0,0.9264705882352942,0.0756629855939543,0.8455882352941176,0.9282051282051282,1.0,0.9219155354449472,0.0769502822253804,0.8333333333333334,0.8585526315789473,0.8947368421052632,0.8644041587927036,0.056346161444779,0.928873510188389,0.9774305555555556,0.981833910034602,0.958594050365244,0.0367403431622483,141.0,26.0,13.0,162.0,28.910456393961795,13.159206397016533,0.8859649122807017,0.844311377245509,0.9257142857142857,0.0808823529411764
122,a_vgg19_logistic,A,VGG19; full features; logistic regression,VGG19,full,,logistic,160.3,10,0.8346638655462185,0.8676470588235294,0.9338235294117646,0.8863025210084035,0.0584193799445924,0.844078947368421,0.8733974358974359,0.9366515837104072,0.892114248531656,0.0555073396680254,0.844078947368421,0.8733974358974359,0.9366515837104072,0.892114248531656,0.0555073396680254,0.8245436105476673,0.8768768768768769,0.9300202839756592,0.8776295723823205,0.0658684623256521,0.8337461642481926,0.8668658577932772,0.9333359338430331,0.8848719104569882,0.0593852875612537,0.8345588235294117,0.8676470588235294,0.9324448529411764,0.8851919934640522,0.0577964292780992,0.6979573475062525,0.7543012434814083,0.8703954459814229,0.7835983323339447,0.1101563072172875,0.7766544117647058,0.8805147058823529,0.9402573529411764,0.845220588235294,0.1112357678518753,0.8472222222222222,0.9705882352941176,1.0,0.9251633986928104,0.0907277280670557,0.8482456140350877,0.9705882352941176,1.0,0.9273477812177504,0.0846739845163948,0.8083333333333333,0.8928571428571428,0.9392156862745096,0.8700151972584333,0.0799153255378269,0.9231004901960784,0.9498269896193772,0.9749134948096888,0.949837802768166,0.0328552403360586,141.0,26.0,13.0,162.0,12.381437557050958,0.1485314778401511,0.8859649122807017,0.844311377245509,0.9257142857142857,0.09915966386554609
123,a_resnet101_densenet169_mlp,A,ResNet101+DenseNet169; full features; MLP,ResNet101+DenseNet169,full,,mlp,159.95,10,0.8634453781512604,0.8970588235294117,0.9344537815126048,0.8536134453781512,0.1421958661013841,0.8791248206599713,0.9089068825910932,0.9366515837104072,0.8163550038691623,0.2892209387378106,0.8791248206599713,0.9089068825910932,0.9366515837104072,0.8163550038691623,0.2892209387378106,0.8373563218390805,0.8894523326572008,0.9258064516129032,0.8569133889991543,0.0973541060523022,0.859788558865625,0.8960836323919489,0.9335509990858036,0.8366341964341583,0.1878691736847234,0.8602941176470589,0.8943014705882353,0.9310661764705882,0.8549632352941178,0.132807323015776,0.7486185644235857,0.8106593764328616,0.8718067184865543,0.7273234260397226,0.2668242660254337,0.7766544117647058,0.8492647058823529,0.8823529411764706,0.8275735294117647,0.118871917321952,0.9558823529411764,1.0,1.0,0.8823529411764707,0.3124975970688084,0.9558823529411764,1.0,1.0,0.9294117647058824,0.1659152611867151,0.8095238095238095,0.8571428571428571,0.8947368421052632,0.8481130896294444,0.0708701258592656,0.9293135452710496,0.9567474048442908,0.9730392156862744,0.911064854863514,0.1470918044733637,138.0,29.0,21.0,154.0,2748.441502731992,0.1366099630831735,0.8538011695906432,0.8263473053892215,0.88,0.0710084033613444
124,a_efficientnetb0_random_forest,A,EfficientNetB0; full features; random forest,EfficientNetB0,full,,random_forest,159.75,10,0.8539915966386554,0.8840336134453781,0.9117647058823528,0.8860504201680672,0.0422703832766658,0.8571428571428571,0.875,0.9142857142857144,0.8857645295880591,0.0437123426999847,0.8571428571428571,0.875,0.9142857142857144,0.8857645295880591,0.0437123426999847,0.8571428571428571,0.8918128654970761,0.9059561128526646,0.8856087819277741,0.041545607887272,0.8538961038961039,0.883406432748538,0.9112198146680904,0.8856866557579167,0.0421537646440887,0.8541666666666666,0.8856209150326797,0.9114583333333331,0.8861723856209152,0.0420935626602824,0.7092516545173617,0.7817727943513462,0.8249579113843054,0.7767752073861958,0.0857226754189647,0.838235294117647,0.9099264705882352,0.9402573529411764,0.9040441176470588,0.0701736274892635,0.8235294117647058,0.857843137254902,0.8888888888888888,0.8683006535947712,0.065938790652833,0.8333333333333334,0.8585526315789473,0.8823529411764706,0.8725975477910464,0.0596178417483846,0.8616071428571428,0.9078431372549018,0.9411764705882352,0.9087044817927172,0.0639529195120357,0.9276239907727796,0.9546058006535948,0.9704861111111112,0.9496473712033836,0.0294152506897572,151.0,16.0,23.0,152.0,13.850302940059919,0.09770061308518,0.8859649122807017,0.9041916167664671,0.8685714285714285,0.057773109243697385
125,a_efficientnetb1_rbf_svm,A,EfficientNetB1; full features; RBF SVM,EfficientNetB1,full,,rbf_svm,158.85,10,0.8634453781512604,0.8823529411764706,0.905252100840336,0.8831092436974789,0.0457131357300294,0.8616071428571428,0.8856209150326797,0.9011035653650252,0.8862236896654654,0.0417557080317666,0.8616071428571428,0.8856209150326797,0.9011035653650252,0.8862236896654654,0.0417557080317666,0.8595238095238095,0.8823529411764706,0.8996415770609318,0.8783054502703787,0.0535098644244691,0.863032581453634,0.8821486928104575,0.9047095007721194,0.8822645699679221,0.0465776316305388,0.8630004084967321,0.8823529411764706,0.9036968954248366,0.8823937908496731,0.0451608897740022,0.7279411764705882,0.7688676612326113,0.8106199722465908,0.7714760885307264,0.0868353427288106,0.8768382352941176,0.8823529411764706,0.9237132352941176,0.8742647058823529,0.0942719833435243,0.8259803921568627,0.8856209150326797,0.943627450980392,0.8905228758169935,0.0642655365574027,0.844078947368421,0.8823529411764706,0.925595238095238,0.8902049240748932,0.0543745315268327,0.8768382352941176,0.8856209150326797,0.9236842105263156,0.8881306095005785,0.0712427461032935,0.944636678200692,0.9596609477124184,0.971453287197232,0.956302864282968,0.0285603153321664,146.0,21.0,19.0,156.0,15.239843294082675,7.921197476098314,0.8830409356725146,0.874251497005988,0.8914285714285715,0.04180672268907559
126,a_resnet101v2_rbf_svm,A,ResNet101V2; full features; RBF SVM,ResNet101V2,full,,rbf_svm,158.8,10,0.8346638655462185,0.8840336134453781,0.9117647058823528,0.8861344537815127,0.0573268992086486,0.8488636363636364,0.8888888888888888,0.912987012987013,0.8906450395150085,0.0534450402740391,0.8488636363636364,0.8888888888888888,0.912987012987013,0.8906450395150085,0.0534450402740391,0.8392857142857143,0.8786764705882353,0.912987012987013,0.8798096511331807,0.0651362234350751,0.8345269926152279,0.8837826797385621,0.9116883116883115,0.8852273453240945,0.058355157613838,0.8357843137254901,0.8837826797385621,0.9117647058823528,0.8854779411764706,0.0581281942545351,0.6760894097483989,0.7675653594771241,0.8249579113843054,0.7762599637285481,0.1104155334216377,0.8768382352941176,0.8823529411764706,0.926470588235294,0.8680147058823529,0.0988090182020188,0.8839869281045751,0.915032679738562,0.9411764705882352,0.9029411764705882,0.0652513630145706,0.8768382352941176,0.9027777777777776,0.9338942307692308,0.8987468907941045,0.059270338713994,0.875,0.8888888888888888,0.9253472222222222,0.8829975171886936,0.072341719771132,0.9529207516339868,0.9618716359092656,0.9792387543252594,0.9611771914648212,0.0287072808468451,145.0,22.0,17.0,158.0,18.691163829993457,8.929658830107655,0.8859649122807017,0.8682634730538922,0.9028571428571428,0.07710084033613429
127,a_efficientnetb4_mlp,A,EfficientNetB4; full features; MLP,EfficientNetB4,full,,mlp,158.75,10,0.8634453781512604,0.8970588235294117,0.9338235294117646,0.8858823529411766,0.057853547262198,0.856951871657754,0.9019138755980862,0.935612082670906,0.8873927597031311,0.0578164874724787,0.856951871657754,0.9019138755980862,0.935612082670906,0.8873927597031311,0.0578164874724787,0.8653153153153154,0.8927893738140417,0.9316964285714286,0.8834582267955133,0.0595136681539795,0.8626815811026338,0.8967126519308684,0.9336512445887446,0.8854254932493223,0.0580909203373039,0.8642258986928105,0.8985906862745098,0.9336703431372548,0.8860089869281046,0.0577319125734482,0.7365015939817714,0.7978956223588194,0.8706233399668521,0.776085730698479,0.1143515307098678,0.838235294117647,0.9375,0.9411764705882352,0.8863970588235294,0.0811317086140643,0.8259803921568627,0.9117647058823528,0.9444444444444444,0.8856209150326798,0.0812405417951376,0.8083333333333333,0.9087301587301588,0.9402573529411764,0.8860120276180646,0.0748635158091816,0.8541666666666666,0.9354166666666666,0.9402573529411764,0.8941907464740282,0.0682836124686711,0.9019788062283736,0.9325259515570934,0.95828227124183,0.9298052431757016,0.0365333289730814,148.0,19.0,20.0,155.0,105.09082185197622,0.1894898710888804,0.8859649122807017,0.8862275449101796,0.8857142857142857,0.07037815126050417
128,a_efficientnetb5_mlp,A,EfficientNetB5; full features; MLP,EfficientNetB5,full,,mlp,158.45,10,0.8161764705882353,0.9142857142857144,0.9411764705882352,0.8799159663865547,0.0767521826105601,0.8114973262032086,0.9142857142857144,0.9427083333333331,0.8800586796103873,0.0767334864589725,0.8114973262032086,0.9142857142857144,0.9427083333333331,0.8800586796103873,0.0767334864589725,0.8286963434022258,0.9142857142857144,0.9375,0.8788357044357994,0.0793107549781049,0.8160427807486631,0.9142857142857144,0.9409722222222222,0.8794471920230933,0.0773386981141222,0.8161764705882353,0.915032679738562,0.9409722222222222,0.8800040849673204,0.0767730125813823,0.6393871990886328,0.8300653594771242,0.8819444444444444,0.7624154650668904,0.1512565429944286,0.8823529411764706,0.9375,0.9402573529411764,0.8930147058823529,0.0986416843996078,0.838235294117647,0.8856209150326797,0.9305555555555556,0.8669934640522875,0.0800938843263473,0.8098739495798319,0.8888888888888888,0.9268092105263158,0.8680859624551575,0.0708042852336173,0.8634453781512604,0.9411764705882352,0.9444444444444444,0.8967682072829133,0.0875702181258433,0.9182525951557092,0.9587928921568628,0.9668096405228758,0.9382971693579392,0.0494324636012807,149.0,18.0,23.0,152.0,191.4579770269338,0.33407267811708097,0.8801169590643275,0.8922155688622755,0.8685714285714285,0.12499999999999989
129,a_inceptionv3_linear_svm,A,InceptionV3; full features; linear SVM,InceptionV3,full,,linear_svm,158.1,10,0.8346638655462185,0.8987394957983192,0.9411764705882352,0.8861344537815125,0.0573268992086486,0.8517857142857143,0.8957219251336899,0.9411764705882352,0.8916896658227929,0.0516929146161368,0.8517857142857143,0.8957219251336899,0.9411764705882352,0.8916896658227929,0.0516929146161368,0.8297682709447415,0.9015873015873016,0.9364583333333332,0.8788282972035344,0.0659490901790356,0.8345269926152279,0.8986546133604956,0.9408168859649122,0.8852589815131635,0.0582333900883746,0.8348651960784313,0.8995098039215685,0.9401041666666666,0.8860089869281046,0.0568633100063029,0.6954497514027304,0.8010056341534406,0.882250816993464,0.7789221468329117,0.1087618131974844,0.8363970588235294,0.90625,0.9411764705882352,0.8628676470588236,0.1070611409377138,0.8455882352941176,0.9117647058823528,0.943627450980392,0.9091503267973856,0.0653921486968928,0.8458646616541353,0.9131944444444444,0.9411764705882352,0.9055048773895524,0.0679065620111676,0.8455882352941176,0.91875,0.9402573529411764,0.8806614094913329,0.0799818600380818,0.943627450980392,0.9739583333333331,0.9869971885813148,0.9663566897347172,0.0259244264814387,144.0,23.0,16.0,159.0,25.145003499928862,4.455879649962299,0.8859649122807017,0.8622754491017964,0.9085714285714286,0.10651260504201665
130,a_efficientnetb1_efficientnetb5_random_forest,A,EfficientNetB1+EfficientNetB5; full features; random forest,EfficientNetB1+EfficientNetB5,full,,random_forest,157.7,10,0.8539915966386554,0.8840336134453781,0.9338235294117646,0.8860504201680672,0.0669182926397752,0.8506493506493507,0.8786764705882353,0.9366515837104072,0.8845207896678484,0.071166479551188,0.8506493506493507,0.8786764705882353,0.9366515837104072,0.8845207896678484,0.071166479551188,0.8571428571428571,0.8888888888888888,0.9272629310344828,0.8868598876332143,0.063327563109421,0.8538961038961039,0.8837826797385621,0.9331827475685236,0.8856903386505314,0.0669932794112448,0.8541666666666666,0.8848039215686274,0.9322916666666666,0.885702614379085,0.0666558109166279,0.7092516545173617,0.7735534490046979,0.8700890734324034,0.7748893113235538,0.1334015266748467,0.838235294117647,0.9099264705882352,0.9411764705882352,0.898529411764706,0.0636358721277023,0.8235294117647058,0.8333333333333334,0.943627450980392,0.872875816993464,0.0945324163789902,0.8333333333333334,0.8421052631578947,0.9402573529411764,0.8789925180598555,0.0861196507659104,0.8616071428571428,0.9078431372549018,0.9402573529411764,0.8994479458450048,0.0621879124458374,0.9375255310457516,0.9495386389850058,0.9844290657439448,0.956135861207228,0.032730829525373,150.0,17.0,22.0,153.0,41.929655079962686,0.1531042099813926,0.8859649122807017,0.8982035928143712,0.8742857142857143,0.07983193277310918
131,a_efficientnetb3_adaboost,A,EfficientNetB3; full features; AdaBoost,EfficientNetB3,full,,adaboost,157.5,10,0.8247899159663865,0.8987394957983192,0.9117647058823528,0.8802521008403362,0.068139521958134,0.8259803921568627,0.898989898989899,0.922037422037422,0.8828241703976998,0.06748901588029,0.8259803921568627,0.898989898989899,0.922037422037422,0.8828241703976998,0.06748901588029,0.8333333333333334,0.8894523326572008,0.911520737327189,0.8766708393843936,0.0700001164215908,0.8242953431372549,0.8977176193200535,0.9115343244375502,0.8797475048910467,0.0682730221929298,0.8251633986928104,0.8959354575163399,0.9112540849673202,0.8795547385620915,0.0678041718711844,0.6542624845925595,0.797493924852847,0.8321316981432865,0.763333075526342,0.1364922499917883,0.828125,0.8823529411764706,0.926470588235294,0.8731617647058822,0.0790274910313865,0.803921568627451,0.8856209150326797,0.943627450980392,0.8859477124183005,0.0885835940099204,0.8087719298245615,0.8856209150326797,0.9416666666666668,0.8844633642930855,0.087655049174805,0.8595238095238095,0.8819444444444444,0.9268092105263158,0.8831631161236425,0.0678438514109058,0.8988459967320261,0.9581891580161476,0.9713541666666666,0.9381992502883508,0.0424696063304516,146.0,21.0,20.0,155.0,1469.7765361100319,0.8539836899726648,0.8801169590643275,0.874251497005988,0.8857142857142857,0.0869747899159663
132,a_efficientnetb3_rbf_svm,A,EfficientNetB3; full features; RBF SVM,EfficientNetB3,full,,rbf_svm,157.1,10,0.8602941176470588,0.8823529411764706,0.9273109243697478,0.8857983193277311,0.045042243264896,0.8673986486486487,0.8885448916408669,0.9308823529411764,0.8879781445532219,0.0466948249815434,0.8673986486486487,0.8885448916408669,0.9308823529411764,0.8879781445532219,0.0466948249815434,0.8433179723502304,0.8777777777777778,0.9281045751633986,0.8820689135869403,0.0460853374218315,0.8584833104994396,0.8813230994152047,0.9272875816993464,0.8850235290700811,0.0452882342001873,0.8584558823529411,0.8804125816993464,0.9276960784313724,0.8851511437908497,0.0456690952698662,0.7297733195450777,0.7735534490046979,0.857602068832513,0.7770780630951527,0.0893120055028682,0.8152573529411764,0.9117647058823528,0.9411764705882352,0.8797794117647058,0.0864826269352991,0.8259803921568627,0.915032679738562,0.943627450980392,0.8905228758169933,0.0752856509501754,0.8421052631578947,0.9087301587301588,0.9380252100840336,0.8925598309499237,0.0661319981482304,0.8301470588235293,0.8999999999999999,0.9402573529411764,0.8914832144979205,0.0679999117503528,0.9586216839677046,0.9791666666666666,0.9852941176470588,0.96743800461361,0.0258934299108258,147.0,20.0,19.0,156.0,28.715359729947522,12.645245771971531,0.8859649122807017,0.8802395209580839,0.8914285714285715,0.06701680672268906
133,a_inceptionresnetv2_rbf_svm,A,InceptionResNetV2; full features; RBF SVM,InceptionResNetV2,full,,rbf_svm,155.7,10,0.8602941176470588,0.8987394957983192,0.9117647058823528,0.8829411764705883,0.0461803594535524,0.8585858585858586,0.9071428571428573,0.918918918918919,0.8896902885138178,0.0436316595530235,0.8585858585858586,0.9071428571428573,0.918918918918919,0.8896902885138178,0.0436316595530235,0.8571428571428571,0.8927893738140417,0.9076246334310852,0.8740922187967108,0.0523884719862182,0.8592532467532468,0.8983466388589729,0.9115343244375502,0.8818912536552643,0.047037965069946,0.8584558823529411,0.897671568627451,0.9128370098039216,0.882046568627451,0.0461445885573693,0.7231405434062506,0.8035477357204874,0.82837396930624,0.7727614270956195,0.0888188429800941,0.8235294117647058,0.8786764705882353,0.8823529411764706,0.8386029411764705,0.0841662883840437,0.8888888888888888,0.94281045751634,0.9861111111111112,0.9254901960784312,0.0675697445140421,0.8823529411764706,0.925,0.984375,0.920906862745098,0.0661137088408244,0.8301470588235293,0.8819444444444444,0.8947368421052632,0.8608259843012165,0.059682216259213,0.9221453287197232,0.9529988465974626,0.9791666666666666,0.9481329296424452,0.0330575073286795,140.0,27.0,13.0,162.0,18.144409204018302,8.989406525040977,0.8830409356725146,0.8383233532934131,0.9257142857142857,0.051470588235294046
134,a_efficientnetb0_mlp,A,EfficientNetB0; full features; MLP,EfficientNetB0,full,,mlp,155.4,10,0.8539915966386554,0.8970588235294117,0.9117647058823528,0.8833613445378152,0.0505286725423856,0.8525798525798526,0.8927893738140417,0.918918918918919,0.8824836749314928,0.0567575037211542,0.8525798525798526,0.8927893738140417,0.918918918918919,0.8824836749314928,0.0567575037211542,0.8506493506493507,0.8927893738140417,0.9032258064516128,0.883031618705243,0.046350689440701,0.8537791037791038,0.8967126519308684,0.911072362685266,0.8827576468183679,0.0508763695878802,0.8537581699346405,0.8975694444444444,0.9112540849673202,0.8835580065359478,0.0496306671864364,0.7090195709206296,0.797289676486834,0.8334315248106402,0.7732115295697051,0.0980373158406475,0.8363970588235294,0.8786764705882353,0.9402573529411764,0.8922794117647059,0.0608329679564322,0.8235294117647058,0.8611111111111112,0.9444444444444444,0.8748366013071894,0.1022927439700964,0.8333333333333334,0.8625,0.9333333333333332,0.8809135472370766,0.0858135225870942,0.85625,0.8947368421052632,0.9338942307692308,0.8985129726654495,0.054028740909975,0.9485294117647058,0.9575463763936948,0.9800347222222222,0.9578335255670896,0.0313915817770698,149.0,18.0,22.0,153.0,43.02971845999127,0.0586927530239333,0.8830409356725146,0.8922155688622755,0.8742857142857143,0.057773109243697385
135,a_nasnetmobile_mlp,A,NASNetMobile; full features; MLP,NASNetMobile,full,,mlp,154.65,10,0.8634453781512604,0.8823529411764706,0.905252100840336,0.8831092436974789,0.0435598097106093,0.8708708708708709,0.8918128654970761,0.9024193548387096,0.8901777452371681,0.0409311144311094,0.8708708708708709,0.8918128654970761,0.9024193548387096,0.8901777452371681,0.0409311144311094,0.8506493506493507,0.8708333333333333,0.8930020283975659,0.8739814926224663,0.0475025516842257,0.8621489996489997,0.8813230994152047,0.9037659714637404,0.8820796189298171,0.0436039472011165,0.860906862745098,0.8823529411764706,0.90109272875817,0.8818831699346404,0.0436896384499519,0.7285818403638618,0.7772956409329999,0.8225911684145709,0.774335811512756,0.088090918726944,0.7647058823529411,0.8180147058823529,0.8676470588235294,0.8386029411764706,0.0939152554777823,0.8839869281045751,0.915032679738562,0.9861111111111112,0.9251633986928104,0.0615145383447295,0.86875,0.9078431372549018,0.9852941176470588,0.9215196078431372,0.0613136911766351,0.8116883116883117,0.8421052631578947,0.8809523809523809,0.8636895268474216,0.0780253355359647,0.9299788542868128,0.9550173010380624,0.9756944444444444,0.9492659073433296,0.0321461850765748,140.0,27.0,13.0,162.0,188.89621874096338,0.0520439669489855,0.8830409356725146,0.8383233532934131,0.9257142857142857,0.04180672268907559
136,a_densenet121_random_forest,A,DenseNet121; full features; random forest,DenseNet121,full,,random_forest,153.5,10,0.8539915966386554,0.8823529411764706,0.905252100840336,0.883109243697479,0.0388971658290073,0.859073359073359,0.8823529411764706,0.9055023923444976,0.8856131467199578,0.0342420974838463,0.859073359073359,0.8823529411764706,0.9055023923444976,0.8856131467199578,0.0342420974838463,0.8571428571428571,0.8745098039215686,0.907936507936508,0.87940784916117,0.0458139859420226,0.8538961038961039,0.8815273477812178,0.9051714625244036,0.8825104979405637,0.0393647561390607,0.8576899509803921,0.8804125816993464,0.9093137254901962,0.8839052287581699,0.0389438550252052,0.7176110098423297,0.7661938318656718,0.8225442016681872,0.774180173912812,0.0758642496401974,0.8299632352941176,0.9099264705882352,0.9852941176470588,0.8926470588235293,0.1037231040535059,0.8333333333333334,0.8823529411764706,0.926470588235294,0.8751633986928106,0.0561778974438394,0.8421052631578947,0.8885448916408669,0.9159919028340082,0.8759063949466425,0.0472477063251565,0.8580882352941176,0.9078431372549018,0.984375,0.9047443977591036,0.0846465856533753,0.9338490604575164,0.9532181132256824,0.971957900807382,0.9521361976163014,0.0267129318268722,149.0,18.0,22.0,153.0,9.526187308016233,0.0982213250244963,0.8830409356725146,0.8922155688622755,0.8742857142857143,0.0512605042016806
137,a_resnet101_mobilenetv2_rbf_svm,A,ResNet101+MobileNetV2; full features; RBF SVM,ResNet101+MobileNetV2,full,,rbf_svm,152.75,10,0.8529411764705882,0.8676470588235294,0.9117647058823528,0.8805042016806723,0.052926798397329,0.8543123543123543,0.8803418803418803,0.9177606177606178,0.8864918864918865,0.0525467514917851,0.8543123543123543,0.8803418803418803,0.9177606177606178,0.8864918864918865,0.0525467514917851,0.8275862068965517,0.8660714285714286,0.9076246334310852,0.8728403333727058,0.0552859192316465,0.8496905393457117,0.8673791486291487,0.9115343244375502,0.8796661099322962,0.053218757159686,0.8486519607843137,0.8676470588235294,0.9112540849673202,0.8795955882352942,0.0527144813207314,0.7086469577694577,0.7543012434814083,0.8246549384483127,0.7666795231627668,0.1048788928261544,0.8235294117647058,0.8492647058823529,0.8823529411764706,0.8386029411764706,0.0691169951992623,0.8602941176470589,0.94281045751634,0.9861111111111112,0.9205882352941176,0.0805076485899413,0.8557692307692308,0.9333333333333332,0.984375,0.9161884112619408,0.0794221050418429,0.8259803921568627,0.8585526315789473,0.8932748538011696,0.8581950084659062,0.0512069185945839,0.9228662053056516,0.9809027777777778,0.991349480968858,0.9606737793156478,0.0393133803445223,140.0,27.0,14.0,161.0,32.08826618408784,14.482847830047831,0.8801169590643275,0.8383233532934131,0.92,0.05882352941176461
138,a_resnet101_densenet169_rbf_svm,A,ResNet101+DenseNet169; full features; RBF SVM,ResNet101+DenseNet169,full,,rbf_svm,152.35,10,0.8529411764705882,0.8823529411764706,0.9044117647058822,0.8805042016806723,0.0510784908972839,0.8543123543123543,0.8888888888888888,0.912873399715505,0.8862464009832431,0.0515698803230742,0.8543123543123543,0.8888888888888888,0.912873399715505,0.8862464009832431,0.0515698803230742,0.8349753694581281,0.8708333333333333,0.8961693548387095,0.8733392884406264,0.0518406150764186,0.850471367712747,0.8813230994152047,0.9037903831250608,0.8797928447119349,0.0511775466563222,0.8529411764705882,0.8802083333333333,0.9044117647058822,0.8799428104575163,0.05061760059483,0.7149673223589098,0.7657853351336457,0.8200084051722616,0.7673054509886207,0.1024112534480404,0.8235294117647058,0.8235294117647058,0.8805147058823529,0.838970588235294,0.0615874362427954,0.8472222222222222,0.94281045751634,1.0,0.9209150326797384,0.0847547757793636,0.84375,0.930952380952381,1.0,0.917154528478058,0.0848790813668433,0.8355263157894737,0.85,0.8854166666666666,0.8577689433029988,0.0471730224312178,0.9194540561322568,0.9705461841599384,0.9792207324106114,0.9551734909650136,0.038250746390302,140.0,27.0,14.0,161.0,35.59931790595874,16.291549612942617,0.8801169590643275,0.8383233532934131,0.92,0.051470588235294046
139,a_vgg19_linear_svm,A,VGG19; full features; linear SVM,VGG19,full,,linear_svm,152.2,10,0.8346638655462185,0.8697478991596639,0.9338235294117646,0.8803361344537816,0.0588491340832691,0.8458646616541353,0.8699324324324325,0.9412955465587044,0.8882201475622526,0.0543089308213693,0.8458646616541353,0.8699324324324325,0.9412955465587044,0.8882201475622526,0.0543089308213693,0.8297682709447415,0.8686868686868687,0.9241379310344828,0.8700924047780031,0.0661765959081941,0.8345269926152279,0.8693096505596506,0.9327167387965936,0.879156276170128,0.0595977856619163,0.8345588235294117,0.869281045751634,0.9296875,0.8789419934640523,0.0577584501812707,0.6760894097483989,0.7424057406048479,0.8741897156977768,0.7682144685234856,0.113589964759874,0.8152573529411764,0.8235294117647058,0.875,0.8268382352941176,0.0930799940078744,0.8839869281045751,0.9411764705882352,1.0,0.931045751633987,0.0703006932949506,0.875,0.9198717948717948,1.0,0.9255378264666192,0.0705045843814059,0.8333333333333334,0.849624060150376,0.9,0.8532870053922685,0.0701172119985386,0.9241157247212612,0.9429065743944636,0.9809388216070742,0.9485053825451748,0.0374194334807205,138.0,29.0,12.0,163.0,3.313721660117153,0.3874345578951756,0.8801169590643275,0.8263473053892215,0.9314285714285714,0.09915966386554609
140,a_efficientnetb1_adaboost,A,EfficientNetB1; full features; AdaBoost,EfficientNetB1,full,,adaboost,150.35,10,0.8602941176470588,0.8970588235294117,0.9117647058823528,0.883109243697479,0.0623064524273065,0.8708708708708709,0.9071428571428573,0.9177606177606178,0.8878555025613849,0.0630266045284014,0.8708708708708709,0.9071428571428573,0.9177606177606178,0.8878555025613849,0.0630266045284014,0.8433179723502304,0.8891129032258064,0.9090909090909092,0.8770521766869015,0.062747189251069,0.8584833104994396,0.8965084035648552,0.9116883116883115,0.8824538396241431,0.0624071470706077,0.8584558823529411,0.8960375816993464,0.9128370098039216,0.8825367647058824,0.0621749419368082,0.730366259472182,0.8035477357204874,0.8249579113843054,0.7707798964114636,0.123425757332684,0.7794117647058822,0.8492647058823529,0.9237132352941176,0.85625,0.0854413663053474,0.9019607843137254,0.9411764705882352,0.943627450980392,0.9088235294117648,0.0799515293567458,0.89390756302521,0.9333333333333332,0.9402573529411764,0.9050054056710404,0.0763422378835932,0.8139204545454546,0.8654970760233918,0.929566563467492,0.8716543531288113,0.0731421303968305,0.9316608996539792,0.9653979238754328,0.9878472222222222,0.9534830353710112,0.0467115876431016,143.0,24.0,16.0,159.0,772.4078214860638,0.4529070379794571,0.8830409356725146,0.8562874251497006,0.9085714285714286,0.051470588235294046
141,a_efficientnetb5_adaboost,A,EfficientNetB5; full features; AdaBoost,EfficientNetB5,full,,adaboost,150.0,10,0.838235294117647,0.8823529411764706,0.9338235294117646,0.8742857142857143,0.0688508340647457,0.8363970588235294,0.8885448916408669,0.9356060606060606,0.8777724170835626,0.065546312649945,0.8363970588235294,0.8885448916408669,0.9356060606060606,0.8777724170835626,0.065546312649945,0.834313725490196,0.8856209150326797,0.9285714285714284,0.8697410846058853,0.0736940725947688,0.8378224974200206,0.8821486928104575,0.9331852358168148,0.8737567508447238,0.0691723464026651,0.8372651143790849,0.8823529411764706,0.9310661764705882,0.8735702614379086,0.0683150993000325,0.6764705882352942,0.7688676612326113,0.8676978111794097,0.7508833899950188,0.1365719411808761,0.8235294117647058,0.8786764705882353,0.9402573529411764,0.8625,0.0923144772321832,0.8235294117647058,0.8823529411764706,0.9444444444444444,0.8846405228758171,0.0720116905022905,0.8281733746130031,0.8856209150326797,0.9352678571428572,0.8807616467639688,0.07291613058654,0.8301470588235293,0.8911764705882352,0.9364583333333332,0.8739133986928105,0.0775813487985955,0.937091503267974,0.9636678200692042,0.978656045751634,0.9527405324875048,0.0401564563586937,144.0,23.0,20.0,155.0,4474.650453428156,2.2555219041532832,0.8742690058479532,0.8622754491017964,0.8857142857142857,0.09558823529411764
142,a_efficientnetb4_adaboost,A,EfficientNetB4; full features; AdaBoost,EfficientNetB4,full,,adaboost,149.95,10,0.8308823529411764,0.8697478991596639,0.9273109243697478,0.8772268907563024,0.0583675134661389,0.8412162162162162,0.8733974358974359,0.9246323529411764,0.8789542556454322,0.0574691405659533,0.8412162162162162,0.8733974358974359,0.9246323529411764,0.8789542556454322,0.0574691405659533,0.8346774193548387,0.8637992831541219,0.9268092105263158,0.8743130647330186,0.0611893767451553,0.8301343177855276,0.8685983595257789,0.9269462719298246,0.8766336601892256,0.0586020454563563,0.8303206699346405,0.8684640522875817,0.9279513888888888,0.8769812091503267,0.0586782841105162,0.6649555105573397,0.7467657922506459,0.8598313452373014,0.7585873554801621,0.1167882639736223,0.8125,0.9099264705882352,0.9411764705882352,0.8797794117647058,0.0847459920582362,0.8235294117647058,0.8611111111111112,0.943627450980392,0.8741830065359476,0.0806137018532288,0.8125,0.8543859649122807,0.9352678571428572,0.8740017322718561,0.072523098391156,0.8355263157894737,0.8999999999999999,0.943627450980392,0.889280554326994,0.0727550943060916,0.9329584775086504,0.9411764705882352,0.953533496732026,0.9379938004613608,0.0502589521140816,147.0,20.0,22.0,153.0,2491.1910361460177,1.3926602038554843,0.8771929824561403,0.8802395209580839,0.8742857142857143,0.09642857142857142
143,a_resnet50v2_rbf_svm,A,ResNet50V2; full features; RBF SVM,ResNet50V2,full,,rbf_svm,148.6,10,0.8247899159663865,0.8676470588235294,0.9411764705882352,0.8775630252100841,0.0746119327030929,0.8355263157894737,0.8832658569500675,0.943627450980392,0.8823033038512914,0.0747130072142095,0.8355263157894737,0.8832658569500675,0.943627450980392,0.8823033038512914,0.0747130072142095,0.8139904610492846,0.8471264367816091,0.9402573529411764,0.8711369388473852,0.0767015522477303,0.8228973168214654,0.8651961468658383,0.941125408496732,0.8767201213493381,0.0749867348437861,0.8247549019607843,0.8628472222222222,0.9411764705882352,0.8769812091503267,0.0748049892769997,0.65908463030745,0.7404746344482953,0.8869807227730965,0.7600059390451046,0.1474162676294895,0.7766544117647058,0.8529411764705882,0.926470588235294,0.8503676470588235,0.0950849306206922,0.8602941176470589,0.94281045751634,0.9444444444444444,0.90359477124183,0.0963452049024572,0.8484162895927602,0.925824175824176,0.9411764705882352,0.8995313510019394,0.0893945508930497,0.8154761904761905,0.8583333333333334,0.929566563467492,0.8666492210919456,0.0790162123438256,0.90359477124183,0.9565972222222222,0.9878622404844288,0.9450259515570932,0.046226602823095,142.0,25.0,17.0,158.0,18.924720237089787,8.750689476088155,0.8771929824561403,0.8502994011976048,0.9028571428571428,0.11638655462184866
144,a_efficientnetb6_linear_svm,A,EfficientNetB6; full features; linear SVM,EfficientNetB6,full,,linear_svm,148.55,10,0.8346638655462185,0.8697478991596639,0.9044117647058822,0.8773949579831932,0.0544044369572341,0.8458646616541353,0.8697478991596639,0.9055023923444976,0.8812707416422587,0.0539209596523866,0.8458646616541353,0.8697478991596639,0.9055023923444976,0.8812707416422587,0.0539209596523866,0.8371212121212122,0.861904761904762,0.8930020283975659,0.8722347496992529,0.0564822013574754,0.8345269926152279,0.8689223057644111,0.902948977999688,0.8767527456707557,0.0545468235855299,0.8357843137254901,0.8681576797385622,0.9002757352941176,0.8771650326797387,0.0542170908656663,0.6760894097483989,0.7401960784313726,0.8178126656418108,0.7602519247637696,0.1081246035447248,0.8152573529411764,0.8529411764705882,0.8823529411764706,0.8625,0.0891698869730764,0.8333333333333334,0.8823529411764706,0.943627450980392,0.8918300653594772,0.0769567560970995,0.8355263157894737,0.8786764705882353,0.9271978021978022,0.8897442985291283,0.0723368338733169,0.8375,0.8660714285714286,0.8823529411764706,0.8765616246498599,0.0741271338592287,0.9400531045751634,0.9567474048442908,0.9814133986928104,0.9523716839677048,0.0396606511807306,144.0,23.0,19.0,156.0,128.96337518194923,21.66496256692335,0.8771929824561403,0.8622754491017964,0.8914285714285715,0.06974789915966373
145,a_xception_rbf_svm,A,Xception; full features; RBF SVM,Xception,full,,rbf_svm,148.2,10,0.8308823529411764,0.8857142857142857,0.9117647058823528,0.8771428571428572,0.0435280057742067,0.8554487179487179,0.8885448916408669,0.9142857142857144,0.8843715482144276,0.040901272034103,0.8554487179487179,0.8885448916408669,0.9142857142857144,0.8843715482144276,0.040901272034103,0.8290229885057472,0.8819444444444444,0.9090909090909092,0.8671128775439121,0.0516841904873393,0.829610134836428,0.8852446680426557,0.9116883116883115,0.8757422128791698,0.0447739776306872,0.8308823529411764,0.8856209150326797,0.9117647058823528,0.8761437908496733,0.0441657620773498,0.6839499509207612,0.7763344661271521,0.8249579113843054,0.763088207671753,0.0819349621563232,0.7352941176470589,0.8786764705882353,0.8823529411764706,0.8323529411764705,0.0973350940337818,0.9019607843137254,0.9411764705882352,0.9444444444444444,0.9199346405228758,0.0729806846980481,0.8909313725490196,0.9282051282051282,0.9375,0.9162008811621812,0.0649688245617405,0.7920454545454545,0.8777777777777778,0.8972222222222223,0.8580480222391987,0.0673523744038196,0.9265727124183006,0.9549452133794696,0.9720299884659748,0.9484260861207228,0.031224135841751,139.0,28.0,14.0,161.0,40.357481017068494,17.742783506051637,0.8771929824561403,0.8323353293413174,0.92,0.0808823529411764
146,a_inceptionresnetv2_adaboost,A,InceptionResNetV2; full features; AdaBoost,InceptionResNetV2,full,,adaboost,148.0,10,0.8602941176470588,0.8823529411764706,0.8848739495798319,0.8771428571428572,0.0188896065787141,0.8791248206599713,0.8856209150326797,0.8947368421052632,0.8843489505680852,0.0181171171288889,0.8791248206599713,0.8856209150326797,0.8947368421052632,0.8843489505680852,0.0181171171288889,0.8595238095238095,0.875,0.8805147058823529,0.8676130807487544,0.0259320090376028,0.8597858282068809,0.8821486928104575,0.8842395510835914,0.8759810156584198,0.0199088050272074,0.8602941176470588,0.8823529411764706,0.8839869281045751,0.876327614379085,0.0206105954623657,0.7413123233752893,0.7704434372100767,0.7756155753317282,0.7626336028460222,0.0348534345005701,0.7794117647058822,0.8235294117647058,0.8823529411764706,0.832720588235294,0.0799156805856035,0.8839869281045751,0.9411764705882352,0.9444444444444444,0.9199346405228758,0.0615492509216411,0.8823529411764706,0.930952380952381,0.9333333333333332,0.9159943977591036,0.058786977513271,0.8176691729323309,0.85,0.8805147058823529,0.8570267180098584,0.0536341523645429,0.9212141964628988,0.929450211457132,0.9463157199154172,0.9332035755478664,0.0339398821721113,139.0,28.0,14.0,161.0,483.49679373094114,0.5137724920641626,0.8771929824561403,0.8323353293413174,0.92,0.024579831932773133
147,a_efficientnetb1_mlp,A,EfficientNetB1; full features; MLP,EfficientNetB1,full,,mlp,146.0,10,0.8823529411764706,0.8823529411764706,0.8848739495798319,0.8800000000000001,0.038131882194632,0.8768382352941176,0.8888888888888888,0.8986842105263158,0.8867716091734442,0.0319223751841407,0.8768382352941176,0.8888888888888888,0.8986842105263158,0.8867716091734442,0.0319223751841407,0.8595238095238095,0.8786764705882353,0.8872549019607843,0.8700555272614097,0.0519944635955716,0.8791040100250627,0.8819444444444444,0.8848039215686274,0.878413568217427,0.0403927682443978,0.8758680555555556,0.8821486928104575,0.8848039215686274,0.8787377450980391,0.0380406816703647,0.7640931372549019,0.7688676612326113,0.7803225463668201,0.7685390977584191,0.0631141784202001,0.828125,0.8823529411764706,0.8823529411764706,0.84375,0.105921635097002,0.8839869281045751,0.915032679738562,0.9444444444444444,0.9137254901960784,0.0632596608329508,0.8768382352941176,0.9054621848739496,0.9402573529411764,0.9122392378003834,0.0591271428646926,0.85625,0.8856209150326797,0.8932748538011696,0.8680892516496233,0.0664705559894681,0.9262783544790464,0.967055940023068,0.9852430555555556,0.9537041041906958,0.0394060478113453,141.0,26.0,15.0,160.0,53.10971761890687,0.0728932910715224,0.8801169590643275,0.844311377245509,0.9142857142857143,0.0025210084033613356
148,a_vgg16_random_forest,A,VGG16; full features; random forest,VGG16,full,,random_forest,145.6,10,0.8346638655462185,0.8823529411764706,0.9117647058823528,0.8746218487394959,0.0558847047096103,0.8477951635846372,0.8904428904428905,0.9195804195804196,0.8805644656109054,0.0537205232550087,0.8477951635846372,0.8904428904428905,0.9195804195804196,0.8805644656109054,0.0537205232550087,0.8162715517241379,0.867630700778643,0.9142857142857144,0.8670474295492289,0.0595266176595711,0.8328996085206384,0.8808007973747686,0.9116883116883115,0.8738059475800671,0.0560473645914335,0.8327716503267973,0.8795955882352942,0.9117647058823528,0.8737132352941177,0.0556428473737111,0.6713414578944257,0.781753428630151,0.8321316981432865,0.754301706280188,0.11120724654592,0.7766544117647058,0.8180147058823529,0.9402573529411764,0.8444852941176471,0.0888974676572011,0.8823529411764706,0.8888888888888888,0.943627450980392,0.9029411764705882,0.0708990507711469,0.8666666666666667,0.8888888888888888,0.9402573529411764,0.8980065359477123,0.0731252123630219,0.8058823529411765,0.849624060150376,0.9375,0.8633903497603189,0.070909606221727,0.929498269896194,0.956954656862745,0.9778871107266436,0.9506818291041907,0.0333671389864267,141.0,26.0,17.0,158.0,2.9921099499915726,0.0960094778565686,0.8742690058479532,0.844311377245509,0.9028571428571428,0.07710084033613429
149,a_densenet121_adaboost,A,DenseNet121; full features; AdaBoost,DenseNet121,full,,adaboost,145.15,10,0.8529411764705882,0.8697478991596639,0.8823529411764706,0.8716806722689077,0.056012674224249,0.8648648648648649,0.8736089030206677,0.8872549019607843,0.8777036662330779,0.0548897246259465,0.8648648648648649,0.8736089030206677,0.8872549019607843,0.8777036662330779,0.0548897246259465,0.8387096774193549,0.8617424242424243,0.8823529411764706,0.8638030720597134,0.0603878818581896,0.85178727114211,0.8693096505596506,0.8823529411764706,0.8707533691463956,0.0566716974959145,0.8512561274509803,0.869281045751634,0.8823529411764706,0.8707312091503269,0.0565817907223941,0.7074925442489846,0.7409215239767886,0.7687166264033503,0.7468773015273655,0.1099206233539046,0.8152573529411764,0.8235294117647058,0.8823529411764706,0.84375,0.0875904061434014,0.8839869281045751,0.915032679738562,0.9411764705882352,0.8977124183006536,0.0678720048621293,0.8768382352941176,0.8995098039215685,0.932142857142857,0.890373052729864,0.0611368592407126,0.8199013157894737,0.8421052631578947,0.8823529411764706,0.8620693388998344,0.0684111705195943,0.9309400230680508,0.9393442425990004,0.9729911572472124,0.950448144944252,0.028273981186619,141.0,26.0,18.0,157.0,304.533680161112,0.31184562394628257,0.8713450292397661,0.844311377245509,0.8971428571428571,0.02941176470588236
150,a_inceptionresnetv2_random_forest,A,InceptionResNetV2; full features; random forest,InceptionResNetV2,full,,random_forest,144.7,10,0.8308823529411764,0.8550420168067226,0.9273109243697478,0.8684033613445378,0.0592292265670215,0.8488636363636364,0.8610038610038611,0.9281045751633986,0.8693041590100412,0.064908460538069,0.8488636363636364,0.8610038610038611,0.9281045751633986,0.8693041590100412,0.064908460538069,0.8297682709447415,0.8528138528138528,0.9237132352941176,0.8655035818155014,0.059140174042231,0.8308505220269926,0.8547443547443547,0.9271343954248366,0.8674038704127712,0.0603560989645105,0.8308823529411764,0.8545751633986928,0.9272875816993464,0.8681985294117645,0.0608268604913188,0.6718100294206526,0.7109323606547115,0.8592029449953187,0.7418322475407768,0.1170516145089013,0.8235294117647058,0.8823529411764706,0.8823529411764706,0.86875,0.0907864113275648,0.838235294117647,0.8888888888888888,0.8888888888888888,0.8676470588235293,0.0930878718346497,0.84375,0.8786764705882353,0.8888888888888888,0.8697945845004668,0.0728349961793513,0.8355263157894737,0.8605769230769231,0.8932748538011696,0.8776474858131204,0.0734253664700698,0.9048442906574397,0.941981449442522,0.9701797385620916,0.9346002739331029,0.0429195728638815,145.0,22.0,23.0,152.0,11.503529247944243,0.1019053519121367,0.868421052631579,0.8682634730538922,0.8685714285714285,0.09642857142857142
151,a_resnet101_rbf_svm,A,ResNet101; full features; RBF SVM,ResNet101,full,,rbf_svm,144.35,10,0.8346638655462185,0.8676470588235294,0.8823529411764706,0.8745378151260506,0.0490012770848345,0.8488636363636364,0.8803418803418803,0.8888888888888888,0.8821030471030472,0.0463152885107283,0.8488636363636364,0.8803418803418803,0.8888888888888888,0.8821030471030472,0.0463152885107283,0.8245436105476673,0.8660714285714286,0.875,0.8647744108766977,0.055074713776096,0.8337461642481926,0.8673791486291487,0.8819444444444444,0.8734387289898724,0.0497784565287712,0.8345588235294117,0.8674428104575164,0.8823529411764706,0.873529411764706,0.0495511568697683,0.6718100294206526,0.7512189173824426,0.77005354108682,0.7554366244114792,0.0967978064820034,0.8235294117647058,0.8235294117647058,0.8805147058823529,0.8264705882352941,0.0780436187052308,0.8472222222222222,0.9411764705882352,0.9861111111111112,0.9205882352941176,0.0714824409837732,0.84375,0.925,0.9833333333333332,0.9138725490196078,0.0725262174906687,0.8333333333333334,0.8421052631578947,0.8854166666666666,0.8502325890483785,0.0539970752476364,0.917820069204152,0.972318339100346,0.9809027777777776,0.9531153883121876,0.0388228359857908,138.0,29.0,14.0,161.0,19.03622332093073,8.745353826030623,0.8742690058479532,0.8263473053892215,0.92,0.04768907563025204
152,a_resnet101_random_forest,A,ResNet101; full features; random forest,ResNet101,full,,random_forest,143.2,10,0.8308823529411764,0.8529411764705882,0.905252100840336,0.874453781512605,0.0597410108691306,0.8433179723502304,0.8571428571428571,0.9063025210084036,0.8770846168379375,0.0593958027617668,0.8433179723502304,0.8571428571428571,0.9063025210084036,0.8770846168379375,0.0593958027617668,0.8214962121212122,0.8566748566748568,0.904040404040404,0.8691749879249879,0.0663938379589555,0.8301343177855276,0.8528138528138528,0.9051714625244036,0.8731298023814628,0.0609816730127122,0.8308823529411764,0.8529411764705882,0.9067095588235294,0.8740400326797385,0.0610021824485001,0.6902665929577301,0.7121219733935918,0.8129817727688731,0.7565808026696814,0.114706684737879,0.8235294117647058,0.9099264705882352,0.9411764705882352,0.8680147058823529,0.1116535233446698,0.8455882352941176,0.8823529411764706,0.9305555555555556,0.8800653594771243,0.0903161137004938,0.8482456140350877,0.875,0.926470588235294,0.8832301341589268,0.0798662410096313,0.8333333333333334,0.8976190476190476,0.9402573529411764,0.8824499361147968,0.0799509613318193,0.912629757785467,0.9502144607843136,0.9844065383506344,0.942411572472126,0.046928405455254,145.0,22.0,21.0,154.0,8.136681756062899,0.1030270001501773,0.8742690058479532,0.8682634730538922,0.88,0.07436974789915962
153,a_efficientnetb6_logistic,A,EfficientNetB6; full features; logistic regression,EfficientNetB6,full,,logistic,142.4,10,0.8529411764705882,0.8697478991596639,0.905252100840336,0.871344537815126,0.0622737019188542,0.8506493506493507,0.8697478991596639,0.9159919028340082,0.8751059004309777,0.0615165149183136,0.8506493506493507,0.8697478991596639,0.9159919028340082,0.8751059004309777,0.0615165149183136,0.8506493506493507,0.861904761904762,0.8946360153256705,0.8664650713489292,0.0641289977632632,0.8528138528138528,0.8689223057644111,0.9037659714637404,0.8707854858899535,0.0623300432430997,0.8529411764705882,0.8681576797385622,0.901501225490196,0.8709558823529411,0.0622799975912896,0.7071067811865476,0.7416840279441033,0.820155559527854,0.7467881935424189,0.1252945911764343,0.8125,0.8529411764705882,0.926470588235294,0.8566176470588236,0.0896536331282935,0.8333333333333334,0.8823529411764706,0.9305555555555556,0.8852941176470587,0.0771723259756245,0.8355263157894737,0.8660714285714286,0.9186507936507936,0.8823080986780678,0.0751418451282972,0.8375,0.8660714285714286,0.9237132352941176,0.8694479458450047,0.0778669624740506,0.9359861591695502,0.9612949346405228,0.9634906045751632,0.9464256535947712,0.0441376848355192,143.0,24.0,20.0,155.0,27.360955676005688,0.3390926819411101,0.8713450292397661,0.8562874251497006,0.8857142857142857,0.052310924369747824
154,a_nasnetmobile_logistic,A,NASNetMobile; full features; logistic regression,NASNetMobile,full,,logistic,141.65,10,0.838235294117647,0.8823529411764706,0.8857142857142857,0.8712605042016806,0.044501332766957,0.8416666666666667,0.8888888888888888,0.9,0.876657329598506,0.0430731862045105,0.8416666666666667,0.8888888888888888,0.9,0.876657329598506,0.0430731862045105,0.8236607142857143,0.8697478991596639,0.891640866873065,0.8636874606301852,0.0480738032149082,0.8368303571428573,0.8796365914786968,0.8856209150326797,0.8701723951143455,0.0444373425814265,0.8363970588235294,0.8786764705882353,0.8856209150326797,0.8700980392156863,0.0447883338078949,0.681498281667591,0.7772956409329999,0.7859342073022424,0.7502248338533428,0.0910429053237845,0.7647058823529411,0.8235294117647058,0.8823529411764706,0.8441176470588235,0.0997883188235252,0.8823529411764706,0.8888888888888888,0.9281045751633986,0.8960784313725491,0.0720240481449436,0.8666666666666667,0.8823529411764706,0.9253472222222222,0.8946451914098972,0.0666084893449154,0.7966507177033493,0.8535353535353536,0.8888888888888888,0.8659755449229133,0.0826993008558629,0.935121107266436,0.9545547385620916,0.9765985438292965,0.9549908688965782,0.0244012913995056,141.0,26.0,18.0,157.0,14.31499474204611,0.1415094670956018,0.8713450292397661,0.844311377245509,0.8971428571428571,0.04747899159663871
155,a_resnet152v2_rbf_svm,A,ResNet152V2; full features; RBF SVM,ResNet152V2,full,,rbf_svm,140.75,10,0.8529411764705882,0.8529411764705882,0.9201680672268906,0.8716806722689074,0.0609435881983875,0.8484848484848485,0.8574324324324325,0.9238310708898944,0.8757166375287817,0.0590747531669152,0.8484848484848485,0.8574324324324325,0.9238310708898944,0.8757166375287817,0.0590747531669152,0.8303670745272524,0.8571428571428571,0.921073717948718,0.8651170078748922,0.0671864490282448,0.8502147222948113,0.8528138528138528,0.919542235318445,0.8704168227018372,0.061679038203178,0.8486519607843137,0.8529411764705882,0.9211601307189542,0.8710580065359477,0.0622342272410033,0.7071067811865476,0.7152023265594121,0.8531545031702069,0.751441563099583,0.1215209287021133,0.7647058823529411,0.8823529411764706,0.926470588235294,0.8555147058823529,0.1090899681699691,0.8235294117647058,0.915032679738562,0.9444444444444444,0.8866013071895423,0.0955760533237709,0.8333333333333334,0.9027777777777776,0.9271978021978022,0.8861303728950787,0.0838107485702421,0.8023809523809524,0.875,0.9320175438596492,0.8749210146578568,0.0858202347096314,0.9333399413687044,0.9530228758169934,0.9775086505190312,0.9482518742791234,0.0442959768592106,143.0,24.0,20.0,155.0,19.307886907889042,8.935644996992778,0.8713450292397661,0.8562874251497006,0.8857142857142857,0.0672268907563024
156,a_efficientnetb7_linear_svm,A,EfficientNetB7; full features; linear SVM,EfficientNetB7,full,,linear_svm,140.4,10,0.8529411764705882,0.8697478991596639,0.9044117647058822,0.8773949579831933,0.052608069764876,0.859073359073359,0.8736089030206677,0.9173076923076924,0.8836509224744518,0.0510711307880707,0.859073359073359,0.8736089030206677,0.9173076923076924,0.8836509224744518,0.0510711307880707,0.8387096774193549,0.8571428571428571,0.8930020283975659,0.8694622976099126,0.0551772224641581,0.85178727114211,0.8678571428571429,0.902948977999688,0.8765566100421822,0.0526014300965323,0.8512561274509803,0.866421568627451,0.9002757352941176,0.8759395424836601,0.0523031107794928,0.7077246278457165,0.7409215239767886,0.8217295832473702,0.7591752859130019,0.1059940659311613,0.7766544117647058,0.8180147058823529,0.8823529411764706,0.8433823529411765,0.0820108440799922,0.8455882352941176,0.915032679738562,0.9411764705882352,0.9084967320261438,0.0662789357088289,0.8416666666666667,0.9054621848739496,0.943627450980392,0.9032574696545286,0.0697232632331548,0.821969696969697,0.849624060150376,0.8823529411764706,0.8634423402534857,0.066849067484759,0.9129181084198384,0.946078431372549,0.9757575211457132,0.9419141676278354,0.0436824376004511,141.0,26.0,16.0,159.0,178.86381885915762,29.90392826491734,0.8771929824561403,0.844311377245509,0.9085714285714286,0.051470588235294046
157,a_efficientnetb4_random_forest,A,EfficientNetB4; full features; random forest,EfficientNetB4,full,,random_forest,139.4,10,0.8247899159663865,0.8823529411764706,0.8848739495798319,0.8714285714285716,0.0554395449363294,0.8235294117647058,0.8745098039215686,0.8932748538011696,0.8705253776151609,0.0575746363907012,0.8235294117647058,0.8745098039215686,0.8932748538011696,0.8705253776151609,0.0575746363907012,0.8259803921568627,0.8708333333333333,0.8932748538011696,0.8714613125952134,0.0541509607335036,0.8247549019607843,0.880701754385965,0.8847017973856208,0.8709933451051872,0.0553654478725919,0.8251633986928104,0.8802083333333333,0.8860294117647058,0.8712826797385622,0.0552522598602003,0.6508687780883672,0.7657853351336457,0.7843601835827263,0.7465845245498666,0.1114467560482566,0.8235294117647058,0.8786764705882353,0.9402573529411764,0.8919117647058824,0.0734721999645297,0.7892156862745098,0.8284313725490196,0.9281045751633986,0.8506535947712418,0.0738663304997229,0.8130252100840336,0.8328173374613003,0.9151785714285714,0.8551455231215292,0.0624421738057718,0.8301470588235293,0.8819444444444444,0.9427083333333331,0.8955392156862747,0.0713230375710609,0.9216527297193386,0.9459342560553632,0.970562704248366,0.9443417195309496,0.0430329559386115,149.0,18.0,26.0,149.0,29.096211961877998,0.1208954880130473,0.8713450292397661,0.8922155688622755,0.8514285714285714,0.06008403361344539
158,a_vgg19_mlp,A,VGG19; full features; MLP,VGG19,full,,mlp,139.2,10,0.8529411764705882,0.8697478991596639,0.9044117647058822,0.8744537815126051,0.0493684267856692,0.8608058608058607,0.8832658569500675,0.906818181818182,0.8861683930104982,0.0433712687794904,0.8608058608058607,0.8832658569500675,0.906818181818182,0.8861683930104982,0.0433712687794904,0.8303670745272524,0.8528138528138528,0.889080459770115,0.8590245354386067,0.058242815457416,0.850471367712747,0.866911851589271,0.9025361813020616,0.8725964642245524,0.0503040230313363,0.8529411764705882,0.8647875816993464,0.8993055555555556,0.8723447712418301,0.0490608184312664,0.7111995967435286,0.7531153636271994,0.8145557964883892,0.7598010733899822,0.0938442780850972,0.7536764705882353,0.7886029411764706,0.8207720588235294,0.7963235294117648,0.092995247777447,0.9019607843137254,0.9444444444444444,1.0,0.9483660130718954,0.0505521743347213,0.8958333333333333,0.9285714285714286,1.0,0.940436507936508,0.0551954980040584,0.8023809523809524,0.8257575757575758,0.8553571428571428,0.8350126262626263,0.0673649794427036,0.921313316993464,0.953287197231834,0.967046929065744,0.9388240099961552,0.0494637937658123,133.0,34.0,9.0,166.0,13.862497343856376,0.0247464259737167,0.8742690058479532,0.7964071856287425,0.9485714285714286,0.051470588235294046
159,a_efficientnetb4_rbf_svm,A,EfficientNetB4; full features; RBF SVM,EfficientNetB4,full,,rbf_svm,137.1,10,0.8529411764705882,0.8697478991596639,0.8823529411764706,0.8654621848739497,0.0504208683424759,0.8484848484848485,0.8657657657657658,0.8888888888888888,0.8652743652743652,0.0509833497822701,0.8484848484848485,0.8657657657657658,0.8888888888888888,0.8652743652743652,0.0509833497822701,0.8433179723502304,0.8699324324324325,0.8805147058823529,0.8647114542016169,0.0512480112906702,0.8520439165600456,0.8686883055304109,0.8819444444444444,0.864992909737991,0.0504216658840598,0.8512561274509803,0.8707107843137255,0.8823529411764706,0.8655228758169935,0.0502727847920201,0.7055797545149025,0.7449985435358917,0.7709447578207247,0.7351586121063951,0.1019147932743882,0.8235294117647058,0.8786764705882353,0.926470588235294,0.8852941176470589,0.0728687641301236,0.7777777777777778,0.8562091503267973,0.8888888888888888,0.845751633986928,0.072007570816791,0.8023809523809524,0.8500000000000001,0.8805147058823529,0.8487138188608776,0.0620970397874995,0.8421052631578947,0.8819444444444444,0.9222222222222222,0.8906351049191606,0.0677525022626814,0.9039011437908496,0.93598615916955,0.9574652777777778,0.9337310169165706,0.0422405711352413,148.0,19.0,27.0,148.0,48.891312323044986,20.842467621027026,0.8654970760233918,0.8862275449101796,0.8457142857142858,0.02941176470588236
160,a_efficientnetb5_rbf_svm,A,EfficientNetB5; full features; RBF SVM,EfficientNetB5,full,,rbf_svm,137.05,10,0.8529411764705882,0.8697478991596639,0.8848739495798319,0.871344537815126,0.0371345542515262,0.8506493506493507,0.8697478991596639,0.8932748538011696,0.8755511291115006,0.0361396977243735,0.8506493506493507,0.8697478991596639,0.8932748538011696,0.8755511291115006,0.0361396977243735,0.8506493506493507,0.861904761904762,0.8823529411764706,0.8663545388830018,0.0391002496785864,0.8528138528138528,0.8689223057644111,0.8848039215686274,0.8709528339972513,0.0371854208184428,0.8529411764705882,0.8681576797385622,0.8848039215686274,0.8707516339869281,0.0368372307736602,0.7071067811865476,0.7401960784313726,0.7703518178936203,0.7437045390364743,0.0737360982939442,0.8152573529411764,0.8786764705882353,0.8823529411764706,0.8558823529411764,0.0511721037127186,0.8455882352941176,0.8823529411764706,0.9281045751633986,0.8856209150326798,0.0463955107604506,0.8416666666666667,0.8786764705882353,0.9170168067226891,0.8788620448179272,0.0447944630125893,0.8375,0.8786764705882353,0.8872549019607843,0.867064843481252,0.0419685156373647,0.91169261822376,0.9409842368319876,0.9703329248366012,0.939979815455594,0.0377625333834358,143.0,24.0,20.0,155.0,92.8669748690445,40.004576284089126,0.8713450292397661,0.8562874251497006,0.8857142857142857,0.031932773109243695
161,a_resnet152v2_mlp,A,ResNet152V2; full features; MLP,ResNet152V2,full,,mlp,136.95,10,0.8308823529411764,0.8676470588235294,0.8848739495798319,0.8685714285714287,0.0568775077082174,0.859073359073359,0.8770739064856712,0.8947368421052632,0.875226023523237,0.0575341103119341,0.859073359073359,0.8770739064856712,0.8947368421052632,0.875226023523237,0.0575341103119341,0.815004659832246,0.8526881720430108,0.8833333333333333,0.8581164728596515,0.0629430848372672,0.8223127447265378,0.8662445127640375,0.884391124871001,0.8666712481914445,0.0580138987535501,0.8211805555555556,0.8657066993464052,0.8860294117647058,0.866891339869281,0.057801128799417,0.6918067695406402,0.7424094734895192,0.7843601835827263,0.7471597399353642,0.1100421555194988,0.7647058823529411,0.8180147058823529,0.926470588235294,0.8305147058823529,0.1123775178009936,0.8602941176470589,0.9411764705882352,0.9444444444444444,0.9032679738562092,0.0961966775407775,0.8623481781376519,0.9285714285714286,0.943627450980392,0.9035723736188134,0.085957652001328,0.8095238095238095,0.83125,0.9197916666666668,0.857689075630252,0.0784140376584855,0.916955017301038,0.934436274509804,0.9809478325643984,0.9425305171088044,0.0406525948312548,139.0,28.0,17.0,158.0,42.07289337593829,0.0835829860880034,0.868421052631579,0.8323353293413174,0.9028571428571428,0.05399159663865549
162,a_efficientnetb6_mlp,A,EfficientNetB6; full features; MLP,EfficientNetB6,full,,mlp,135.45,10,0.8529411764705882,0.8823529411764706,0.8857142857142857,0.8712605042016808,0.0422863436795834,0.859073359073359,0.8918128654970761,0.8947368421052632,0.8778731938484261,0.0425349454782809,0.859073359073359,0.8918128654970761,0.8947368421052632,0.8778731938484261,0.0425349454782809,0.8411534701857283,0.8708333333333333,0.875,0.8634671669254212,0.0423933580937418,0.8520439165600456,0.8813230994152047,0.8848684210526316,0.8706701803869237,0.0421896159241614,0.8532475490196079,0.8802083333333333,0.8839869281045751,0.870608660130719,0.0419943614374331,0.7096143772900697,0.7657853351336457,0.7756155753317282,0.746237320994668,0.0856731329515041,0.8152573529411764,0.8235294117647058,0.8621323529411764,0.832720588235294,0.0530582062519344,0.8472222222222222,0.9411764705882352,0.9444444444444444,0.9084967320261438,0.0622346704012448,0.8363970588235294,0.9285714285714286,0.9333333333333332,0.8999544817927172,0.0628287867714777,0.8301470588235293,0.85,0.8742647058823529,0.8513725490196078,0.0462722736598087,0.8948060841983851,0.9019097222222222,0.921208189158016,0.906691536908881,0.0332280764554062,139.0,28.0,16.0,159.0,378.73787484306376,0.47305120102828313,0.8713450292397661,0.8323353293413174,0.9085714285714286,0.032773109243697474
163,a_densenet169_adaboost,A,DenseNet169; full features; AdaBoost,DenseNet169,full,,adaboost,134.9,10,0.8088235294117647,0.8550420168067226,0.913655462184874,0.8624369747899159,0.0637844711199476,0.8275058275058275,0.8571428571428571,0.9142857142857144,0.8653667677351888,0.0647886507340328,0.8275058275058275,0.8571428571428571,0.9142857142857144,0.8653667677351888,0.0647886507340328,0.803030303030303,0.8571428571428571,0.912987012987013,0.8581257774792258,0.0659076877020693,0.8086580086580086,0.854978354978355,0.9136363636363636,0.8617462726072074,0.0643553726733836,0.8088235294117647,0.8560049019607844,0.9142156862745096,0.8629493464052288,0.0623050146690101,0.6383697864691347,0.7113965278481758,0.8287884974539195,0.7314921763306899,0.1228062427192691,0.875,0.8786764705882353,0.8823529411764706,0.8507352941176471,0.0835529114048645,0.8259803921568627,0.8611111111111112,0.9411764705882352,0.8751633986928106,0.1013107034319261,0.8259803921568627,0.8611111111111112,0.9322916666666666,0.8745751633986927,0.092937345178716,0.8616071428571428,0.8823529411764706,0.8932748538011696,0.8626701446128692,0.0630423426770283,0.912101114955786,0.9549452133794694,0.9787101114955784,0.9400122549019606,0.0535609939189927,142.0,25.0,22.0,153.0,435.3460361970356,0.4545881149242627,0.8625730994152047,0.8502994011976048,0.8742857142857143,0.10483193277310932
164,a_nasnetmobile_rbf_svm,A,NASNetMobile; full features; RBF SVM,NASNetMobile,full,,rbf_svm,133.95,10,0.8529411764705882,0.8697478991596639,0.8848739495798319,0.8684033613445379,0.0421663073258638,0.8537162162162162,0.8736089030206677,0.8888888888888888,0.8762519471343001,0.037755564706949,0.8537162162162162,0.8736089030206677,0.8888888888888888,0.8762519471343001,0.037755564706949,0.8411534701857283,0.8660714285714286,0.8823529411764706,0.8584676905952996,0.0500563048325468,0.8520439165600456,0.8693096505596506,0.8848039215686274,0.8673598188647998,0.0431057922697449,0.8529411764705882,0.869281045751634,0.8848039215686274,0.8673202614379086,0.042871424425336,0.7090195709206296,0.7409215239767886,0.7709447578207247,0.7408352354665844,0.0806588869461065,0.7794117647058822,0.8492647058823529,0.8823529411764706,0.8264705882352942,0.0828235561033082,0.8839869281045751,0.915032679738562,0.943627450980392,0.9081699346405228,0.041321171438394,0.8768382352941176,0.8995098039215685,0.932142857142857,0.8979586834733894,0.0368328405812565,0.8105263157894738,0.8585526315789473,0.8872549019607843,0.8492360915658128,0.0602726114034952,0.9230103806228374,0.9479947616301424,0.96179354094579,0.9412125144175316,0.0262165111061178,138.0,29.0,16.0,159.0,8.810451284924056,4.925200770085212,0.868421052631579,0.8263473053892215,0.9085714285714286,0.031932773109243695
165,a_vgg16_vgg19_rbf_svm,A,VGG16+VGG19; full features; RBF SVM,VGG16+VGG19,full,,rbf_svm,133.7,10,0.8346638655462185,0.8697478991596639,0.9117647058823528,0.8538655462184874,0.0969037487756153,0.8273244781783681,0.8798008534850641,0.912987012987013,0.8596568770882165,0.0892516275787047,0.8273244781783681,0.8798008534850641,0.912987012987013,0.8596568770882165,0.0892516275787047,0.8371212121212122,0.8657657657657658,0.9076246334310852,0.8462532788339241,0.1071124133987486,0.8342703471972921,0.8686883055304109,0.9115343244375502,0.85295507796107,0.0976910954467247,0.8357843137254901,0.8673406862745098,0.9112540849673202,0.8531454248366013,0.0963587712550566,0.675413466354644,0.7424094734895192,0.8246549384483127,0.7114618691466483,0.1924900424868595,0.8152573529411764,0.8786764705882353,0.9237132352941176,0.8330882352941176,0.1290110030505625,0.803921568627451,0.8856209150326797,0.943627450980392,0.8732026143790849,0.094360917750087,0.8142857142857143,0.8819444444444444,0.932142857142857,0.8652767335004177,0.1012150308464884,0.844078947368421,0.8819444444444444,0.9201127819548872,0.8514170843776107,0.1054046726326023,0.9097462514417533,0.94781454248366,0.9540351066897348,0.9250336409073434,0.0672301368336699,139.0,28.0,22.0,153.0,8.382013613008894,4.647927176905796,0.8538011695906432,0.8323353293413174,0.8742857142857143,0.07710084033613429
166,a_vgg16_rbf_svm,A,VGG16; full features; RBF SVM,VGG16,full,,rbf_svm,133.65,10,0.8539915966386554,0.8840336134453781,0.9117647058823528,0.8566386554621849,0.0893739169981944,0.859073359073359,0.8819444444444444,0.912987012987013,0.8629093054093054,0.080751330549913,0.859073359073359,0.8819444444444444,0.912987012987013,0.8629093054093054,0.080751330549913,0.8433179723502304,0.8856209150326797,0.9032258064516128,0.8490067762197743,0.0999868469231621,0.8531261676422968,0.8837826797385621,0.911072362685266,0.8559580408145399,0.0901749399852973,0.8524816176470589,0.8839869281045751,0.9097222222222222,0.8560661764705882,0.0891075512641031,0.7077246278457165,0.7706476855760898,0.8237460196403346,0.7150089740737497,0.1778513948620176,0.828125,0.8786764705882353,0.8823529411764706,0.8386029411764706,0.1207272682086344,0.8455882352941176,0.8856209150326797,0.9281045751633986,0.8735294117647058,0.072635165770421,0.8482456140350877,0.8745098039215686,0.9222222222222222,0.862703756941373,0.0858255118992146,0.8521671826625387,0.8888888888888888,0.8947368421052632,0.855201668386653,0.0992360020473897,0.9204152249134948,0.9375,0.9583813917723952,0.9257124663590924,0.0656939351129121,140.0,27.0,22.0,153.0,3.496047950116917,2.5075517140212464,0.8567251461988304,0.8383233532934131,0.8742857142857143,0.057773109243697385
167,a_mobilenet_resnet101_mlp,A,MobileNet+ResNet101; full features; MLP,MobileNet+ResNet101,full,,mlp,133.35,10,0.8088235294117647,0.8529411764705882,0.8989495798319328,0.7975630252100839,0.1715683187557961,0.8400281888653982,0.8717948717948718,0.9102564102564104,0.7116929582045861,0.3771693410961612,0.8400281888653982,0.8717948717948718,0.9102564102564104,0.7116929582045861,0.3771693410961612,0.7468965517241379,0.8275862068965517,0.8917050691244238,0.8144448328830975,0.1074649491695114,0.7963761232085209,0.8496905393457117,0.8980669867766642,0.7630688955438419,0.2356766493676958,0.7977430555555556,0.8529411764705883,0.8970588235294117,0.798141339869281,0.1650044794266569,0.6540737725975565,0.7259082166970923,0.8147632742816036,0.6157013405940297,0.3357300149323012,0.7169117647058824,0.8235294117647058,0.9705882352941176,0.8253676470588236,0.1483526620961647,0.8529411764705882,0.9722222222222222,1.0,0.7709150326797386,0.4099985465226813,0.8557692307692308,0.9722222222222222,1.0,0.8671442936148818,0.2083138088750525,0.7727272727272727,0.8333333333333333,0.8616071428571428,0.8330330086580086,0.0856942081811236,0.9238754325259516,0.9631872356785852,0.9804432189542484,0.8727148212226068,0.1981431502281408,138.0,29.0,40.0,135.0,1341.2595511319814,0.1134248491143803,0.7982456140350878,0.8263473053892215,0.7714285714285715,0.09012605042016808
168,a_xception_random_forest,A,Xception; full features; random forest,Xception,full,,random_forest,132.45,10,0.8308823529411764,0.8550420168067226,0.9044117647058822,0.8657142857142857,0.0453259027627581,0.8395585738539898,0.8528138528138528,0.9024064171122996,0.8666619985205826,0.0476120354590847,0.8395585738539898,0.8528138528138528,0.9024064171122996,0.8666619985205826,0.0476120354590847,0.8236607142857143,0.8610038610038611,0.8930020283975659,0.8633151769561506,0.0459405256627812,0.8301343177855276,0.854978354978355,0.902948977999688,0.8649885877383664,0.045532430997407,0.8308823529411764,0.8553921568627452,0.9002757352941176,0.8659313725490196,0.0449070069186294,0.6760894097483989,0.71641172005522,0.8170686908854454,0.7386736361380344,0.0891287427348275,0.8299632352941176,0.8823529411764706,0.9237132352941176,0.8691176470588236,0.0872115170836617,0.8259803921568627,0.857843137254902,0.926470588235294,0.8627450980392156,0.0850231647106224,0.8333333333333334,0.8543859649122807,0.91289592760181,0.8668368460744622,0.0723449037097421,0.8595238095238095,0.8786764705882353,0.9170168067226891,0.8787909725293626,0.0697419458925313,0.9025990604575164,0.930843906189927,0.9641003460207612,0.9311610918877355,0.0403117235651153,145.0,22.0,24.0,151.0,12.515681761142332,0.11438368610106339,0.8654970760233918,0.8682634730538922,0.8628571428571429,0.07352941176470584
169,a_inceptionv3_mlp,A,InceptionV3; full features; MLP,InceptionV3,full,,mlp,131.05,10,0.8235294117647058,0.8701680672268908,0.9344537815126048,0.8213445378151262,0.1627261495981591,0.8355263157894737,0.8857142857142857,0.9316964285714286,0.8599141282693914,0.0992909085247492,0.8355263157894737,0.8857142857142857,0.9316964285714286,0.8599141282693914,0.0992909085247492,0.7892857142857143,0.8607954545454546,0.9316964285714286,0.7073232323232324,0.3783003009006634,0.8211466165413533,0.8673024891774892,0.9343005952380952,0.7836186802963118,0.2368943163303702,0.8235294117647058,0.8676470588235293,0.9344873366013072,0.8150122549019608,0.1744946347080785,0.6551253956351718,0.7607942287017707,0.8689746732026143,0.6382264671016495,0.3504760831963702,0.661764705882353,0.8235294117647058,0.9402573529411764,0.6819852941176471,0.3770897255825808,0.9019607843137254,0.94281045751634,1.0,0.9480392156862744,0.0505908905118353,0.8932748538011696,0.9302884615384616,0.953125,0.9310461650922176,0.0491301452056413,0.7529761904761905,0.8391812865497076,0.943627450980392,0.8079156223893067,0.1697815234509998,0.9057093425605536,0.94281045751634,0.981833910034602,0.8639898116109188,0.1940999044256824,115.0,52.0,9.0,166.0,324.96749970695237,0.1092438829946327,0.8216374269005848,0.688622754491018,0.9485714285714286,0.11092436974789899
170,a_efficientnetb6_random_forest,A,EfficientNetB6; full features; random forest,EfficientNetB6,full,,random_forest,130.9,10,0.8235294117647058,0.8571428571428571,0.9044117647058822,0.8596638655462187,0.079356291049645,0.8105263157894738,0.8566748566748568,0.9114114114114116,0.8628342149394783,0.0785394263341517,0.8105263157894738,0.8566748566748568,0.9114114114114116,0.8628342149394783,0.0785394263341517,0.8105263157894738,0.8566748566748568,0.8961693548387095,0.8548453510231948,0.0824803225283931,0.8210526315789474,0.8566748566748568,0.9037903831250608,0.8588397829813366,0.079676435180735,0.8204656862745098,0.857843137254902,0.9028799019607844,0.859170751633987,0.0794030536703612,0.6524012679528176,0.7204330691528851,0.810322900001956,0.7234830535479129,0.1573030219494185,0.7683823529411764,0.8492647058823529,0.9402573529411764,0.8503676470588235,0.1055921779535903,0.7892156862745098,0.8888888888888888,0.943627450980392,0.8679738562091505,0.0956895880628375,0.8,0.8660714285714286,0.9333333333333332,0.8648214285714287,0.0851698843639576,0.8105263157894738,0.868421052631579,0.9307692307692308,0.8638866396761135,0.0916114712726023,0.9281451244713572,0.9368361928104576,0.9655330882352942,0.9343065167243368,0.0480213204585738,142.0,25.0,23.0,152.0,41.79593066609232,0.1628138030064288,0.8596491228070176,0.8502994011976048,0.8685714285714285,0.0808823529411764
171,a_xception_adaboost,A,Xception; full features; AdaBoost,Xception,full,,adaboost,129.05,10,0.7955882352941176,0.8260504201680672,0.9338235294117646,0.854033613445378,0.0789886663341893,0.8108108108108109,0.8377192982456141,0.9328547297297296,0.8625076121012653,0.0739624379915313,0.8108108108108109,0.8377192982456141,0.9328547297297296,0.8625076121012653,0.0739624379915313,0.7776148582600195,0.8125,0.9289314516129032,0.8438023738332088,0.0857596175022233,0.7942128345354151,0.825109649122807,0.9334972573379832,0.8531549929672371,0.0795215916474288,0.7935049019607844,0.8251633986928104,0.9338235294117646,0.8529003267973856,0.0795820412805172,0.5897974099476636,0.6558410637597255,0.8755574941124977,0.711184195147223,0.1608053042011039,0.7647058823529411,0.7647058823529411,0.8676470588235294,0.813970588235294,0.0968556002763017,0.8333333333333334,0.8823529411764706,0.9722222222222222,0.8918300653594772,0.0828094515829973,0.8031250000000001,0.8666666666666667,0.9736842105263158,0.8790990343505823,0.0924382028781979,0.7894736842105263,0.7947368421052632,0.8835526315789474,0.8375232198142415,0.0837925250154133,0.8940311418685121,0.9184027777777778,0.991340470011534,0.9347943098808152,0.0523506963203707,136.0,31.0,19.0,156.0,671.06422161503,1.0551825020811516,0.8538011695906432,0.8143712574850299,0.8914285714285715,0.138235294117647
172,a_efficientnetb7_adaboost,A,EfficientNetB7; full features; AdaBoost,EfficientNetB7,full,,adaboost,128.65,10,0.801470588235294,0.8571428571428571,0.9044117647058822,0.8596638655462184,0.0675819289671995,0.8139904610492846,0.8610038610038611,0.9024064171122996,0.8645910966654,0.0643229071086917,0.8139904610492846,0.8610038610038611,0.9024064171122996,0.8645910966654,0.0643229071086917,0.7967914438502673,0.8528138528138528,0.9063025210084036,0.8538943377937684,0.0716433964133417,0.8013368983957219,0.856908856908857,0.9043544690603512,0.8592427172295842,0.0677472924449622,0.8021854575163399,0.8570261437908497,0.9044117647058822,0.859375,0.0665989757252381,0.611405172944842,0.7152221073163398,0.8098949041264644,0.722270299290813,0.1341743781440001,0.7794117647058822,0.875,0.8823529411764706,0.8393382352941176,0.0867254051348813,0.8259803921568627,0.8823529411764706,0.8872549019607843,0.8794117647058824,0.0729514117597869,0.8177083333333334,0.8660714285714286,0.8872549019607843,0.8726995798319329,0.0763634924445609,0.793859649122807,0.8786764705882353,0.8955882352941177,0.8531299449604404,0.0747888916759563,0.9100346020761244,0.9168108419838524,0.9492502883506344,0.9322628316032296,0.0378342630311976,140.0,27.0,21.0,154.0,8425.298830683052,4.71213240706129,0.8596491228070176,0.8383233532934131,0.88,0.1029411764705882
173,a_vgg19_adaboost,A,VGG19; full features; AdaBoost,VGG19,full,,adaboost,127.3,10,0.8529411764705882,0.8529411764705882,0.8823529411764706,0.8626890756302521,0.0493938495314634,0.8506493506493507,0.8610038610038611,0.8872549019607843,0.867412188031383,0.0473955675550218,0.8506493506493507,0.8610038610038611,0.8872549019607843,0.867412188031383,0.0473955675550218,0.8411534701857283,0.8528138528138528,0.8784313725490196,0.8569816900367184,0.0527661114429781,0.8520439165600456,0.8528138528138528,0.8819401444788442,0.8621969390340508,0.0495970827240853,0.8512561274509803,0.8552900326797386,0.8813827614379085,0.8626021241830065,0.0491185165071448,0.7055797545149025,0.7130696618769792,0.7669378066220371,0.7283676880153307,0.0974474848849117,0.8152573529411764,0.8235294117647058,0.8823529411764706,0.8503676470588235,0.0802307756691607,0.8823529411764706,0.8823529411764706,0.8888888888888888,0.8748366013071897,0.0564780936538462,0.8595238095238095,0.875,0.8823529411764706,0.8678782741166643,0.0521201642547824,0.8333333333333334,0.8460526315789474,0.8872549019607843,0.863687650498796,0.0678630644356193,0.9167387543252596,0.9358660130718954,0.9530739379084968,0.9336108708189158,0.0313777293044518,142.0,25.0,22.0,153.0,32.93090488592861,0.1853011599159795,0.8625730994152047,0.8502994011976048,0.8742857142857143,0.02941176470588236
174,a_efficientnetb2_rbf_svm,A,EfficientNetB2; full features; RBF SVM,EfficientNetB2,full,,rbf_svm,126.95,10,0.8247899159663865,0.8697478991596639,0.9044117647058822,0.8626890756302521,0.0601232952368248,0.8333333333333334,0.8768768768768769,0.912873399715505,0.86979713548986,0.0569939384503206,0.8333333333333334,0.8768768768768769,0.912873399715505,0.86979713548986,0.0569939384503206,0.8152573529411764,0.8575757575757577,0.8961693548387095,0.8538354220408626,0.0654523270897367,0.8242953431372549,0.8686883055304109,0.9037903831250608,0.8618162787653614,0.0606046003443008,0.8242953431372549,0.8673406862745098,0.9028799019607844,0.8619281045751634,0.0598728420314173,0.6485906862745099,0.7412198607506391,0.810322900001956,0.7294680838077461,0.1184022293584958,0.8125,0.8235294117647058,0.8621323529411764,0.8323529411764706,0.0952766414621364,0.8455882352941176,0.915032679738562,0.9411764705882352,0.8915032679738563,0.0631958512677064,0.8363970588235294,0.9057017543859648,0.932142857142857,0.8823553368715908,0.061787887034361,0.8333333333333334,0.8421052631578947,0.8835526315789474,0.8528769115301623,0.0787041202524346,0.9238153594771242,0.9564590542099192,0.9714262543252596,0.949842608612072,0.0325185386111796,139.0,28.0,19.0,156.0,21.126097052940167,9.800087256997358,0.8625730994152047,0.8323353293413174,0.8914285714285715,0.07962184873949574
175,a_resnet152_adaboost,A,ResNet152; full features; AdaBoost,ResNet152,full,,adaboost,126.5,10,0.8308823529411764,0.8529411764705882,0.8760504201680672,0.8594957983193277,0.0337829526196882,0.8458646616541353,0.8648648648648649,0.874198717948718,0.8664784020124578,0.0285332599499194,0.8458646616541353,0.8648648648648649,0.874198717948718,0.8664784020124578,0.0285332599499194,0.8245436105476673,0.8435972629521017,0.8787878787878788,0.8503693709949026,0.0422790559744888,0.8300696936599573,0.8523005619779813,0.8756270475020476,0.8584238865036802,0.0343919557942401,0.8294526143790849,0.8518178104575163,0.8758169934640523,0.8589869281045752,0.034696341116952,0.6755804008578505,0.7101871343523678,0.7562296408458339,0.7255399213854041,0.066395913025574,0.765625,0.8235294117647058,0.9090073529411764,0.8323529411764705,0.1002238219907084,0.8455882352941176,0.8888888888888888,0.9281045751633986,0.8856209150326798,0.0472822100527466,0.8541666666666666,0.875,0.91289592760181,0.8783885051996508,0.0354324823923225,0.8130252100840336,0.8377192982456141,0.9105263157894736,0.8548916408668731,0.0787268831920116,0.927527873894656,0.9498570261437908,0.9670138888888888,0.9485017781622452,0.0242744882582154,139.0,28.0,20.0,155.0,276.3333844699082,0.5192065329174506,0.8596491228070176,0.8323353293413174,0.8857142857142857,0.04516806722689082
176,a_resnet101_mobilenetv2_adaboost,A,ResNet101+MobileNetV2; full features; AdaBoost,ResNet101+MobileNetV2,full,,adaboost,125.5,10,0.8235294117647058,0.8676470588235294,0.8848739495798319,0.8597478991596639,0.0489666781067917,0.8152573529411764,0.8770739064856712,0.8823529411764706,0.8612302864508747,0.0504514587841662,0.8152573529411764,0.8770739064856712,0.8823529411764706,0.8612302864508747,0.0504514587841662,0.8245436105476673,0.857843137254902,0.8872549019607843,0.8569638991525238,0.0505877197479822,0.8230698529411765,0.8660217402610911,0.8848039215686274,0.8590970928016992,0.0493539829418628,0.8235294117647058,0.8647875816993464,0.8867953431372548,0.85984477124183,0.0490113615673428,0.6481900590308092,0.7389866849355646,0.7754983510252652,0.7239610294523013,0.0954044676598639,0.838235294117647,0.8823529411764706,0.9237132352941176,0.8625,0.0800836980465466,0.8259803921568627,0.857843137254902,0.926470588235294,0.8571895424836601,0.0764400127566673,0.8259803921568627,0.849624060150376,0.91289592760181,0.8576014413862711,0.0631373127731985,0.834313725490196,0.8745098039215686,0.9253472222222222,0.8707072829131655,0.0627144901777398,0.9210730247981546,0.9531970876585928,0.967560553633218,0.9358431853133412,0.0485780695867529,144.0,23.0,25.0,150.0,356.27204476698535,0.8899015440256332,0.8596491228070176,0.8622754491017964,0.8571428571428571,0.061344537815126055
177,a_inceptionv3_rbf_svm,A,InceptionV3; full features; RBF SVM,InceptionV3,full,,rbf_svm,125.35,10,0.8247899159663865,0.8697478991596639,0.8823529411764706,0.8568067226890757,0.0541742777738796,0.8212669683257918,0.873015873015873,0.8932748538011696,0.8609635750386525,0.0549535414690584,0.8212669683257918,0.873015873015873,0.8932748538011696,0.8609635750386525,0.0549535414690584,0.8333333333333334,0.861904761904762,0.875,0.8510393671575212,0.0566635306015469,0.8242953431372549,0.8689223057644111,0.8819444444444444,0.8560014710980868,0.0546521381961414,0.8251633986928104,0.8681576797385622,0.8823529411764706,0.8567606209150327,0.0540308931473077,0.6542624845925595,0.7416840279441033,0.77005354108682,0.7189129120793376,0.1053019310525167,0.8152573529411764,0.8529411764705882,0.8823529411764706,0.8393382352941176,0.0872949965712495,0.7916666666666667,0.915032679738562,0.9411764705882352,0.8741830065359476,0.0806137018532287,0.8004385964912281,0.8995098039215685,0.932142857142857,0.870874428718856,0.0697073899075691,0.8421052631578947,0.8583333333333334,0.8805147058823529,0.8535829658817274,0.0679180386173688,0.9289215686274512,0.9584234429065744,0.9722222222222222,0.944395184544406,0.0366946824309191,140.0,27.0,22.0,153.0,26.776464385038707,12.123292809934355,0.8567251461988304,0.8383233532934131,0.8742857142857143,0.05756302521008405
178,a_efficientnetb7_logistic,A,EfficientNetB7; full features; logistic regression,EfficientNetB7,full,,logistic,123.45,10,0.8071428571428572,0.8676470588235294,0.8823529411764706,0.8569747899159663,0.0691426383546231,0.8083333333333333,0.8605313092979128,0.8972222222222223,0.8629333295287553,0.0661619134982665,0.8083333333333333,0.8605313092979128,0.8972222222222223,0.8629333295287553,0.0661619134982665,0.8058823529411765,0.8610038610038611,0.8805147058823529,0.8489253711312535,0.0745473461022829,0.8071078431372549,0.8651793498567693,0.882250816993464,0.8559293503300044,0.0694929567247791,0.8075980392156863,0.8639705882352942,0.882250816993464,0.8558823529411766,0.0683154521257151,0.6151960784313726,0.7405130272447624,0.7786885594387155,0.7195291101715741,0.1371713078005362,0.7683823529411764,0.8492647058823529,0.8805147058823529,0.8264705882352942,0.0981739270573602,0.8259803921568627,0.8823529411764706,0.9722222222222222,0.8852941176470587,0.0895163731683335,0.8058823529411765,0.8605769230769231,0.9705882352941176,0.8804813976872803,0.0887018044891695,0.8195187165775402,0.857843137254902,0.8972222222222223,0.8470430085909962,0.0769406596567585,0.9085447904652056,0.944540561322568,0.9730902777777778,0.936729863514033,0.0484751084712177,138.0,29.0,20.0,155.0,32.790130165056325,0.3349853369873013,0.8567251461988304,0.8263473053892215,0.8857142857142857,0.0752100840336134
179,a_vgg19_rbf_svm,A,VGG19; full features; RBF SVM,VGG19,full,,rbf_svm,122.1,10,0.7955882352941176,0.8554621848739496,0.9117647058823528,0.8422689075630252,0.0997930757767948,0.8027027027027027,0.8541666666666667,0.9177606177606178,0.8467082866276415,0.0942065350811255,0.8027027027027027,0.8541666666666667,0.9177606177606178,0.8467082866276415,0.0942065350811255,0.8027027027027027,0.8562091503267973,0.9032258064516128,0.8361352278619829,0.1083441175665309,0.7943766346992154,0.855187908496732,0.911072362685266,0.8414217572448122,0.100556175748639,0.7957516339869282,0.8553921568627451,0.9097222222222222,0.8417279411764707,0.0991890505219335,0.5985375258860185,0.7134581430924296,0.8237460196403346,0.6877369051249904,0.1981744413927956,0.8235294117647058,0.875,0.8823529411764706,0.8275735294117647,0.124379104823308,0.7892156862745098,0.857843137254902,0.943627450980392,0.8558823529411764,0.1038629752194093,0.7892156862745098,0.849624060150376,0.9333333333333332,0.8497579119367045,0.106969780151062,0.8259803921568627,0.873015873015873,0.8947368421052632,0.8423069929726275,0.1026741535587615,0.8923010380622837,0.934159938485198,0.9652777777777778,0.914775567089581,0.0750117937730503,138.0,29.0,25.0,150.0,3.119285085995216,2.453482794866431,0.8421052631578947,0.8263473053892215,0.8571428571428571,0.11617647058823521
180,a_xception_resnet50_adaboost,A,Xception+ResNet50; full features; AdaBoost,Xception+ResNet50,full,,adaboost,121.9,10,0.8058823529411765,0.8676470588235294,0.8848739495798319,0.8568067226890757,0.0622444008120207,0.8164414414414415,0.8660714285714286,0.8986842105263158,0.8630931677493647,0.060000772667447,0.8164414414414415,0.8660714285714286,0.8986842105263158,0.8630931677493647,0.060000772667447,0.8145032051282051,0.8528138528138528,0.887719298245614,0.8467311176373146,0.0718682840662231,0.8037440550041357,0.8656926406926406,0.883826754385965,0.8549121426933397,0.0636970514372051,0.8088235294117647,0.8639705882352942,0.8862847222222222,0.8565563725490197,0.0619155263947772,0.6344489040792493,0.737394281282475,0.7909563986620642,0.7263157520859765,0.1173186416408859,0.7536764705882353,0.8180147058823529,0.926470588235294,0.8268382352941176,0.1323580472871253,0.8823529411764706,0.9117647058823528,0.943627450980392,0.8862745098039216,0.0976243947414316,0.8595238095238095,0.8920454545454546,0.9352678571428572,0.8851944868856634,0.0770297116521363,0.7966507177033493,0.8416666666666667,0.9145299145299146,0.8548606821604533,0.1002181957572589,0.9420415224913494,0.9596309111880044,0.967046929065744,0.9473916282199154,0.0437671054777865,138.0,29.0,20.0,155.0,989.2706931400462,1.6172032490139825,0.8567251461988304,0.8263473053892215,0.8857142857142857,0.0789915966386554
181,a_vgg16_vgg19_mlp,A,VGG16+VGG19; full features; MLP,VGG16+VGG19,full,,mlp,121.45,10,0.5294117647058824,0.8697478991596639,0.8848739495798319,0.744873949579832,0.2000236158957768,0.6923076923076923,0.8697478991596639,0.8932748538011696,0.8126691162294877,0.1177871748389348,0.6923076923076923,0.8697478991596639,0.8932748538011696,0.8126691162294877,0.1177871748389348,0.0,0.861904761904762,0.8823529411764706,0.5367191876750701,0.4627145687102872,0.3461538461538461,0.8689223057644111,0.8848039215686274,0.6746941519522789,0.2894799270163949,0.5,0.8700980392156863,0.8848039215686274,0.739031862745098,0.2073305490547374,0.0,0.7401960784313726,0.7829073018684222,0.4802727165018463,0.4164129098283813,0.0,0.8235294117647058,0.8823529411764706,0.5290441176470588,0.4578036745074697,0.9019607843137254,0.9722222222222222,1.0,0.9490196078431372,0.0619326791863718,0.8823529411764706,0.9099264705882352,0.9402573529411764,0.9127859477124184,0.0586313069807629,0.5294117647058824,0.84593837535014,0.8872549019607843,0.7407563025210084,0.1982391300045195,0.815640318627451,0.9168108419838524,0.9284890426758938,0.8835634131103423,0.0820984138663213,89.0,78.0,9.0,166.0,328.0666889960994,0.057206748926546,0.7456140350877193,0.5329341317365269,0.9485714285714286,0.35546218487394954
182,a_resnet101_densenet169_adaboost,A,ResNet101+DenseNet169; full features; AdaBoost,ResNet101+DenseNet169,full,,adaboost,121.05,10,0.8308823529411764,0.8550420168067226,0.8823529411764706,0.8564705882352941,0.0565088128155361,0.8484848484848485,0.8535714285714285,0.8932748538011696,0.8607262421542607,0.051987452039541,0.8484848484848485,0.8535714285714285,0.8932748538011696,0.8607262421542607,0.051987452039541,0.8371212121212122,0.8610038610038611,0.8729166666666667,0.8499614434291853,0.065260424315863,0.8303909632034633,0.8547443547443547,0.8816337719298246,0.8553438427917233,0.0573120265618387,0.8356311274509804,0.8562091503267975,0.8813827614379085,0.8563521241830067,0.0567808049307077,0.6785870340416935,0.716607489684721,0.7694606011597156,0.7202039407377957,0.1107498025620416,0.8152573529411764,0.8529411764705882,0.9402573529411764,0.8496323529411764,0.1146138027015243,0.8235294117647058,0.8823529411764706,0.9281045751633986,0.8630718954248365,0.075273040552323,0.8083333333333333,0.8819444444444444,0.9111842105263156,0.8606244778613199,0.0645348523736102,0.8355263157894737,0.8625,0.932142857142857,0.8672570631123262,0.0880229014312125,0.9139273356401384,0.9409722222222222,0.9700115340253748,0.9328070934256056,0.0492019849428985,142.0,25.0,24.0,151.0,649.8882237240323,0.9635402730200435,0.8567251461988304,0.8502994011976048,0.8628571428571429,0.05147058823529416
183,a_efficientnetb0_rbf_svm,A,EfficientNetB0; full features; RBF SVM,EfficientNetB0,full,,rbf_svm,120.4,10,0.8247899159663865,0.8529411764705882,0.8823529411764706,0.8599159663865545,0.0442418331295682,0.8235294117647058,0.8566748566748568,0.8823529411764706,0.8573088596618008,0.0501175135211405,0.8235294117647058,0.8566748566748568,0.8823529411764706,0.8573088596618008,0.0501175135211405,0.8346774193548387,0.849624060150376,0.8823529411764706,0.8614739513021746,0.040384439127235,0.8247549019607843,0.8523005619779813,0.8823529411764706,0.8593914054819878,0.0445163293866059,0.8251633986928104,0.8518178104575163,0.8854166666666667,0.8606821895424837,0.0441965284094631,0.6631615528078457,0.7060887634054509,0.7708333333333334,0.7258555897254058,0.0873979146170927,0.838235294117647,0.8823529411764706,0.9375,0.8863970588235295,0.0523228345723499,0.7892156862745098,0.8284313725490196,0.875,0.8349673202614379,0.0908819292486644,0.7979876160990712,0.8333333333333334,0.8583333333333334,0.8432750995134896,0.0771700250918782,0.8541666666666666,0.875,0.9338942307692308,0.8871554735254426,0.0440345697977113,0.9287773933102654,0.9448529411764705,0.9644097222222222,0.944039552095348,0.0277559618685565,148.0,19.0,29.0,146.0,11.234550667053554,5.423718596925028,0.8596491228070176,0.8862275449101796,0.8342857142857143,0.05756302521008405
184,a_densenet201_gaussian_nb,A,DenseNet201; full features; Gaussian naive Bayes,DenseNet201,full,,gaussian_nb,120.05,10,0.8235294117647058,0.8550420168067226,0.8981092436974789,0.8567226890756302,0.0508250935936237,0.8355263157894737,0.8610038610038611,0.8980343980343981,0.8645450266502899,0.0447091755223331,0.8355263157894737,0.8610038610038611,0.8980343980343981,0.8645450266502899,0.0447091755223331,0.8031250000000001,0.8435972629521017,0.9,0.8469408289152449,0.0597441133092235,0.8215186403508772,0.8542310639084834,0.898051948051948,0.8557429277827673,0.0516636803466144,0.8203125,0.8545751633986928,0.8982843137254901,0.8562091503267976,0.0511443600157191,0.6463628988229657,0.7152221073163398,0.7980027249383881,0.7177939681957021,0.0983072521842468,0.7647058823529411,0.8180147058823529,0.9237132352941176,0.8264705882352942,0.0986774568198282,0.8455882352941176,0.8856209150326797,0.9281045751633986,0.8859477124183007,0.0459444531095551,0.8392857142857143,0.8819444444444444,0.9097222222222222,0.8750992063492063,0.0456623498964164,0.8,0.8377192982456141,0.9237132352941176,0.8482286487162648,0.0751781044785265,0.8203125,0.8529411764705881,0.8982843137254901,0.8558823529411764,0.0511547996450966,138.0,29.0,20.0,155.0,0.6778369839303191,0.1074493349879045,0.8567251461988304,0.8263473053892215,0.8857142857142857,0.07457983193277307
185,a_resnet50v2_adaboost,A,ResNet50V2; full features; AdaBoost,ResNet50V2,full,,adaboost,117.75,10,0.7955882352941176,0.8676470588235294,0.9117647058823528,0.8484873949579832,0.0760895380976088,0.7948079658605974,0.8733974358974359,0.9177606177606178,0.8550480399629008,0.073163484307049,0.7948079658605974,0.8733974358974359,0.9177606177606178,0.8550480399629008,0.073163484307049,0.7909090909090909,0.8582375478927202,0.9032258064516128,0.8400288562521109,0.081125003882995,0.7952907452907453,0.8658174918950781,0.911072362685266,0.8475384481075057,0.0764330310724979,0.7953431372549019,0.8647875816993464,0.9112540849673202,0.8477328431372548,0.076135874840008,0.5919425444829756,0.7416605143025041,0.8246549384483127,0.7013106157859839,0.1521073656452036,0.7536764705882353,0.8235294117647058,0.921875,0.8209558823529413,0.103871409694961,0.8259803921568627,0.8856209150326797,0.943627450980392,0.8745098039215687,0.0880562480457978,0.8199013157894737,0.8642533936651584,0.9307692307692308,0.8664358908205658,0.0875039510203694,0.7944862155388471,0.83125,0.9236842105263156,0.8408428546857338,0.0857561975085068,0.8917243367935409,0.9565972222222222,0.9731833910034602,0.9267625432525952,0.0659203112368057,137.0,30.0,22.0,153.0,212.96001458604587,0.5214008531183932,0.847953216374269,0.8203592814371258,0.8742857142857143,0.11617647058823521
186,a_resnet50_adaboost,A,ResNet50; full features; AdaBoost,ResNet50,full,,adaboost,117.35,10,0.8132352941176471,0.8676470588235294,0.8848739495798319,0.8568067226890758,0.0557263887889489,0.8340724316334072,0.8770739064856712,0.8972222222222223,0.8644552465132783,0.0541085862525019,0.8340724316334072,0.8770739064856712,0.8972222222222223,0.8644552465132783,0.0541085862525019,0.8222811671087533,0.8571428571428571,0.8854166666666666,0.8444749981697897,0.0666673616837429,0.810437523173897,0.8656926406926406,0.8847017973856208,0.8544651223415342,0.057544846833466,0.8147467320261438,0.8639705882352942,0.8860294117647058,0.855841503267974,0.0549098390457456,0.660899613572564,0.7416605143025041,0.7817754280811242,0.72758688666954,0.1006309121516799,0.75,0.8492647058823529,0.926470588235294,0.813970588235294,0.1265071576556074,0.8455882352941176,0.9411764705882352,0.9444444444444444,0.8977124183006536,0.1012902040250401,0.8431174089068826,0.9282051282051282,0.9392156862745096,0.8979785230249627,0.0849442749792177,0.8116883116883117,0.8585526315789473,0.9159919028340082,0.846392017425299,0.0849880399985424,0.8950403690888118,0.9237432718185314,0.9725796568627452,0.9263288158400614,0.0552028884065058,136.0,31.0,18.0,157.0,283.54024567909073,0.520969061995856,0.8567251461988304,0.8143712574850299,0.8971428571428571,0.07163865546218484
187,a_efficientnetb7_rbf_svm,A,EfficientNetB7; full features; RBF SVM,EfficientNetB7,full,,rbf_svm,115.85,10,0.8058823529411765,0.8529411764705882,0.9044117647058822,0.8542016806722689,0.0678545050118479,0.8139904610492846,0.8622291021671826,0.91289592760181,0.8612557739492723,0.0654601229647572,0.8139904610492846,0.8622291021671826,0.91289592760181,0.8612557739492723,0.0654601229647572,0.7909090909090909,0.8529411764705882,0.8930020283975659,0.8455351984053809,0.0709521972210683,0.8047717574033363,0.8529411764705882,0.902948977999688,0.8533954861773265,0.0678164065092254,0.8051470588235294,0.8543709150326797,0.9002757352941176,0.8532679738562091,0.0668259675044667,0.6131968631685945,0.7152280841443119,0.8170686908854454,0.7135395665873402,0.1365260504557882,0.7647058823529411,0.8125,0.8805147058823529,0.8205882352941177,0.0915729047579749,0.8259803921568627,0.8823529411764706,0.9411764705882352,0.8859477124183007,0.0831383796163125,0.8031250000000001,0.8823529411764706,0.939102564102564,0.8787210910005028,0.0878773075142973,0.7807017543859649,0.8571428571428571,0.8805147058823529,0.841998992579488,0.0775494606518432,0.8932622068435218,0.9428044502114572,0.967046929065744,0.9250853037293348,0.0532403747310042,137.0,30.0,20.0,155.0,189.34270923602162,63.695874628960155,0.8538011695906432,0.8203592814371258,0.8857142857142857,0.09852941176470575
188,a_efficientnetb6_adaboost,A,EfficientNetB6; full features; AdaBoost,EfficientNetB6,full,,adaboost,115.75,10,0.8235294117647058,0.838235294117647,0.8775210084033613,0.8538655462184874,0.0532234261696603,0.8145032051282051,0.849624060150376,0.8828828828828829,0.8584135609600005,0.0522320386072381,0.8145032051282051,0.849624060150376,0.8828828828828829,0.8584135609600005,0.0522320386072381,0.8083333333333333,0.8360215053763441,0.8738859180035651,0.847696294060146,0.0574978518500327,0.8215186403508772,0.8373519689043883,0.877419149477973,0.8530549275100732,0.0537433950923305,0.8235294117647058,0.8402777777777778,0.8774509803921569,0.8539828431372548,0.0531314043520221,0.6551253956351718,0.6870755986422148,0.7552080678456565,0.7130174933028862,0.1028696132591078,0.7766544117647058,0.8529411764705882,0.9237132352941176,0.8393382352941176,0.0915934028812384,0.838235294117647,0.8888888888888888,0.9281045751633986,0.8686274509803923,0.0759845892594533,0.8236607142857143,0.8708333333333333,0.91289592760181,0.8634889542861679,0.0637358371977918,0.7916666666666667,0.8543859649122807,0.9186507936507936,0.8546773797238194,0.0715350822165038,0.9160238850442136,0.9345444059976932,0.9509293300653594,0.9199935121107268,0.0489048092992255,140.0,27.0,23.0,152.0,5872.2198777359445,3.5450058589340188,0.8538011695906432,0.8383233532934131,0.8685714285714285,0.05399159663865549
189,a_vgg16_vgg19_adaboost,A,VGG16+VGG19; full features; AdaBoost,VGG16+VGG19,full,,adaboost,114.2,10,0.8235294117647058,0.8260504201680672,0.875,0.8452941176470586,0.0609827145850353,0.8259803921568627,0.8333333333333334,0.8779809220985691,0.8522867100846977,0.0565349013727172,0.8259803921568627,0.8333333333333334,0.8779809220985691,0.8522867100846977,0.0565349013727172,0.8125,0.8235294117647058,0.8714421252371917,0.8368938435589289,0.0670163744919234,0.8229166666666667,0.8259803921568627,0.8747115236678804,0.8445902768218133,0.0613565006315622,0.8235294117647058,0.8259803921568627,0.8767361111111112,0.8449754901960784,0.0605685855350272,0.6481900590308092,0.6542232553165204,0.7543926864060886,0.6946116902291363,0.1218819458549359,0.7647058823529411,0.8180147058823529,0.8621323529411764,0.8213235294117647,0.0990935949560947,0.8333333333333334,0.8823529411764706,0.8823529411764706,0.8686274509803921,0.0588799858182444,0.8259803921568627,0.8564102564102565,0.8666666666666667,0.8585988727474796,0.0610685894120814,0.7894736842105263,0.8284313725490196,0.8855263157894737,0.8407478868740478,0.0841970686029053,0.915513264129181,0.9226919934640524,0.9366890138408304,0.9286019800076892,0.0335279717241208,137.0,30.0,23.0,152.0,100.99792154197348,0.3123600019607689,0.8450292397660819,0.8203592814371258,0.8685714285714285,0.05147058823529416
190,a_resnet152v2_random_forest,A,ResNet152V2; full features; random forest,ResNet152V2,full,,random_forest,109.95,10,0.8058823529411765,0.8676470588235294,0.8823529411764706,0.845546218487395,0.0626472326017199,0.7967914438502673,0.8692307692307693,0.8972222222222223,0.840306113483091,0.0746287567494562,0.7967914438502673,0.8692307692307693,0.8972222222222223,0.840306113483091,0.0746287567494562,0.8245436105476673,0.8432055749128919,0.8898026315789473,0.8472677144426891,0.0555834115150457,0.8013407213179637,0.8641309839585701,0.8816337719298246,0.8437869139628902,0.0632340108582583,0.8100490196078431,0.8611111111111112,0.8823529411764706,0.8455882352941178,0.061638353313268,0.6497763299016006,0.7416605143025041,0.7859342073022424,0.7053797350988026,0.1231629406727871,0.8235294117647058,0.8235294117647058,0.9852941176470588,0.8735294117647058,0.1016964900383524,0.7647058823529411,0.8284313725490196,0.926470588235294,0.8176470588235294,0.1333237212990539,0.7857142857142857,0.8328173374613003,0.9145299145299146,0.8373235407523334,0.1032731257202821,0.8139204545454546,0.8328173374613003,0.984375,0.8829054588342513,0.0902350008781432,0.9282006920415226,0.957158905228758,0.9779096381199538,0.9424656382160708,0.0589756952412814,146.0,21.0,32.0,143.0,7.4779988779337145,0.1036327139590863,0.8450292397660819,0.874251497005988,0.8171428571428572,0.07647058823529407
191,a_inceptionv3_adaboost,A,InceptionV3; full features; AdaBoost,InceptionV3,full,,adaboost,109.85,10,0.7735294117647058,0.8235294117647058,0.8970588235294117,0.8331092436974789,0.0970734343350569,0.7833333333333333,0.8360215053763441,0.9034749034749034,0.8460093090908032,0.0866334543784033,0.7833333333333333,0.8360215053763441,0.9034749034749034,0.8460093090908032,0.0866334543784033,0.7548076923076923,0.80625,0.8936355710549257,0.8146845250071056,0.1143520713292496,0.7729166666666667,0.81805173992674,0.896251089799477,0.8303469170489544,0.0991516578454996,0.7736928104575163,0.8180147058823529,0.8955269607843137,0.8316993464052287,0.0968368000288329,0.5501622898730082,0.6681184812082296,0.7970938061304099,0.6766419618153616,0.1887893464978308,0.6452205882352942,0.7941176470588235,0.8805147058823529,0.7735294117647059,0.1579998612996339,0.8235294117647058,0.8823529411764706,0.9861111111111112,0.8898692810457517,0.0922015322551975,0.8,0.8424242424242425,0.9833333333333332,0.8765190365190365,0.0974347325473863,0.7401315789473684,0.8065015479876161,0.8986842105263158,0.8141994051625228,0.1156013919560652,0.88739907727797,0.9272154940407537,0.9616493656286044,0.912978181468666,0.0726068202701736,129.0,38.0,19.0,156.0,651.6756856979919,0.7588691029231991,0.8333333333333334,0.7724550898203593,0.8914285714285715,0.12352941176470589
192,a_mobilenetv2_adaboost,A,MobileNetV2; full features; AdaBoost,MobileNetV2,full,,adaboost,108.65,10,0.7955882352941176,0.838235294117647,0.8981092436974789,0.8392436974789916,0.0772531042664843,0.8045454545454546,0.8360071301247771,0.9,0.8449451447245565,0.0730216418078865,0.8045454545454546,0.8360071301247771,0.9,0.8449451447245565,0.0730216418078865,0.7909090909090909,0.8360071301247771,0.8980343980343981,0.8288342286136403,0.0926473865273848,0.7954545454545454,0.8381716322892794,0.8979349479349479,0.8368896866690985,0.0798449399768573,0.795751633986928,0.8388480392156863,0.899765114379085,0.8383374183006536,0.0791590154730658,0.5922685356272132,0.6770828023579797,0.8002454830839527,0.6872954299388614,0.1513522961635348,0.7794117647058822,0.8492647058823529,0.9237132352941176,0.8253676470588236,0.1437667672383586,0.7892156862745098,0.8284313725490196,0.8872549019607843,0.8513071895424836,0.0945299058245632,0.8031250000000001,0.8235294117647058,0.891640866873065,0.8520308737530101,0.0938677752194516,0.7892156862745098,0.8529411764705882,0.9236842105263156,0.8474626233759361,0.1016505461761715,0.9134948096885812,0.943218954248366,0.9652777777777778,0.9234717416378316,0.0654729675001088,138.0,29.0,26.0,149.0,135.0769298680243,0.36578769597690497,0.8391812865497076,0.8263473053892215,0.8514285714285714,0.10252100840336131
193,a_resnet101_adaboost,A,ResNet101; full features; AdaBoost,ResNet101,full,,adaboost,108.6,10,0.7771008403361345,0.8260504201680672,0.8529411764705882,0.833529411764706,0.0753125915211757,0.7833333333333333,0.8348214285714286,0.8681318681318682,0.8414410701910702,0.074315057714913,0.7833333333333333,0.8348214285714286,0.8681318681318682,0.8414410701910702,0.074315057714913,0.7658371040723981,0.8077324973876698,0.84688995215311,0.8222506420758393,0.0796561562141983,0.776916221033868,0.8202447223828803,0.8520330244468175,0.8318458561334546,0.0755096468384565,0.7772160947712418,0.8220996732026143,0.8529411764705883,0.8326388888888889,0.0751326318025651,0.5541766578452366,0.6807276187474979,0.7306884047036343,0.6774313396746215,0.1522820552338077,0.7058823529411765,0.7886029411764706,0.8676470588235294,0.7904411764705882,0.1074245441216231,0.7777777777777778,0.8529411764705882,1.0,0.8748366013071894,0.1152837961842269,0.7647058823529411,0.8375,1.0,0.8716316526610643,0.1158335299839807,0.7556818181818181,0.8006535947712419,0.8793859649122807,0.8187108814817794,0.0810780403811313,0.8924542243367936,0.9100346020761244,0.9540441176470588,0.9196510957324108,0.0524169444306477,132.0,35.0,22.0,153.0,283.7479079058976,0.5222197319380936,0.8333333333333334,0.7904191616766467,0.8742857142857143,0.07584033613445373
194,a_inceptionv3_random_forest,A,InceptionV3; full features; random forest,InceptionV3,full,,random_forest,108.2,10,0.7941176470588235,0.8264705882352941,0.8760504201680672,0.8421848739495799,0.0553925375446837,0.8027027027027027,0.833976833976834,0.8797134238310709,0.8479521238344768,0.0542769113192894,0.8027027027027027,0.833976833976834,0.8797134238310709,0.8479521238344768,0.0542769113192894,0.7909090909090909,0.8137931034482759,0.8760504201680672,0.834993879895977,0.0585458430741145,0.793939393939394,0.8248452696728559,0.8760504201680672,0.8414730018652268,0.0556274380993111,0.7941176470588236,0.823937908496732,0.8762254901960784,0.8418709150326797,0.0554286564921792,0.5976143046671968,0.6572873385303359,0.7524509803921569,0.687560910106414,0.1090435393579775,0.7536764705882353,0.8235294117647058,0.8823529411764706,0.8213235294117649,0.0878121662839594,0.8259803921568627,0.8823529411764706,0.8872549019607843,0.8624183006535949,0.0618416023726317,0.8177083333333334,0.8571428571428571,0.8823529411764706,0.8540957408604468,0.054914406852345,0.7857142857142857,0.8180147058823529,0.8823529411764706,0.8373657796451915,0.0720273140018178,0.8706026528258362,0.9168558967704727,0.9530739379084968,0.9114403114186852,0.0493539305152733,137.0,30.0,24.0,151.0,13.390680464101024,0.1067684270092282,0.8421052631578947,0.8203592814371258,0.8628571428571429,0.08193277310924374
195,a_efficientnetb0_adaboost,A,EfficientNetB0; full features; AdaBoost,EfficientNetB0,full,,adaboost,107.55,10,0.7955882352941176,0.8260504201680672,0.875,0.8422689075630252,0.0632409007630157,0.8031250000000001,0.8269230769230769,0.8724662162162162,0.8463690793837852,0.0625480594248607,0.8031250000000001,0.8269230769230769,0.8724662162162162,0.8463690793837852,0.0625480594248607,0.7909090909090909,0.8256048387096775,0.8771929824561403,0.8361389484919541,0.0667361115662106,0.7954545454545454,0.825109649122807,0.8744051511188609,0.8412540139378699,0.063412745588136,0.795751633986928,0.8276143790849673,0.874438316993464,0.8412785947712418,0.0629644301711904,0.5943358083656931,0.6641929030742698,0.7538078422212036,0.6892828714715309,0.1275782591828114,0.7647058823529411,0.8125,0.9117647058823528,0.83125,0.0985198085750317,0.7892156862745098,0.8529411764705882,0.8888888888888888,0.8513071895424836,0.0850406085803841,0.7864583333333334,0.8441295546558705,0.8666666666666667,0.8482925309125001,0.0772308449946616,0.7807017543859649,0.8328173374613003,0.9107142857142856,0.8478544400216226,0.0818543833357569,0.9238754325259516,0.9310661764705882,0.95828227124183,0.9293769223375624,0.0448552094476022,139.0,28.0,26.0,149.0,543.3944412830169,0.3646738699171688,0.8421052631578947,0.8323353293413174,0.8514285714285714,0.0794117647058824
196,a_resnet101_densenet121_adaboost,A,ResNet101+DenseNet121; full features; AdaBoost,ResNet101+DenseNet121,full,,adaboost,107.05,10,0.801470588235294,0.8529411764705882,0.8560924369747899,0.8452100840336134,0.0528050953633886,0.8083333333333333,0.8528138528138528,0.8700623700623701,0.8505184267684269,0.0505847356146746,0.8083333333333333,0.8528138528138528,0.8700623700623701,0.8505184267684269,0.0505847356146746,0.7940340909090908,0.8380355276907001,0.854978354978355,0.8388197572654976,0.0558956634585751,0.8011837121212122,0.8512521960797823,0.8557096057096057,0.8446690920169623,0.0527885000189678,0.8022365196078431,0.8500816993464052,0.857281454248366,0.8450980392156863,0.0527437500052711,0.6048376796253426,0.7101871343523678,0.717963891956277,0.6940224707061265,0.107128650472181,0.7647058823529411,0.8180147058823529,0.8676470588235294,0.8323529411764706,0.0834809822322645,0.7892156862745098,0.8823529411764706,0.8872549019607843,0.8578431372549019,0.0646521273452022,0.7952302631578947,0.8708333333333333,0.8898026315789473,0.8503365880765262,0.0633722463822687,0.7944862155388471,0.8284313725490196,0.8771929824561403,0.8475743279768049,0.0727801893289849,0.9141345876585928,0.9276960784313726,0.9550173010380624,0.9266568146866588,0.0351043821529737,139.0,28.0,25.0,150.0,619.3698630940053,0.835560510982759,0.8450292397660819,0.8323353293413174,0.8571428571428571,0.054621848739495826
197,a_efficientnetb6_rbf_svm,A,EfficientNetB6; full features; RBF SVM,EfficientNetB6,full,,rbf_svm,102.3,10,0.7720588235294117,0.8407563025210084,0.8760504201680672,0.8303361344537816,0.0819081818060037,0.7803030303030303,0.849624060150376,0.8809523809523809,0.8353205274257907,0.08141367875693,0.7803030303030303,0.849624060150376,0.8809523809523809,0.8353205274257907,0.08141367875693,0.7625,0.8304924242424243,0.8705357142857143,0.824146514405135,0.0834654564171913,0.7714015151515151,0.8400582421964,0.8757440476190476,0.8297335209154628,0.0819442023423211,0.7714460784313725,0.8398692810457515,0.8759191176470589,0.8295547385620914,0.0813905321219141,0.5431472460805308,0.6836025715854985,0.7518382352941176,0.6627194472536997,0.1649017821954234,0.7647058823529411,0.8180147058823529,0.8621323529411764,0.8143382352941175,0.0942791519219404,0.7679738562091503,0.857843137254902,0.8888888888888888,0.8447712418300652,0.0915454047601939,0.7569444444444444,0.8500000000000001,0.875,0.8377777777777776,0.0924276308309105,0.7833333333333333,0.8229166666666667,0.8760504201680672,0.8286206324635117,0.0865547559976551,0.8967794838523645,0.919934640522876,0.9471837754709728,0.914714292579777,0.0559536632082877,136.0,31.0,27.0,148.0,122.39781826996477,47.99136813299265,0.8304093567251462,0.8143712574850299,0.8457142857142858,0.10399159663865554
198,a_efficientnetb0_mobilenet_adaboost,A,EfficientNetB0+MobileNet; full features; AdaBoost,EfficientNetB0+MobileNet,full,,adaboost,99.0,10,0.8058823529411765,0.838235294117647,0.8529411764705882,0.8365546218487395,0.042527706207357,0.8139904610492846,0.849624060150376,0.8747528015820699,0.8455551626102105,0.0430407351487733,0.8139904610492846,0.849624060150376,0.8747528015820699,0.8455551626102105,0.0430407351487733,0.7909090909090909,0.8191721132897603,0.8460410557184751,0.8251580958222323,0.0438052890078528,0.8047717574033363,0.8349806047080078,0.8525572073959171,0.8353566292162216,0.0423035850834218,0.8041258169934641,0.8336397058823529,0.8529411764705882,0.8354166666666666,0.0428924594518496,0.6117671246065028,0.6775291882392052,0.729420144187213,0.6792004731943648,0.0903212766237476,0.7647058823529411,0.7647058823529411,0.8235294117647058,0.7904411764705882,0.0664934312071104,0.8259803921568627,0.857843137254902,0.9281045751633986,0.880392156862745,0.0773220999774661,0.8152573529411764,0.8452380952380952,0.9151785714285714,0.8707282913165265,0.080704485288669,0.784324942791762,0.8,0.8308823529411765,0.8172000680516295,0.0488915875873497,0.8997981545559401,0.9324058054594386,0.9376621972318336,0.9236771914648212,0.0332826546688878,132.0,35.0,21.0,154.0,649.4514385589864,0.5732864969177166,0.8362573099415205,0.7904191616766467,0.88,0.04705882352941171
199,a_densenet121_gaussian_nb,A,DenseNet121; full features; Gaussian naive Bayes,DenseNet121,full,,gaussian_nb,94.45,10,0.755672268907563,0.8407563025210084,0.875,0.8247899159663866,0.0879812714433427,0.7611159546643418,0.8409090909090909,0.8724662162162162,0.8268229696835009,0.0844502417472962,0.7611159546643418,0.8409090909090909,0.8724662162162162,0.8268229696835009,0.0844502417472962,0.7702702702702703,0.8311195445920303,0.8809523809523809,0.8209353583049028,0.0953314760390229,0.754636601410795,0.8401093218455647,0.8746617965367965,0.8238791639942018,0.0887367418970549,0.759344362745098,0.839562908496732,0.875,0.8255514705882352,0.0873709612836185,0.5264410071514587,0.6809667453611967,0.754316851111752,0.6555667710779911,0.1724286768100309,0.8152573529411764,0.8529411764705882,0.9375,0.8334558823529411,0.125946173921601,0.7794117647058822,0.8235294117647058,0.875,0.8176470588235294,0.0972712599763246,0.7321428571428572,0.8284313725490196,0.8605263157894737,0.815859685979655,0.0876240394443061,0.8083333333333333,0.8585526315789473,0.9307692307692308,0.8442469767934163,0.1028222386741155,0.759344362745098,0.839562908496732,0.875,0.8255514705882352,0.0873709612836185,139.0,28.0,32.0,143.0,0.3536046898807394,0.0495967270690012,0.8245614035087719,0.8323353293413174,0.8171428571428572,0.119327731092437
200,a_mobilenet_resnet101_adaboost,A,MobileNet+ResNet101; full features; AdaBoost,MobileNet+ResNet101,full,,adaboost,93.75,10,0.8058823529411765,0.8529411764705882,0.8560924369747899,0.833361344537815,0.0436562507511215,0.8142857142857143,0.8571428571428571,0.862934362934363,0.8460687755424597,0.0364518355639326,0.8142857142857143,0.8571428571428571,0.862934362934363,0.8460687755424597,0.0364518355639326,0.7769230769230769,0.8435972629521017,0.854978354978355,0.8159672048381725,0.058598368191349,0.8032967032967033,0.8523005619779813,0.856060606060606,0.8310179901903162,0.0457466165598357,0.8036151960784315,0.8529411764705882,0.8569240196078431,0.8324754901960784,0.0440753692434385,0.6221436913772271,0.7071067811865476,0.7167744428279281,0.6777469750400846,0.0794238716014089,0.6764705882352942,0.8235294117647058,0.8621323529411764,0.7727941176470589,0.1117523427974679,0.8455882352941176,0.8856209150326797,0.9411764705882352,0.8921568627450981,0.0658658669186534,0.8365384615384616,0.875,0.9237012987012988,0.8801790040025335,0.0645163533489033,0.7625,0.8284313725490196,0.8722910216718266,0.8112500667696521,0.070216026569437,0.8909133506343714,0.9296424452133794,0.95046977124183,0.9211264898116108,0.044462016379355,129.0,38.0,19.0,156.0,437.35384161706315,0.837109074927866,0.8333333333333334,0.7724550898203593,0.8914285714285715,0.05021008403361338
201,a_nasnetmobile_random_forest,A,NASNetMobile; full features; random forest,NASNetMobile,full,,random_forest,92.2,10,0.7941176470588235,0.8260504201680672,0.8529411764705882,0.8247058823529411,0.0429041685576223,0.8051282051282052,0.8284313725490196,0.8583260680034874,0.8294675598091159,0.0415408534291506,0.8051282051282052,0.8284313725490196,0.8583260680034874,0.8294675598091159,0.0415408534291506,0.7704991087344029,0.8229166666666667,0.8583260680034874,0.8182672059033866,0.0476023696014724,0.7906599147978458,0.8256740196078431,0.85178727114211,0.8238673828562512,0.0430968281073799,0.7899305555555556,0.826797385620915,0.8523794934640523,0.8241217320261438,0.0432195902407514,0.5899447419016163,0.6569412036501174,0.7141205606065656,0.6524012832430472,0.0871527074264856,0.7647058823529411,0.8125,0.8676470588235294,0.8136029411764705,0.0737140247785864,0.7777777777777778,0.8300653594771241,0.8872549019607843,0.834640522875817,0.0677171006924593,0.7708978328173375,0.823076923076923,0.8666666666666667,0.8278764785266335,0.0593068275036875,0.7807017543859649,0.8328173374613003,0.8667763157894737,0.8287526414074401,0.0558483733634201,0.8943780637254903,0.9315467608612074,0.9445015138408306,0.9218587802768166,0.0357824686070697,136.0,31.0,29.0,146.0,5.130401377973612,0.0971105190692465,0.8245614035087719,0.8143712574850299,0.8342857142857143,0.05882352941176472
202,a_mobilenet_adaboost,A,MobileNet; full features; AdaBoost,MobileNet,full,,adaboost,86.5,10,0.7663865546218487,0.8088235294117647,0.8468487394957983,0.8188235294117646,0.0579272792288048,0.7833333333333333,0.8171701112877583,0.8545310015898251,0.8263128674893381,0.0564663431841372,0.7833333333333333,0.8171701112877583,0.8545310015898251,0.8263128674893381,0.0564663431841372,0.7670777988614801,0.8006535947712419,0.8373655913978495,0.8088852060863445,0.064275899897111,0.7663398692810457,0.8080157956818298,0.8459482964938374,0.8175990367878413,0.0587155637192582,0.7667483660130718,0.8088235294117647,0.8472222222222222,0.81828022875817,0.0585814358323272,0.5394405610495241,0.6223365640983043,0.7034275346417854,0.6419621987080809,0.1150326128765344,0.7205882352941176,0.7941176470588235,0.8621323529411764,0.7908088235294117,0.0956895202458995,0.7892156862745098,0.8529411764705882,0.8888888888888888,0.845751633986928,0.0755303473689793,0.7921052631578948,0.8284313725490196,0.8760504201680672,0.8349284977148754,0.0659678756842531,0.7536764705882353,0.80625,0.8621323529411764,0.8125763439347029,0.0720207953430455,0.9039792387543252,0.927431757016532,0.9575734092656673,0.9257449058054597,0.0408869769244128,132.0,35.0,27.0,148.0,121.70618298900081,0.3105127601302225,0.8187134502923976,0.7904191616766467,0.8457142857142858,0.08046218487394963
203,a_efficientnetb3_gaussian_nb,A,EfficientNetB3; full features; Gaussian naive Bayes,EfficientNetB3,full,,gaussian_nb,82.95,10,0.7483193277310924,0.8529411764705882,0.8529411764705882,0.8157983193277311,0.0630069067726832,0.7391891891891892,0.847926267281106,0.8648648648648649,0.8108178056565153,0.0700126367639329,0.7391891891891892,0.847926267281106,0.8648648648648649,0.8108178056565153,0.0700126367639329,0.7649359886201992,0.8387096774193549,0.8607698607698608,0.8180523468549035,0.0615198626028322,0.746861933704039,0.85178727114211,0.8525572073959171,0.8144350762557094,0.0635670785926494,0.75,0.8506944444444444,0.8538602941176471,0.8156862745098039,0.0625056510609693,0.5074815234667334,0.7050707456243541,0.714629569497114,0.6388384498928469,0.1248088978725071,0.8152573529411764,0.8492647058823529,0.8823529411764706,0.85,0.0936486219776262,0.6911764705882353,0.7941176470588235,0.875,0.7813725490196078,0.099414822789104,0.7321428571428572,0.8047619047619048,0.8558823529411765,0.7948739495798319,0.0696048277813202,0.8105263157894738,0.8441295546558705,0.8872549019607843,0.851589191682071,0.0819751807071688,0.7499999999999999,0.8506944444444444,0.8538602941176471,0.8156862745098039,0.0625056510609693,142.0,25.0,38.0,137.0,1.1082051190896887,0.19727493997197532,0.8157894736842105,0.8502994011976048,0.7828571428571428,0.10462184873949576
204,a_vgg16_decision_tree,A,VGG16; full features; decision tree,VGG16,full,,decision_tree,80.25,10,0.726890756302521,0.8235294117647058,0.8455882352941176,0.7787394957983194,0.1118486027017033,0.7390350877192983,0.8284313725490196,0.84688995215311,0.7876813486720607,0.1060878338721974,0.7390350877192983,0.8284313725490196,0.84688995215311,0.7876813486720607,0.1060878338721974,0.725,0.80625,0.8487394957983193,0.7678429250488074,0.1194952236281529,0.725890092879257,0.8219846491228071,0.845492742551566,0.777762136860434,0.1122178170246709,0.7268688725490196,0.8235294117647058,0.8463031045751633,0.7785130718954247,0.1123527832142562,0.456647260889242,0.6521807716563897,0.6967676573738313,0.5608940525931685,0.2262065149773969,0.6920955882352942,0.7647058823529411,0.8621323529411764,0.7544117647058823,0.1265498877395379,0.7361111111111112,0.8284313725490196,0.8823529411764706,0.8026143790849674,0.1243186202909958,0.7100694444444444,0.8095238095238095,0.8784313725490196,0.787396578739458,0.1335149463053722,0.75,0.7756892230576441,0.8667763157894737,0.777437466214556,0.1065773902929554,0.7268688725490196,0.8235294117647058,0.8463031045751633,0.7785130718954247,0.1123527832142562,126.0,41.0,35.0,140.0,2.8181539959623474,0.0056411199038841,0.7777777777777778,0.7544910179640718,0.8,0.11869747899159666
205,a_efficientnetb0_gaussian_nb,A,EfficientNetB0; full features; Gaussian naive Bayes,EfficientNetB0,full,,gaussian_nb,80.05,10,0.8058823529411765,0.8235294117647058,0.8455882352941176,0.8218487394957983,0.0363477085019912,0.786527514231499,0.8235294117647058,0.84688995215311,0.8159181419133482,0.042981112730776,0.786527514231499,0.8235294117647058,0.84688995215311,0.8159181419133482,0.042981112730776,0.8051282051282052,0.8235294117647058,0.8422459893048129,0.8258717065528212,0.0342928723587738,0.8032780462322058,0.8235294117647058,0.845492742551566,0.8208949242330845,0.0366005317605125,0.8078022875816994,0.8235294117647058,0.8463031045751633,0.8225490196078431,0.0357875674581807,0.6333176685778519,0.6475052094106373,0.6935245303343551,0.6517819682159388,0.0725926271451503,0.8235294117647058,0.875,0.8823529411764706,0.8676470588235295,0.0692374847638506,0.7205882352941176,0.8006535947712419,0.8235294117647058,0.7774509803921569,0.0758227841927519,0.7470760233918128,0.8165266106442577,0.8235294117647058,0.7926766559893494,0.0502335080314845,0.8235294117647058,0.8660714285714286,0.8805147058823529,0.8659631544925663,0.0615007958095137,0.8078022875816993,0.8235294117647058,0.8463031045751633,0.8225490196078431,0.0357875674581807,145.0,22.0,39.0,136.0,0.46703408309258493,0.0609589190571566,0.8216374269005848,0.8682634730538922,0.7771428571428571,0.039705882352941146
206,a_nasnetmobile_adaboost,A,NASNetMobile; full features; AdaBoost,NASNetMobile,full,,adaboost,77.95,10,0.7771008403361345,0.8235294117647058,0.8455882352941176,0.8040336134453782,0.0733987634828004,0.7833333333333333,0.8235294117647058,0.8533834586466165,0.809778447177828,0.0750470535107934,0.7833333333333333,0.8235294117647058,0.8533834586466165,0.809778447177828,0.0750470535107934,0.7704991087344029,0.8117647058823529,0.8349146110056926,0.7973053385577105,0.0719002588323052,0.776916221033868,0.8222910216718267,0.844722806297759,0.8035418928677693,0.0731669752544292,0.7769607843137254,0.8214869281045751,0.8463031045751633,0.8037581699346406,0.0731162746059821,0.5541766578452366,0.6475052094106373,0.6999591503267975,0.6101619135319191,0.1479331041777987,0.7536764705882353,0.7647058823529411,0.8621323529411764,0.7852941176470589,0.0781090189344873,0.7777777777777778,0.8235294117647058,0.875,0.8222222222222223,0.089194336149503,0.7679738562091503,0.8180147058823529,0.8511904761904762,0.812795284780579,0.0852369264718145,0.7777777777777778,0.8,0.8621323529411764,0.8000455796353629,0.0762770746924212,0.8512110726643598,0.8986928104575163,0.9463667820069204,0.8876706074586697,0.070590222186607,131.0,36.0,31.0,144.0,123.64221073698718,0.3196377520216624,0.804093567251462,0.7844311377245509,0.8228571428571428,0.06848739495798317
207,a_vgg16_adaboost,A,VGG16; full features; AdaBoost,VGG16,full,,adaboost,76.7,10,0.7955882352941176,0.8235294117647058,0.8235294117647058,0.8101680672268907,0.0450335325147556,0.8031250000000001,0.8220211161387632,0.8399122807017544,0.8216443196444896,0.037372032101242,0.8031250000000001,0.8220211161387632,0.8399122807017544,0.8216443196444896,0.037372032101242,0.7776148582600195,0.80625,0.8308823529411765,0.7946437093899142,0.0611868473418325,0.7947928415670351,0.8219846491228071,0.8233762254901961,0.8081440145172019,0.0472514996810805,0.7957005718954249,0.8235294117647058,0.8235294117647058,0.8092524509803921,0.047601064125358,0.5936387473446266,0.6493212945322067,0.6622086558355124,0.6266839746525438,0.0912822770554647,0.7058823529411765,0.7647058823529411,0.8207720588235294,0.7665441176470589,0.1057655549069137,0.7892156862745098,0.857843137254902,0.8888888888888888,0.8519607843137255,0.0661185047869191,0.7966507177033493,0.8284313725490196,0.8642857142857143,0.8354682005301199,0.0602404074646017,0.7619047619047619,0.7947368421052632,0.8235294117647058,0.7997002977392329,0.0685952288572518,0.8900452950788159,0.9029339677047288,0.9156574394463668,0.9022719627066512,0.0257527526009399,128.0,39.0,26.0,149.0,32.153634521062486,0.1863355569657865,0.8099415204678363,0.7664670658682635,0.8514285714285714,0.027941176470588247
208,a_inceptionresnetv2_gaussian_nb,A,InceptionResNetV2; full features; Gaussian naive Bayes,InceptionResNetV2,full,,gaussian_nb,74.9,10,0.7647058823529411,0.8088235294117647,0.8468487394957983,0.7979831932773107,0.0677757705163612,0.7921052631578948,0.8356867779204107,0.8533834586466165,0.8160837600568023,0.0625640564922166,0.7921052631578948,0.8356867779204107,0.8533834586466165,0.8160837600568023,0.0625640564922166,0.7351851851851852,0.788888888888889,0.8321572580645161,0.7732498758708436,0.0796458082053185,0.7620248538011696,0.8030285741453906,0.8464360475051265,0.794666817963823,0.0691577563390469,0.7647058823529411,0.804125816993464,0.8464052287581699,0.7957516339869279,0.0681915661519325,0.5499848725803762,0.6338279010497225,0.6967676573738313,0.6064077652547637,0.136620404853614,0.6305147058823529,0.7352941176470589,0.8005514705882353,0.7117647058823529,0.1000138158468421,0.8823529411764706,0.915032679738562,0.943627450980392,0.8797385620915034,0.0914358087260975,0.8512820512820513,0.8920454545454546,0.9195804195804196,0.8565921359342413,0.0947901348935825,0.7204968944099379,0.780952380952381,0.8071428571428572,0.765383022774327,0.0646445165298482,0.7647058823529411,0.804125816993464,0.8464052287581698,0.7957516339869279,0.0681915661519325,119.0,48.0,21.0,154.0,0.7437517639482389,0.1108799369540062,0.7982456140350878,0.7125748502994012,0.88,0.08214285714285718
209,a_densenet169_gaussian_nb,A,DenseNet169; full features; Gaussian naive Bayes,DenseNet169,full,,gaussian_nb,73.85,10,0.7720588235294117,0.8088235294117647,0.827310924369748,0.8071428571428572,0.06157656642066,0.7921052631578948,0.8205128205128205,0.8333333333333334,0.8162552684534109,0.0584371758532914,0.7921052631578948,0.8205128205128205,0.8333333333333334,0.8162552684534109,0.0584371758532914,0.7572227399813607,0.7855603448275862,0.8374613003095974,0.7937711558617785,0.0723026205197838,0.7684443203499465,0.8053096933314718,0.8270526960784313,0.8050132121575947,0.0626864939546032,0.7673611111111112,0.8088235294117647,0.8272058823529411,0.8061274509803923,0.0614403921404617,0.5441690605640161,0.6335206102158326,0.6635284007262718,0.6217072621660581,0.1203033599882222,0.6875,0.7941176470588235,0.8621323529411764,0.7720588235294119,0.1156774464893549,0.8259803921568627,0.857843137254902,0.8872549019607843,0.8401960784313726,0.0915998297430601,0.7733516483516484,0.8348416289592759,0.8784313725490196,0.8285552682611506,0.0743469284220851,0.7529761904761905,0.7947368421052632,0.8700980392156863,0.8028817879746672,0.0810090212563013,0.7673611111111112,0.8088235294117647,0.8416234140715109,0.8073961937716264,0.0637177970692374,129.0,38.0,28.0,147.0,0.6289275150629687,0.0862054540193634,0.8070175438596491,0.7724550898203593,0.84,0.05525210084033627
210,a_efficientnetb1_gaussian_nb,A,EfficientNetB1; full features; Gaussian naive Bayes,EfficientNetB1,full,,gaussian_nb,73.5,10,0.7720588235294117,0.8117647058823529,0.8468487394957983,0.8099159663865546,0.0465319983996362,0.7921052631578948,0.8171701112877583,0.8349146110056926,0.8138321307061943,0.0443379008810551,0.7921052631578948,0.8171701112877583,0.8349146110056926,0.8138321307061943,0.0443379008810551,0.759469696969697,0.8057040998217468,0.8373655913978495,0.8044738280506781,0.0521281410762246,0.7714015151515151,0.8114371055547526,0.8459482964938374,0.8091529793784362,0.0468063149178974,0.772314133986928,0.8112745098039216,0.8455371732026143,0.8094158496732025,0.0468444665191631,0.5471494052345847,0.6235310242474725,0.694377719659574,0.6218270054806436,0.0939849985307424,0.7647058823529411,0.8125,0.8676470588235294,0.8077205882352942,0.0801183839691427,0.7777777777777778,0.8235294117647058,0.8333333333333334,0.8111111111111111,0.0556473247781175,0.7866541353383458,0.8,0.8207720588235294,0.8047165094107818,0.0463367173655327,0.7598684210526316,0.8235294117647058,0.8667763157894737,0.820140424590889,0.0639974780332716,0.772314133986928,0.8112745098039216,0.8455371732026143,0.8094158496732025,0.0468444665191631,135.0,32.0,33.0,142.0,0.606727180012967,0.0859003489604214,0.8099415204678363,0.8083832335329342,0.8114285714285714,0.07478991596638662
211,a_resnet152_decision_tree,A,ResNet152; full features; decision tree,ResNet152,full,,decision_tree,71.2,10,0.75,0.7941176470588235,0.8428571428571429,0.7892436974789916,0.0761665805335677,0.7625,0.8054054054054054,0.8455598455598455,0.796051051051051,0.0769268426606007,0.7625,0.8054054054054054,0.8455598455598455,0.796051051051051,0.0769268426606007,0.7390029325513197,0.7810361681329423,0.8428571428571429,0.7794094167481265,0.0828597212857421,0.7494242461984397,0.7932207867691738,0.8428571428571429,0.7877302338995887,0.0774953393755546,0.7493872549019609,0.7941176470588236,0.843545751633987,0.788296568627451,0.0771801368825172,0.5001522584953672,0.5934349778279933,0.6870915032679739,0.5805214713857716,0.1525080552645569,0.7058823529411765,0.7573529411764706,0.8621323529411764,0.7716911764705883,0.1113572131546431,0.7892156862745098,0.8284313725490196,0.8333333333333334,0.8049019607843138,0.0852886221542567,0.7569444444444444,0.80625,0.8399122807017544,0.7929438178780284,0.0709398035017438,0.7291666666666666,0.7836257309941521,0.8676470588235294,0.7916063107858773,0.0901904438304706,0.7493872549019607,0.7941176470588235,0.8435457516339869,0.788296568627451,0.0771801368825172,129.0,38.0,34.0,141.0,27.588401687971782,0.0123570060241032,0.7894736842105263,0.7724550898203593,0.8057142857142857,0.09285714285714286
212,a_efficientnetb7_mlp,A,EfficientNetB7; full features; MLP,EfficientNetB7,full,,mlp,70.0,10,0.7352941176470589,0.7827731092436975,0.8455882352941176,0.7834453781512605,0.091376696507258,0.7013392857142857,0.7918586789554531,0.8373655913978495,0.7622445497260488,0.1280157959682253,0.7013392857142857,0.7918586789554531,0.8373655913978495,0.7622445497260488,0.1280157959682253,0.7234848484848485,0.7956493078444298,0.8459821428571428,0.7935367897600138,0.0800991235954595,0.7264491605955021,0.7772034707518578,0.8453395562770563,0.7778906697430312,0.0981016818826853,0.7389705882352942,0.7802287581699346,0.8454350490196079,0.7865196078431371,0.087544502070771,0.4949747468305833,0.5855515437506071,0.691788419223244,0.5939502291051978,0.1625888623772871,0.7766544117647058,0.8823529411764706,0.9402573529411764,0.8514705882352942,0.1337548304596147,0.661764705882353,0.7434640522875817,0.8308823529411765,0.7215686274509804,0.1909819380322235,0.7006578947368421,0.7613636363636364,0.828125,0.7648594067611095,0.1179710231662577,0.7583333333333333,0.8571428571428571,0.9246323529411764,0.8527684407096171,0.107625400137487,0.8160082660515187,0.8414311803152633,0.9228211505190312,0.8695279459823144,0.0686352513656801,142.0,25.0,49.0,126.0,553.9674389088759,0.6402701751212585,0.783625730994152,0.8502994011976048,0.72,0.11029411764705876
213,a_efficientnetb3_decision_tree,A,EfficientNetB3; full features; decision tree,EfficientNetB3,full,,decision_tree,67.4,10,0.7647058823529411,0.7970588235294118,0.8176470588235294,0.7952941176470587,0.051936731391822,0.7620120120120121,0.7878787878787878,0.8176470588235294,0.7946679834915129,0.0556911154509459,0.7620120120120121,0.7878787878787878,0.8176470588235294,0.7946679834915129,0.0556911154509459,0.7598684210526316,0.8,0.8120777027027027,0.7942074275449638,0.052895140535516,0.7620248538011696,0.7966420966420966,0.8171875000000001,0.7944377055182383,0.0522960239437837,0.7640931372549019,0.7973856209150327,0.8177593954248367,0.7952410130718954,0.0514834872267665,0.5320095281838139,0.5952814202656367,0.637022746208904,0.5939770523574459,0.1021524854463676,0.7766544117647058,0.8235294117647058,0.8621323529411764,0.8084558823529411,0.072593099022974,0.7328431372549019,0.7777777777777778,0.8235294117647058,0.7820261437908497,0.0819104027671615,0.75,0.7777777777777778,0.8058035714285714,0.7847140522875817,0.0630159736947733,0.7864583333333334,0.8235294117647058,0.842948717948718,0.8128227289566299,0.0570320788289402,0.7640931372549019,0.7973856209150326,0.8177593954248367,0.7952410130718954,0.0514834872267665,135.0,32.0,38.0,137.0,116.28008636692539,0.0196143820649008,0.7953216374269005,0.8083832335329342,0.7828571428571428,0.05294117647058827
214,a_resnet152v2_adaboost,A,ResNet152V2; full features; AdaBoost,ResNet152V2,full,,adaboost,66.5,10,0.7720588235294117,0.7970588235294118,0.8455882352941176,0.7980672268907563,0.0513668517684306,0.7909090909090909,0.8146341463414635,0.8446969696969697,0.8075890086363543,0.0484747811658869,0.7909090909090909,0.8146341463414635,0.8446969696969697,0.8075890086363543,0.0484747811658869,0.7208994708994709,0.8,0.8394886363636364,0.7845856790093033,0.0619466872105106,0.7641082720351013,0.796969696969697,0.8453395562770563,0.7960873438228289,0.0523157252994,0.7638888888888888,0.7973856209150327,0.8454350490196079,0.7964256535947711,0.0521919345277824,0.5498684921447488,0.6044323148287396,0.691788419223244,0.6000449039675347,0.1015972980939464,0.661764705882353,0.8180147058823529,0.8235294117647058,0.7650735294117647,0.1036456114552521,0.7892156862745098,0.8284313725490196,0.8700980392156863,0.8277777777777778,0.0681163316063372,0.7797619047619048,0.8229166666666667,0.8333333333333334,0.8143743103301928,0.0567637102836129,0.7302371541501976,0.8180147058823529,0.8333333333333334,0.7932334534604355,0.0689071375886096,0.856401384083045,0.8734741445597847,0.9059946895424836,0.8812896482122261,0.0497268122231996,128.0,39.0,30.0,145.0,214.45229707407998,0.5195500258705573,0.7982456140350878,0.7664670658682635,0.8285714285714286,0.07352941176470595
215,a_resnet50v2_decision_tree,A,ResNet50V2; full features; decision tree,ResNet50V2,full,,decision_tree,66.4,10,0.707983193277311,0.7352941176470589,0.8676470588235294,0.7695798319327731,0.0980822634582991,0.6984962406015037,0.7616724738675958,0.8722910216718266,0.7760900580956459,0.1070033475442835,0.6984962406015037,0.7616724738675958,0.8722910216718266,0.7760900580956459,0.1070033475442835,0.671875,0.7320574162679425,0.8500000000000001,0.7579168146498935,0.0961688069571912,0.704358552631579,0.7293210854186465,0.8657894736842106,0.7670034363727698,0.0985831831727099,0.707516339869281,0.7309027777777778,0.8676470588235294,0.7681781045751636,0.0973697184015658,0.4250104384735943,0.4765024653191421,0.7399669832486265,0.5475095795337739,0.199518396821598,0.661764705882353,0.7279411764705883,0.8005514705882353,0.7301470588235294,0.0962333684707544,0.7099673202614379,0.8300653594771241,0.9281045751633986,0.8062091503267974,0.1613234226638747,0.6920955882352942,0.7757575757575758,0.91289592760181,0.8016994035376388,0.1437467829256127,0.6967391304347825,0.7633053221288515,0.7994505494505495,0.7573846528577987,0.0760592091750334,0.7075163398692811,0.7309027777777778,0.8676470588235294,0.7681781045751633,0.0973697184015658,122.0,45.0,34.0,141.0,18.607105804956518,0.0128481480642216,0.7690058479532164,0.7305389221556886,0.8057142857142857,0.15966386554621848
216,a_efficientnetb1_efficientnetb5_gaussian_nb,A,EfficientNetB1+EfficientNetB5; full features; Gaussian naive Bayes,EfficientNetB1+EfficientNetB5,full,,gaussian_nb,64.2,10,0.7720588235294117,0.8117647058823529,0.8235294117647058,0.7984033613445378,0.0498606521209901,0.7704991087344029,0.80625,0.8207720588235294,0.7922195010123204,0.0658823747303978,0.7704991087344029,0.80625,0.8207720588235294,0.7922195010123204,0.0658823747303978,0.7733516483516484,0.8,0.8308823529411765,0.8013355787659193,0.0388556928205975,0.7720142602495543,0.8089285714285714,0.8229166666666667,0.7967775398891199,0.0504779398702361,0.7731821895424836,0.808312908496732,0.8235294117647058,0.7981617647058823,0.0482858957700139,0.5471481406672694,0.6241830065359477,0.6515837655350015,0.6043114581567548,0.0961347027382387,0.8152573529411764,0.8235294117647058,0.8805147058823529,0.8257352941176471,0.0624206532082409,0.7328431372549019,0.7647058823529411,0.8120915032679739,0.7705882352941176,0.1175845068921802,0.7438080495356036,0.7836257309941521,0.815015479876161,0.787552548930258,0.0861785706387045,0.785427807486631,0.8348416289592759,0.8625,0.8249876593994241,0.0418504852182189,0.7731821895424836,0.808312908496732,0.8235294117647058,0.7981617647058823,0.0482858957700139,138.0,29.0,40.0,135.0,3.7234693139325823,1.0092285870341582,0.7982456140350878,0.8263473053892215,0.7714285714285715,0.05147058823529416
217,a_resnet101_mobilenetv2_decision_tree,A,ResNet101+MobileNetV2; full features; decision tree,ResNet101+MobileNetV2,full,,decision_tree,64.0,10,0.7720588235294117,0.7941176470588235,0.8161764705882353,0.7727731092436974,0.0852684253412448,0.7741935483870968,0.7947368421052632,0.8176470588235294,0.771747566496393,0.0993323705056367,0.7741935483870968,0.7947368421052632,0.8176470588235294,0.771747566496393,0.0993323705056367,0.746969696969697,0.7993447993447993,0.8203497615262321,0.7701982374088636,0.0806579250526332,0.7691781764786858,0.7932207867691738,0.8161319073083779,0.7709729019526284,0.0870337110860774,0.768841911764706,0.7941176470588236,0.8164317810457515,0.7723243464052286,0.0844591649446604,0.5434799696511895,0.5934349778279933,0.634697693813858,0.5490099860175421,0.1676803284649908,0.7205882352941176,0.8125,0.8235294117647058,0.7783088235294117,0.0930251195441602,0.7238562091503269,0.8006535947712419,0.8308823529411765,0.7663398692810458,0.1293982849871017,0.75,0.7752100840336134,0.8207720588235294,0.7687856506238859,0.0940602969560224,0.7569444444444444,0.8235294117647058,0.8399122807017544,0.7846612194135413,0.0836816097238372,0.768841911764706,0.7941176470588236,0.8164317810457515,0.7723243464052286,0.0844591649446604,130.0,37.0,41.0,134.0,33.66423509886954,0.0204535110387947,0.7719298245614035,0.7784431137724551,0.7657142857142857,0.044117647058823595
218,a_efficientnetb7_gaussian_nb,A,EfficientNetB7; full features; Gaussian naive Bayes,EfficientNetB7,full,,gaussian_nb,64.0,10,0.7663865546218487,0.7827731092436975,0.8161764705882353,0.7984033613445377,0.0415689483328121,0.7521551724137931,0.7694497153700189,0.8038194444444444,0.7880732938476449,0.053206592495097,0.7521551724137931,0.7694497153700189,0.8038194444444444,0.7880732938476449,0.053206592495097,0.7807017543859649,0.8001422475106685,0.8301282051282052,0.8054536232719596,0.0349658325583814,0.7653508771929824,0.7804042925746779,0.8153130448997385,0.7967634585598022,0.0416610543152989,0.7732332516339868,0.7843137254901961,0.8161764705882353,0.7992034313725489,0.0392730242004624,0.5506859533587192,0.5853099610940178,0.642552187875417,0.6084297609807918,0.078436672876174,0.8152573529411764,0.8529411764705882,0.8823529411764706,0.8503676470588235,0.0699936233845228,0.6764705882352942,0.7140522875816994,0.8088235294117647,0.7480392156862746,0.1075892127325867,0.7296650717703349,0.743421052631579,0.7973684210526316,0.7731772613351561,0.0752567777504419,0.8199013157894737,0.8535714285714285,0.8642857142857143,0.8455733082706767,0.053589009546329,0.7732332516339869,0.784313725490196,0.8161764705882353,0.7992034313725489,0.0392730242004624,142.0,25.0,44.0,131.0,6.247121726977639,1.6307912740157915,0.7982456140350878,0.8502994011976048,0.7485714285714286,0.0497899159663866
219,a_resnet101_decision_tree,A,ResNet101; full features; decision tree,ResNet101,full,,decision_tree,62.5,10,0.7352941176470589,0.7794117647058824,0.827310924369748,0.775126050420168,0.0789709331894065,0.7245657568238214,0.812015503875969,0.8421052631578947,0.7861099302485268,0.0817938629427271,0.7245657568238214,0.812015503875969,0.8421052631578947,0.7861099302485268,0.0817938629427271,0.693711967545639,0.7783783783783784,0.8125,0.7576703500344475,0.0878250410014174,0.718872370612547,0.7771348598173726,0.8262061403508771,0.7718901401414872,0.0804386902493872,0.7254901960784313,0.7794117647058824,0.8259803921568627,0.7741217320261438,0.0801746139671664,0.4816600737796507,0.5772076271893843,0.6643373049478744,0.5598596064992746,0.1575182520078593,0.661764705882353,0.7352941176470589,0.8088235294117647,0.73125,0.1317666982006824,0.7377450980392157,0.857843137254902,0.8872549019607843,0.8169934640522877,0.1199642692630605,0.7352941176470589,0.8333333333333334,0.8666666666666667,0.8052488687782805,0.0994292297120254,0.6878342245989304,0.7738095238095237,0.7973684210526316,0.7671705031294815,0.0926718868384847,0.7254901960784313,0.7794117647058824,0.8259803921568626,0.7741217320261438,0.0801746139671664,122.0,45.0,32.0,143.0,26.740883320919238,0.0129583810921754,0.7748538011695907,0.7305389221556886,0.8171428571428572,0.09201680672268908
220,a_efficientnetb4_gaussian_nb,A,EfficientNetB4; full features; Gaussian naive Bayes,EfficientNetB4,full,,gaussian_nb,62.3,10,0.7426470588235294,0.7823529411764706,0.8176470588235294,0.7864705882352943,0.076196088522902,0.7647058823529411,0.7841832963784183,0.831578947368421,0.7905557162764745,0.0721891710340165,0.7647058823529411,0.7841832963784183,0.831578947368421,0.7905557162764745,0.0721891710340165,0.7366310160427807,0.7823529411764706,0.8081081081081082,0.7790243349376477,0.0860895974109932,0.7424751718869366,0.7820253408488702,0.8157894736842105,0.784790025607061,0.076780072642008,0.7426470588235294,0.7840073529411765,0.8151552287581699,0.7856617647058823,0.0767473453684115,0.4935532485619101,0.5680147058823529,0.6386114426778009,0.5782860038148923,0.1551200782785983,0.7169117647058824,0.7886029411764706,0.8676470588235294,0.7889705882352941,0.1327517593254359,0.7328431372549019,0.7647058823529411,0.8562091503267973,0.7823529411764707,0.0810972731965618,0.75,0.7712418300653594,0.8160173160173161,0.7785502079619727,0.0692553844221048,0.7328431372549019,0.80625,0.8558823529411765,0.806983518044899,0.1080881390067169,0.7426470588235292,0.7840073529411764,0.8151552287581699,0.7856617647058822,0.0767473453684115,132.0,35.0,38.0,137.0,1.8483819200191642,0.348321723984554,0.7865497076023392,0.7904191616766467,0.7828571428571428,0.07499999999999996
221,a_efficientnetb0_decision_tree,A,EfficientNetB0; full features; decision tree,EfficientNetB0,full,,decision_tree,62.1,10,0.7426470588235294,0.7794117647058822,0.8199579831932773,0.7803361344537815,0.0569712367615362,0.7483193277310924,0.8,0.8277027027027027,0.7887310304957363,0.0525369455000794,0.7483193277310924,0.8,0.8277027027027027,0.7887310304957363,0.0525369455000794,0.7311688311688311,0.7694497153700189,0.8146167557932263,0.7694170219407411,0.0663878825729308,0.7405844155844156,0.7786040309759474,0.8198083778966132,0.7790740262182387,0.0577211812074454,0.7407066993464053,0.7781862745098039,0.8198529411764706,0.7798406862745098,0.0579742795502735,0.4859063317697443,0.5615674554025544,0.6399609715707268,0.5634761513057416,0.1145490493419128,0.7169117647058824,0.7647058823529411,0.8088235294117647,0.7606617647058824,0.1061086282723913,0.7647058823529411,0.8006535947712419,0.8333333333333334,0.7990196078431373,0.0525648512699119,0.7536764705882353,0.7947368421052632,0.8207720588235294,0.7843383581502776,0.0443872288214993,0.7329545454545454,0.7712418300653594,0.8223684210526316,0.7830471901679332,0.0823177193944673,0.7407066993464053,0.7781862745098038,0.8198529411764706,0.7798406862745098,0.0579742795502736,127.0,40.0,35.0,140.0,47.86347866302822,0.0094468679162669,0.7807017543859649,0.7604790419161677,0.8,0.07731092436974785
222,a_efficientnetb2_decision_tree,A,EfficientNetB2; full features; decision tree,EfficientNetB2,full,,decision_tree,62.05,10,0.7352941176470589,0.753781512605042,0.8397058823529412,0.7748739495798318,0.0719080408977604,0.7463320463320464,0.7669683257918551,0.8363636363636364,0.781051476345594,0.0720376365767327,0.7463320463320464,0.7669683257918551,0.8363636363636364,0.781051476345594,0.0720376365767327,0.7272727272727273,0.753781512605042,0.8206896551724138,0.7665904480914623,0.0747609582910579,0.7350649350649351,0.7533603121838416,0.8372679045092838,0.773820962218528,0.0719547909803444,0.7352941176470589,0.7532679738562091,0.8355800653594772,0.7741217320261438,0.0723027964629422,0.4714045207910317,0.5073301372570366,0.685277413024262,0.5520656606897988,0.1463037482777773,0.7058823529411765,0.7573529411764706,0.8088235294117647,0.7606617647058822,0.0985959986199629,0.7647058823529411,0.7777777777777778,0.8194444444444444,0.7875816993464053,0.0839557684880073,0.75,0.7669683257918551,0.7865497076023392,0.7775899023577042,0.0775637716940002,0.7258771929824561,0.7573529411764706,0.8200280112044818,0.7783854243451767,0.0850190445439482,0.7352941176470587,0.7532679738562091,0.8355800653594772,0.7741217320261438,0.0723027964629422,127.0,40.0,37.0,138.0,80.12728860991774,0.013882311934139,0.7748538011695907,0.7604790419161677,0.7885714285714286,0.10441176470588232
223,a_efficientnetb4_decision_tree,A,EfficientNetB4; full features; decision tree,EfficientNetB4,full,,decision_tree,61.9,10,0.6766806722689076,0.7970588235294118,0.8455882352941176,0.7663025210084033,0.1045785855449134,0.6988721804511279,0.8041958041958042,0.8422459893048129,0.7760148116417467,0.0918240773037331,0.6988721804511279,0.8041958041958042,0.8422459893048129,0.7760148116417467,0.0918240773037331,0.6505681818181819,0.7870967741935484,0.8487394957983193,0.7540880374632746,0.120374220630784,0.6747201811346548,0.7956462891946763,0.845492742551566,0.7650514245525106,0.1056242573712058,0.6754493464052288,0.7957516339869282,0.8491115196078431,0.7662581699346405,0.105398498750829,0.353011171654718,0.5980218437004636,0.701039112807911,0.5358070597116668,0.210877012748024,0.6176470588235294,0.7867647058823529,0.8676470588235294,0.7544117647058823,0.1533949558987978,0.7328431372549019,0.7712418300653594,0.8235294117647058,0.7781045751633986,0.0828381058690788,0.6957013574660633,0.7836257309941521,0.8374613003095974,0.7599738647145768,0.1008834901556896,0.6779761904761905,0.7886029411764706,0.8676470588235294,0.7791818394024276,0.121258761887925,0.6754493464052289,0.795751633986928,0.8491115196078431,0.7662581699346405,0.105398498750829,126.0,41.0,39.0,136.0,200.37333246902563,0.0292474359739568,0.7660818713450293,0.7544910179640718,0.7771428571428571,0.16890756302521004
224,a_efficientnetb2_gaussian_nb,A,EfficientNetB2; full features; Gaussian naive Bayes,EfficientNetB2,full,,gaussian_nb,58.45,10,0.7483193277310924,0.7823529411764706,0.8235294117647058,0.7895798319327731,0.0468536275937409,0.7587440381558028,0.7823529411764706,0.8359288097886541,0.7906804802224205,0.0445377489167626,0.7587440381558028,0.7823529411764706,0.8359288097886541,0.7906804802224205,0.0445377489167626,0.7587440381558028,0.7823529411764706,0.8,0.7859778404749942,0.052919747492935,0.7476875270992918,0.7823529411764706,0.8210526315789474,0.7883291603487073,0.0461947235736387,0.75,0.7840073529411765,0.8194444444444444,0.7893178104575164,0.0458499293009135,0.5036582697927234,0.5680147058823529,0.6479515952918626,0.5861600214544073,0.0984625081837827,0.75,0.7886029411764706,0.8235294117647058,0.8018382352941178,0.1052274419649344,0.7328431372549019,0.7647058823529411,0.8120915032679739,0.776797385620915,0.0729449050670846,0.7536764705882353,0.7752525252525253,0.7964285714285715,0.7787433155080213,0.050825314986788,0.7735294117647058,0.8,0.8207720588235294,0.8151528944911298,0.0895913257239857,0.7499999999999999,0.7840073529411764,0.8194444444444444,0.7893178104575164,0.0458499293009135,134.0,33.0,39.0,136.0,0.8248992640874345,0.142974566086195,0.7894736842105263,0.8023952095808383,0.7771428571428571,0.0752100840336134
225,a_mobilenetv2_decision_tree,A,MobileNetV2; full features; decision tree,MobileNetV2,full,,decision_tree,58.1,10,0.7483193277310924,0.7647058823529411,0.7985294117647059,0.7689915966386555,0.0813072678159847,0.7704714640198511,0.7777777777777778,0.796969696969697,0.7757758383305173,0.0813213995809925,0.7704714640198511,0.7777777777777778,0.796969696969697,0.7757758383305173,0.0813213995809925,0.7108294930875576,0.75,0.8108108108108109,0.7577952227098337,0.089278704093248,0.7438762850053173,0.7638888888888888,0.7976341444083379,0.7667855305201755,0.0821102878082687,0.7443831699346406,0.7647058823529411,0.8002450980392157,0.7674836601307189,0.0816272716757115,0.5008520195531483,0.534926714589959,0.607346814793511,0.542259663416781,0.1639671873828847,0.661764705882353,0.7352941176470589,0.8648897058823529,0.7470588235294118,0.1163609233170734,0.7099673202614379,0.8235294117647058,0.8700980392156863,0.7879084967320261,0.1124639965562508,0.75,0.7928571428571429,0.8250000000000001,0.7779971988795518,0.0984810073836109,0.7175324675324676,0.7368421052631579,0.8553571428571428,0.7717269778724887,0.08519568568834,0.7443831699346406,0.7647058823529411,0.8002450980392157,0.7674836601307189,0.0816272716757115,125.0,42.0,37.0,138.0,11.846428637159988,0.0094885420985515,0.7690058479532164,0.7485029940119761,0.7885714285714286,0.05021008403361349
226,a_resnet50v2_gaussian_nb,A,ResNet50V2; full features; Gaussian naive Bayes,ResNet50V2,full,,gaussian_nb,57.75,10,0.7132352941176471,0.7684873949579831,0.838235294117647,0.7781512605042017,0.0757349622689704,0.6488095238095238,0.7419354838709677,0.8290322580645162,0.745902787609128,0.1035199843402477,0.6488095238095238,0.7419354838709677,0.8290322580645162,0.745902787609128,0.1035199843402477,0.7548076923076923,0.7892882311486962,0.8390663390663391,0.8004802892310728,0.059690903257102,0.7051529987760098,0.7659781369458789,0.837325301841431,0.7731915384201004,0.0798534755344799,0.7228860294117647,0.7704248366013072,0.8384906045751633,0.7805964052287581,0.0736719197169835,0.4870495544685364,0.5719779236070094,0.6797336620567098,0.5815760347808702,0.134888259165693,0.8768382352941176,0.8823529411764706,0.9402573529411764,0.8977941176470589,0.0575536959051406,0.5220588235294118,0.6584967320261439,0.7745098039215687,0.6633986928104576,0.1494162693399582,0.657051282051282,0.7159090909090908,0.7911764705882354,0.7279455185337538,0.0910663532234618,0.8291855203619909,0.8697478991596639,0.9214285714285716,0.8762663072221896,0.0677247812202536,0.7228860294117647,0.7704248366013072,0.8384906045751633,0.7805964052287582,0.0736719197169835,150.0,17.0,59.0,116.0,0.6859489239868702,0.1207879970315837,0.7777777777777778,0.8982035928143712,0.6628571428571428,0.12499999999999989
227,a_efficientnetb6_gaussian_nb,A,EfficientNetB6; full features; Gaussian naive Bayes,EfficientNetB6,full,,gaussian_nb,57.55,10,0.7205882352941176,0.7970588235294118,0.827310924369748,0.7805042016806722,0.064490042231364,0.7127450980392157,0.7810361681329423,0.8422459893048129,0.774233381432148,0.0726652741140003,0.7127450980392157,0.7810361681329423,0.8422459893048129,0.774233381432148,0.0726652741140003,0.7380952380952381,0.8001422475106685,0.8277027027027027,0.7839814320319664,0.0594664070185541,0.7197626418988649,0.7959234894718765,0.8257878151260504,0.7791074067320573,0.0641336400282518,0.725030637254902,0.798202614379085,0.8265420751633986,0.7804942810457517,0.0631650560955028,0.4583912544657275,0.6041026447514063,0.661735092698597,0.568236885894218,0.1283581892218952,0.7325367647058824,0.8474264705882353,0.8823529411764706,0.8136029411764705,0.0834962723661291,0.661764705882353,0.7140522875816994,0.8120915032679739,0.7473856209150327,0.1097253280647271,0.707983193277311,0.75,0.8223684210526316,0.764297508477075,0.0869314155095832,0.775974025974026,0.8441295546558705,0.8642857142857143,0.8113892544503999,0.0699427502965081,0.725030637254902,0.798202614379085,0.8265420751633985,0.7804942810457517,0.0631650560955028,136.0,31.0,44.0,131.0,4.500157993927132,1.1875070350361054,0.7807017543859649,0.8143712574850299,0.7485714285714286,0.10672268907563032
228,a_densenet201_decision_tree,A,DenseNet201; full features; decision tree,DenseNet201,full,,decision_tree,57.55,10,0.7371848739495799,0.7647058823529411,0.8161764705882353,0.7781512605042016,0.0676932934078169,0.7483193277310924,0.7669683257918551,0.8203497615262321,0.7870177506206917,0.0691041223071894,0.7483193277310924,0.7669683257918551,0.8203497615262321,0.7870177506206917,0.0691041223071894,0.7273809523809524,0.7647058823529411,0.8111954459203036,0.7659173409816281,0.0718414002715009,0.7327965138309966,0.7647058823529411,0.8157726037232678,0.7764675458011598,0.0681306123720704,0.7327410130718954,0.7647058823529411,0.8161764705882353,0.7765522875816993,0.0672316073052097,0.474799432465294,0.5294117647058824,0.634697693813858,0.5596471881473903,0.1380694406835919,0.7169117647058824,0.7647058823529411,0.7647058823529411,0.7426470588235293,0.085045841043615,0.7647058823529411,0.8006535947712419,0.8700980392156863,0.8104575163398693,0.0987026691945472,0.7328431372549019,0.7669683257918551,0.8487394957983193,0.797503326566794,0.0940586249272503,0.7374999999999999,0.7647058823529411,0.8048128342245989,0.768900348017995,0.0622894212379763,0.7327410130718954,0.7647058823529411,0.8161764705882353,0.7765522875816993,0.0672316073052097,124.0,43.0,33.0,142.0,44.468615716090426,0.0123734491644422,0.7777777777777778,0.7425149700598802,0.8114285714285714,0.0789915966386554
229,a_mobilenet_resnet50_decision_tree,A,MobileNet+ResNet50; full features; decision tree,MobileNet+ResNet50,full,,decision_tree,57.4,10,0.7132352941176471,0.7647058823529411,0.8235294117647058,0.7660504201680671,0.0727538934787163,0.7169117647058824,0.7846153846153847,0.8308823529411765,0.7740285412846084,0.0767582732929207,0.7169117647058824,0.7846153846153847,0.8308823529411765,0.7740285412846084,0.0767582732929207,0.707983193277311,0.7478632478632479,0.8207720588235294,0.7526308211171294,0.0802115871071211,0.7117725074114527,0.760515873015873,0.8233762254901961,0.7633296812008689,0.0740144713367271,0.7132352941176471,0.7608251633986928,0.8233762254901961,0.7650939542483661,0.0716523691225527,0.4319150203910974,0.534926714589959,0.6467524509803921,0.5390559509456911,0.1416309704945583,0.6452205882352942,0.78125,0.8235294117647058,0.7363970588235293,0.1193460098184788,0.7205882352941176,0.8284313725490196,0.8700980392156863,0.7937908496732026,0.1138482338308349,0.7136222910216719,0.8180147058823529,0.8333333333333334,0.7830502121717291,0.0866280274551176,0.7112299465240642,0.7846153846153847,0.8200280112044818,0.7651991146108793,0.0804371925639712,0.7132352941176471,0.7608251633986928,0.8233762254901961,0.7650939542483661,0.0716523691225527,123.0,44.0,36.0,139.0,37.432150267006364,0.0192536031245249,0.7660818713450293,0.7365269461077845,0.7942857142857143,0.11029411764705876
230,a_efficientnetb0_mobilenet_decision_tree,A,EfficientNetB0+MobileNet; full features; decision tree,EfficientNetB0+MobileNet,full,,decision_tree,56.15,10,0.7483193277310924,0.7941176470588235,0.7985294117647059,0.7836974789915965,0.0498193269239325,0.7587440381558028,0.7870967741935484,0.8108108108108109,0.7919199279460939,0.0467012596277782,0.7587440381558028,0.7870967741935484,0.8108108108108109,0.7919199279460939,0.0467012596277782,0.7483193277310924,0.7810361681329423,0.8050778050778051,0.7732169046187074,0.0578614526979843,0.7483193277310924,0.7925021795989537,0.797993447993448,0.7825684162824006,0.0505241396654972,0.7494383169934641,0.7941176470588236,0.8013174019607843,0.7844566993464052,0.0501680121799531,0.4988766339869281,0.5934349778279933,0.6154078418470011,0.5742082998642105,0.100615080277655,0.7205882352941176,0.7647058823529411,0.8005514705882353,0.7613970588235294,0.0919272862711,0.7361111111111112,0.8235294117647058,0.8700980392156863,0.8075163398692811,0.0853220070320166,0.725,0.7908653846153846,0.8459821428571428,0.7943437118437119,0.0747714938267735,0.7536764705882353,0.7836257309941521,0.8067434210526316,0.7852621986716415,0.0676040846023393,0.7494383169934641,0.7941176470588235,0.8013174019607843,0.784456699346405,0.0501680121799531,127.0,40.0,34.0,141.0,57.962164725060575,0.0136919180513355,0.783625730994152,0.7604790419161677,0.8057142857142857,0.05021008403361349
231,a_efficientnetb5_gaussian_nb,A,EfficientNetB5; full features; Gaussian naive Bayes,EfficientNetB5,full,,gaussian_nb,54.05,10,0.7647058823529411,0.7827731092436975,0.8235294117647058,0.7809243697478991,0.0448740020352403,0.75,0.7828282828282829,0.8207720588235294,0.7747957907245834,0.0620975876013425,0.75,0.7828282828282829,0.8207720588235294,0.7747957907245834,0.0620975876013425,0.7679738562091503,0.7817460317460317,0.8,0.7836522679247138,0.0323307746725691,0.7638888888888888,0.7825906120023767,0.8202537593984962,0.7792240293246484,0.0451693120377082,0.7662377450980391,0.7826797385620914,0.8185763888888888,0.780657679738562,0.0430132866593091,0.535456407520067,0.5693029582811626,0.64772840235125,0.5687923496008221,0.0863560795957851,0.7794117647058822,0.8235294117647058,0.8235294117647058,0.807720588235294,0.0586714230305572,0.6764705882352942,0.7647058823529411,0.8120915032679739,0.75359477124183,0.1144693077088186,0.7092105263157894,0.7712418300653594,0.815015479876161,0.7699471718511965,0.0815087630615135,0.7797619047619048,0.8,0.8207720588235294,0.8065289041024336,0.0339637452215486,0.7662377450980391,0.7826797385620914,0.8185763888888888,0.780657679738562,0.0430132866593091,135.0,32.0,43.0,132.0,3.204227484937291,0.7415625320281828,0.7807017543859649,0.8083832335329342,0.7542857142857143,0.05882352941176472
232,a_efficientnetb1_efficientnetb5_decision_tree,A,EfficientNetB1+EfficientNetB5; full features; decision tree,EfficientNetB1+EfficientNetB5,full,,decision_tree,53.75,10,0.7352941176470589,0.753781512605042,0.8088235294117647,0.7630252100840336,0.0767179794898031,0.7311688311688311,0.7573529411764706,0.8016826923076923,0.767565743080449,0.0696603966391762,0.7311688311688311,0.7573529411764706,0.8016826923076923,0.767565743080449,0.0696603966391762,0.7029556650246306,0.753781512605042,0.8120915032679739,0.7546144434785408,0.0942099894332749,0.7308484618829446,0.7533730158730159,0.8083639705882353,0.761090093279495,0.0788785504228994,0.7317708333333334,0.7540849673202614,0.8088235294117647,0.7620710784313725,0.0782011636825292,0.4734879049553656,0.5081699346405228,0.6219663216470469,0.5278979634765132,0.1542774190044097,0.7205882352941176,0.7886029411764706,0.8235294117647058,0.7643382352941177,0.1279032557806586,0.7099673202614379,0.7647058823529411,0.8194444444444444,0.7598039215686274,0.0759447562474882,0.6937134502923976,0.7507739938080495,0.7844129554655871,0.7512436823582334,0.0714822172665044,0.726890756302521,0.7823529411764706,0.8250000000000001,0.7805061115355232,0.0881495487109594,0.7317708333333334,0.7540849673202614,0.8088235294117647,0.7620710784313725,0.0782011636825292,128.0,39.0,42.0,133.0,401.69018313789275,0.0605329509708096,0.7631578947368421,0.7664670658682635,0.76,0.07352941176470584
233,a_efficientnetb1_decision_tree,A,EfficientNetB1; full features; decision tree,EfficientNetB1,full,,decision_tree,49.8,10,0.7352941176470589,0.753781512605042,0.7867647058823529,0.7547899159663866,0.0626522422161826,0.7342105263157894,0.7672672672672673,0.7899929527836504,0.7598955121355724,0.061818587783035,0.7342105263157894,0.7672672672672673,0.7899929527836504,0.7598955121355724,0.061818587783035,0.6818181818181818,0.7596153846153846,0.7973684210526316,0.7420747464193983,0.0808931198813085,0.718872370612547,0.7517091253933359,0.7864267676767677,0.7509851292774854,0.0640988656646376,0.7254901960784313,0.7532679738562091,0.7901348039215687,0.7534926470588236,0.0634549450937074,0.4870278733354758,0.5179727394134751,0.5864441462640533,0.5194674864026847,0.124803694570472,0.6176470588235294,0.7591911764705883,0.8805147058823529,0.742279411764706,0.1453789882378771,0.6805555555555556,0.7712418300653594,0.8235294117647058,0.7647058823529411,0.1111644965517117,0.7199248120300752,0.7596153846153846,0.7973684210526316,0.7622206010363906,0.0799709660021966,0.6942105263157895,0.7850877192982456,0.8451417004048583,0.770685560053981,0.0905728282098554,0.7254901960784313,0.7532679738562091,0.7901348039215687,0.7534926470588236,0.0634549450937074,124.0,43.0,41.0,134.0,67.17106630798662,0.0110279570799317,0.7543859649122807,0.7425149700598802,0.7657142857142857,0.051470588235294046
234,a_resnet50_decision_tree,A,ResNet50; full features; decision tree,ResNet50,full,,decision_tree,48.75,10,0.678781512605042,0.7352941176470589,0.7941176470588235,0.7402521008403362,0.0836062428570685,0.661764705882353,0.733974358974359,0.7844574780058651,0.7393537054842358,0.0879554292000256,0.661764705882353,0.733974358974359,0.7844574780058651,0.7393537054842358,0.0879554292000256,0.661764705882353,0.7478632478632479,0.8,0.7375406233418405,0.086000588246471,0.6723781409543368,0.7348856209150327,0.7935800903542839,0.738447164413038,0.0838046759954485,0.6749897875816993,0.7352941176470589,0.7974877450980393,0.7401143790849674,0.0834377394113248,0.3601547329759769,0.472439347932768,0.5996715275803719,0.4870186712233678,0.1703205965421673,0.661764705882353,0.7591911764705883,0.8235294117647058,0.748529411764706,0.1095865100780216,0.661764705882353,0.7058823529411765,0.7638888888888888,0.7316993464052288,0.1274039538588171,0.6583710407239819,0.7213622291021672,0.7467105263157895,0.7368056178427695,0.1098097957307305,0.6764705882352942,0.7655677655677655,0.8375,0.7571611721611722,0.0867140945704723,0.6749897875816993,0.7352941176470589,0.7974877450980393,0.7401143790849674,0.0834377394113248,125.0,42.0,47.0,128.0,24.696512422931846,0.012399742030538199,0.7397660818713451,0.7485029940119761,0.7314285714285714,0.11533613445378144
235,a_xception_resnet50_decision_tree,A,Xception+ResNet50; full features; decision tree,Xception+ResNet50,full,,decision_tree,48.3,10,0.6397058823529412,0.7390756302521009,0.8235294117647058,0.7284033613445378,0.115452249371038,0.6764705882352942,0.7262672811059908,0.8308823529411765,0.7321815607963615,0.1158568804591262,0.6764705882352942,0.7262672811059908,0.8308823529411765,0.7321815607963615,0.1158568804591262,0.6348039215686275,0.7482517482517483,0.8125,0.7218162274957407,0.120644635533792,0.6333671399594321,0.7372595146788696,0.8229166666666667,0.7269988941460511,0.1162004838557082,0.6348039215686275,0.7410130718954249,0.8233762254901961,0.7281658496732026,0.1159521829515917,0.2741253734749533,0.4909155126070582,0.6467524509803921,0.4592309448936554,0.2319313564461391,0.661764705882353,0.7352941176470589,0.8207720588235294,0.7246323529411764,0.1341164511255588,0.6348039215686275,0.7434640522875817,0.8308823529411765,0.7316993464052287,0.1310222516267672,0.631993006993007,0.7279411764705883,0.8207720588235294,0.7239140361702281,0.1221923627474695,0.6452205882352942,0.7558479532163742,0.8308823529411765,0.7382943123268201,0.1179572956057293,0.6348039215686275,0.7410130718954248,0.8233762254901961,0.7281658496732025,0.1159521829515917,121.0,46.0,47.0,128.0,92.60590052604675,0.0337916199350725,0.7280701754385965,0.7245508982035929,0.7314285714285714,0.1838235294117646
236,a_efficientnetb5_decision_tree,A,EfficientNetB5; full features; decision tree,EfficientNetB5,full,,decision_tree,47.55,10,0.7132352941176471,0.7827731092436975,0.7941176470588235,0.7604201680672269,0.0572107165588822,0.7091733870967742,0.7791327913279134,0.796969696969697,0.7609124920208712,0.0649812811980963,0.7091733870967742,0.7791327913279134,0.796969696969697,0.7609124920208712,0.0649812811980963,0.7075825825825826,0.7694497153700189,0.796969696969697,0.7563379755220362,0.0594583428978693,0.7095401422764228,0.7818720048321566,0.7935800903542839,0.7586252337714537,0.0579288704638509,0.7108353758169934,0.7826797385620915,0.7948835784313726,0.7602124183006536,0.057828784878971,0.4313832632853366,0.5658696555597542,0.5976143046671968,0.526378654320483,0.1147036717571747,0.7205882352941176,0.7647058823529411,0.8207720588235294,0.7661764705882352,0.0940071604346977,0.661764705882353,0.75,0.8562091503267973,0.754248366013072,0.1048222389863556,0.6973684210526316,0.7573529411764706,0.8048128342245989,0.7567455738276172,0.0768668979052807,0.7333333333333333,0.7638888888888888,0.8308823529411765,0.775826888726505,0.0657930565975589,0.7108353758169934,0.7826797385620914,0.7948835784313726,0.7602124183006536,0.0578287848789711,128.0,39.0,43.0,132.0,350.55818109214306,0.046468361979350004,0.7602339181286549,0.7664670658682635,0.7542857142857143,0.0808823529411764
237,a_inceptionv3_gaussian_nb,A,InceptionV3; full features; Gaussian naive Bayes,InceptionV3,full,,gaussian_nb,47.2,10,0.7352941176470589,0.75,0.7985294117647059,0.7631932773109243,0.044228973407469,0.7273809523809524,0.7793522267206479,0.8081081081081082,0.7695766829609042,0.0522748378232349,0.7273809523809524,0.7793522267206479,0.8081081081081082,0.7695766829609042,0.0522748378232349,0.7112299465240642,0.7512820512820513,0.7878787878787878,0.7530543695655257,0.0464055178368975,0.7294429708222812,0.7482342219184324,0.797993447993448,0.761315526263215,0.0446929064083514,0.7352941176470589,0.75,0.7980494281045751,0.7630106209150326,0.0432950920727189,0.4766448815726065,0.5185353716596266,0.5973163314713473,0.5329881764633277,0.085405674286973,0.7058823529411765,0.75,0.8005514705882353,0.743014705882353,0.0864200880168564,0.7328431372549019,0.8006535947712419,0.8700980392156863,0.7830065359477123,0.1003622148825148,0.7169117647058824,0.7886029411764706,0.8308823529411765,0.7741732532173708,0.0706279733907161,0.7222222222222222,0.7697368421052632,0.8176470588235294,0.7660414181621611,0.0544772882576811,0.7352941176470587,0.75,0.7980494281045751,0.7654327662437523,0.0475276551409836,124.0,43.0,38.0,137.0,0.9232906401739452,0.1615405500051561,0.7631578947368421,0.7425149700598802,0.7828571428571428,0.06323529411764706
238,a_inceptionresnetv2_decision_tree,A,InceptionResNetV2; full features; decision tree,InceptionResNetV2,full,,decision_tree,45.85,10,0.707983193277311,0.7352941176470589,0.7941176470588235,0.751344537815126,0.0465971248708571,0.6930443548387097,0.7530364372469636,0.7935483870967742,0.7505241546683495,0.0564311086495181,0.6930443548387097,0.7530364372469636,0.7935483870967742,0.7505241546683495,0.0564311086495181,0.7222222222222222,0.7387914230019492,0.7800982800982801,0.7467128818308492,0.0520713406392315,0.7066885964912282,0.7313300294390395,0.7906277638771737,0.7486185182495995,0.0467056762873409,0.7131842320261438,0.7322303921568628,0.7941176470588236,0.7518790849673203,0.046398288109789,0.4330705662674643,0.4744239927478808,0.595524641247595,0.5154859400680276,0.0973027083382919,0.6599264705882353,0.8125,0.8235294117647058,0.7602941176470588,0.1158435081372585,0.6470588235294118,0.7418300653594772,0.8120915032679739,0.7434640522875817,0.1236875220116049,0.6881578947368421,0.7573529411764706,0.7692307692307693,0.7543518298007462,0.0992177150161806,0.719047619047619,0.7857142857142857,0.8140756302521008,0.7735434173669468,0.0675184052007843,0.7131842320261438,0.7322303921568627,0.7941176470588236,0.7518790849673203,0.046398288109789,127.0,40.0,45.0,130.0,41.26088662503753,0.012417560035828,0.7514619883040936,0.7604790419161677,0.7428571428571429,0.08613445378151252
239,a_vgg16_vgg19_decision_tree,A,VGG16+VGG19; full features; decision tree,VGG16+VGG19,full,,decision_tree,43.7,10,0.7352941176470589,0.75,0.7697478991596639,0.7512605042016807,0.0331054043757852,0.7418207681365576,0.7669683257918551,0.7768817204301075,0.7583753251251754,0.0332353428009001,0.7418207681365576,0.7669683257918551,0.7768817204301075,0.7583753251251754,0.0332353428009001,0.7128136200716846,0.7464285714285714,0.7610294117647058,0.7406595316678415,0.0454315758009046,0.7303865001306603,0.749476911976912,0.7684791021671826,0.7495174283965086,0.0339857584128549,0.7306985294117647,0.7521446078431372,0.769046160130719,0.7512254901960784,0.033417901244609,0.4725902672549425,0.5073979922593164,0.5421164170334337,0.5080172322382993,0.0651688555677893,0.661764705882353,0.7352941176470589,0.8125,0.736764705882353,0.0974584514041553,0.7099673202614379,0.8006535947712419,0.8235294117647058,0.7656862745098039,0.0735443380315227,0.7291666666666666,0.7692307692307693,0.7837301587301587,0.7542596876807404,0.0435040551812962,0.719047619047619,0.743421052631579,0.809375,0.7594300088456435,0.0610773900547665,0.7306985294117647,0.7521446078431372,0.769046160130719,0.7512254901960784,0.033417901244609,123.0,44.0,41.0,134.0,7.979558755934704,0.0080029400414783,0.7514619883040936,0.7365269461077845,0.7657142857142857,0.03445378151260503
240,a_resnet152v2_gaussian_nb,A,ResNet152V2; full features; Gaussian naive Bayes,ResNet152V2,full,,gaussian_nb,42.7,10,0.6911764705882353,0.7390756302521009,0.7647058823529411,0.7314285714285714,0.0848672007374941,0.6009852216748768,0.7096774193548387,0.7410714285714286,0.6693524014625921,0.1454692432955005,0.6009852216748768,0.7096774193548387,0.7410714285714286,0.6693524014625921,0.1454692432955005,0.7473287240729101,0.7692307692307693,0.7944444444444445,0.770089894502678,0.0575669671702648,0.6714305101474307,0.7363355911743009,0.7622023809523809,0.719721147982635,0.0995308122786392,0.6931168300653595,0.7466299019607843,0.7647058823529411,0.7350490196078432,0.0835868009880717,0.4368406706923743,0.5182411683588881,0.5576473615825995,0.4984751976213982,0.1510998186890071,0.8768382352941176,0.9375,0.9411764705882352,0.9044117647058824,0.0494770324465351,0.4918300653594771,0.5996732026143792,0.6380718954248367,0.5656862745098039,0.1677803932115151,0.6245819397993311,0.6742424242424242,0.7193675889328064,0.6751172702202449,0.0821309053821778,0.8115384615384615,0.8605769230769231,0.9090909090909092,0.8566928904428904,0.0661251229479304,0.6931168300653594,0.7466299019607843,0.7647058823529412,0.7350490196078432,0.0835868009880717,151.0,16.0,76.0,99.0,0.7428907909779806,0.1189551449497225,0.7309941520467836,0.9041916167664671,0.5657142857142857,0.07352941176470584
241,a_densenet169_decision_tree,A,DenseNet169; full features; decision tree,DenseNet169,full,,decision_tree,41.1,10,0.661764705882353,0.7394957983193278,0.7697478991596639,0.7221008403361344,0.08376900449529,0.6764705882352942,0.7361111111111112,0.7708333333333334,0.7234377387318562,0.0797256380780096,0.6764705882352942,0.7361111111111112,0.7708333333333334,0.7234377387318562,0.0797256380780096,0.6452205882352942,0.7352941176470589,0.7777777777777778,0.7199806892453952,0.0890388497058372,0.660845588235294,0.7389705882352942,0.7694035947712418,0.7217092139886258,0.0837966117964505,0.6623774509803921,0.7393790849673203,0.7696078431372548,0.7227941176470588,0.0840928444095463,0.3262974958263262,0.4806092825732908,0.540141242593835,0.4469294219175483,0.1689775471566233,0.6452205882352942,0.7573529411764706,0.8235294117647058,0.7367647058823529,0.1055231743772052,0.6764705882352942,0.7058823529411765,0.7222222222222222,0.7088235294117646,0.0824072454125097,0.6666666666666666,0.7213622291021672,0.7368421052631579,0.7065918472652218,0.0854328014864066,0.6658496732026145,0.7638888888888888,0.8,0.7416873065015479,0.0926138988182364,0.6623774509803921,0.7393790849673202,0.7696078431372548,0.7227941176470588,0.0840928444095463,123.0,44.0,51.0,124.0,35.6749004770536,0.0111019100877451,0.7222222222222222,0.7365269461077845,0.7085714285714285,0.10798319327731087
242,a_efficientnetb6_decision_tree,A,EfficientNetB6; full features; decision tree,EfficientNetB6,full,,decision_tree,40.45,10,0.661764705882353,0.7394957983193278,0.7884453781512605,0.7309243697478992,0.0939330589510635,0.6764705882352942,0.743421052631579,0.7992845786963434,0.7364868135495071,0.1001905786450779,0.6764705882352942,0.743421052631579,0.7992845786963434,0.7364868135495071,0.1001905786450779,0.640625,0.7400379506641366,0.7777777777777778,0.7226017459769831,0.090067070067887,0.660845588235294,0.7380299707602339,0.7871870922155552,0.729544279763245,0.0935388639645858,0.661764705882353,0.738562091503268,0.786968954248366,0.7298406862745098,0.0929839449367815,0.3250720056302478,0.4810889626365376,0.576682585358253,0.4641396726362058,0.188945291671464,0.6470588235294118,0.6966911764705883,0.8051470588235294,0.7136029411764706,0.101419217127944,0.7058823529411765,0.7140522875816994,0.8194444444444444,0.746078431372549,0.1204287656931731,0.6764705882352942,0.7350877192982456,0.7842105263157895,0.7375180598555212,0.1047450034036087,0.6486842105263158,0.7393048128342246,0.7973684210526316,0.7312162257247395,0.0968978891597238,0.661764705882353,0.7385620915032679,0.786968954248366,0.7298406862745098,0.0929839449367815,119.0,48.0,44.0,131.0,470.8084780210629,0.0706650281208563,0.7309941520467836,0.7125748502994012,0.7485714285714286,0.12668067226890745
243,a_resnet101v2_decision_tree,A,ResNet101V2; full features; decision tree,ResNet101V2,full,,decision_tree,40.2,10,0.6838235294117647,0.7058823529411765,0.7867647058823529,0.7288235294117646,0.0954742910617751,0.6913006756756757,0.7140522875816994,0.7911764705882354,0.7365199017017903,0.0894867777721319,0.6913006756756757,0.7140522875816994,0.7911764705882354,0.7365199017017903,0.0894867777721319,0.6557459677419355,0.7140522875816994,0.7820855614973261,0.7194923619496675,0.1046156558329894,0.681664275162259,0.7053717320261439,0.7866310160427807,0.7280061318257289,0.0961482856212711,0.6816789215686274,0.708843954248366,0.7875306372549019,0.7290032679738563,0.0959376991344491,0.3647248691528979,0.4221321469591802,0.5742946794180628,0.459292991643538,0.1913734127895563,0.6305147058823529,0.7352941176470589,0.8125,0.7191176470588234,0.1175729954779882,0.6764705882352942,0.7434640522875817,0.7745098039215687,0.7388888888888888,0.0961750881021009,0.6541666666666667,0.7196078431372549,0.7647058823529411,0.7230882352941177,0.1022897872968997,0.6842105263157895,0.7352941176470589,0.8140756302521008,0.7375050371025604,0.0955637379000322,0.6816789215686274,0.708843954248366,0.7875306372549019,0.7290032679738562,0.0959376991344492,120.0,47.0,46.0,129.0,19.903492075158283,0.0128669269615779,0.7280701754385965,0.718562874251497,0.7371428571428571,0.1029411764705882
244,a_mobilenet_resnet101_decision_tree,A,MobileNet+ResNet101; full features; decision tree,MobileNet+ResNet101,full,,decision_tree,40.15,10,0.6859243697478992,0.7352941176470589,0.7867647058823529,0.728655462184874,0.0853615432651026,0.7234848484848485,0.729490022172949,0.7911764705882354,0.7374293012600043,0.0874597370637818,0.7234848484848485,0.729490022172949,0.7911764705882354,0.7374293012600043,0.0874597370637818,0.6603415559772297,0.7428571428571429,0.763184584178499,0.715325429415595,0.0923802598856554,0.6839620692799061,0.7350649350649351,0.7833515369012326,0.7263773653377996,0.0862864829960868,0.6858660130718954,0.7395833333333333,0.7867647058823529,0.7286356209150326,0.0858870895902678,0.3759525808910882,0.4816819945354498,0.5742946794180628,0.463543724437053,0.1724844654136036,0.6029411764705883,0.7352941176470589,0.8005514705882353,0.7066176470588236,0.1221660683278004,0.6805555555555556,0.7647058823529411,0.8235294117647058,0.7506535947712418,0.1210577383168019,0.6896284829721362,0.7207792207792207,0.8005514705882353,0.7369383518957822,0.1051814360108797,0.6696859903381642,0.7459893048128342,0.7944444444444445,0.7331652522669148,0.0911610953537139,0.6858660130718953,0.7395833333333333,0.7867647058823529,0.7286356209150326,0.0858870895902678,118.0,49.0,44.0,131.0,40.00425691896817,0.0190251861931752,0.7280701754385965,0.7065868263473054,0.7485714285714286,0.10084033613445376
245,a_resnet101_densenet121_decision_tree,A,ResNet101+DenseNet121; full features; decision tree,ResNet101+DenseNet121,full,,decision_tree,38.55,10,0.6928571428571428,0.7352941176470589,0.7794117647058824,0.7370588235294118,0.0786246617853373,0.7088989441930619,0.7498069498069498,0.7729528535980149,0.7514716178073813,0.0620707923498859,0.7088989441930619,0.7498069498069498,0.7729528535980149,0.7514716178073813,0.0620707923498859,0.6562847608453838,0.7159498207885304,0.78992628992629,0.7170809494613721,0.1028377981837276,0.6896793249971618,0.7313300294390395,0.7781428684654491,0.7342762836343768,0.0808612924661029,0.6911764705882353,0.7352941176470589,0.7853860294117647,0.7375408496732027,0.0813393028798729,0.388253319668239,0.4747479822623945,0.5884985265849505,0.482560056253514,0.1622987875855139,0.5882352941176471,0.6764705882352942,0.8529411764705882,0.7080882352941177,0.1655019859195939,0.7328431372549019,0.7712418300653594,0.8120915032679739,0.7669934640522875,0.0683771414674089,0.6978021978021978,0.7321428571428572,0.7885338345864662,0.7412328899171005,0.0701450307449474,0.6704545454545454,0.711111111111111,0.84375,0.7490212565212566,0.1194171097420968,0.6911764705882353,0.7352941176470587,0.7853860294117647,0.7375408496732027,0.0813393028798729,118.0,49.0,41.0,134.0,54.41389021201758,0.0189844479900779,0.7368421052631579,0.7065868263473054,0.7657142857142857,0.08655462184873952
246,a_resnet101_densenet169_decision_tree,A,ResNet101+DenseNet169; full features; decision tree,ResNet101+DenseNet169,full,,decision_tree,38.2,10,0.698109243697479,0.7390756302521009,0.7867647058823529,0.7457983193277311,0.0576952620412688,0.7202797202797203,0.7669683257918551,0.7860310421286031,0.7616052558089861,0.0516411369012076,0.7202797202797203,0.7669683257918551,0.7860310421286031,0.7616052558089861,0.0516411369012076,0.6666666666666666,0.723205964585275,0.7820855614973261,0.7236890555649961,0.0748228839308726,0.6920605620448264,0.7357288564185116,0.7866310160427807,0.7426471556869911,0.059370853503108,0.6936785130718954,0.7401960784313726,0.7867647058823529,0.7449550653594771,0.0582953326985641,0.4004561192674151,0.493719867702834,0.5742946794180628,0.499033626347576,0.1149491660836303,0.5882352941176471,0.7261029411764706,0.8005514705882353,0.694485294117647,0.1175634149144027,0.7647058823529411,0.7777777777777778,0.8676470588235294,0.795424836601307,0.09067212527093,0.7232142857142857,0.7647058823529411,0.8080808080808082,0.7698620660385366,0.0782534842042413,0.6852766798418972,0.7352941176470589,0.8,0.7387118305820353,0.0688487396641356,0.6936785130718954,0.7401960784313726,0.7867647058823529,0.7449550653594771,0.0582953326985641,116.0,51.0,36.0,139.0,60.853169807989616,0.0218886939692306,0.7456140350877193,0.6946107784431138,0.7942857142857143,0.08865546218487397
247,a_resnet101v2_gaussian_nb,A,ResNet101V2; full features; Gaussian naive Bayes,ResNet101V2,full,,gaussian_nb,37.9,10,0.6544117647058824,0.7058823529411765,0.7794117647058824,0.7227731092436975,0.0851986927856944,0.5836320191158901,0.6666666666666666,0.746384872080089,0.6704012688996004,0.1170184317281084,0.5836320191158901,0.6666666666666666,0.746384872080089,0.6704012688996004,0.1170184317281084,0.7283813747228381,0.7368421052631579,0.8045738045738046,0.758925705780648,0.0693217698539097,0.6332794241920914,0.7017543859649122,0.7754793383269467,0.7146634873401242,0.0910525524596768,0.6544117647058824,0.7058823529411764,0.7813521241830066,0.7261029411764707,0.0870321224116286,0.3695969464501759,0.4236592728681617,0.5864149014881808,0.4758962939824715,0.1710376326078269,0.8235294117647058,0.8786764705882353,0.9411764705882352,0.8875,0.0807001810616037,0.4779411764705882,0.5882352941176471,0.6380718954248367,0.5647058823529412,0.121114087660423,0.6006944444444444,0.6666666666666666,0.7121212121212122,0.6642917267917268,0.0680392166714678,0.7692307692307693,0.823076923076923,0.9017857142857142,0.8378005328005328,0.1072371061438745,0.6544117647058824,0.7058823529411765,0.7813521241830065,0.7261029411764707,0.0870321224116285,148.0,19.0,76.0,99.0,0.746328935027122,0.11945730703882809,0.7222222222222222,0.8862275449101796,0.5657142857142857,0.125
248,a_resnet152v2_decision_tree,A,ResNet152V2; full features; decision tree,ResNet152V2,full,,decision_tree,37.8,10,0.6764705882352942,0.7647058823529411,0.7867647058823529,0.7167226890756302,0.1010885910851147,0.6595466434176112,0.7638888888888888,0.7890749601275917,0.7251774978515216,0.1014326853484361,0.6595466434176112,0.7638888888888888,0.7890749601275917,0.7251774978515216,0.1014326853484361,0.6595466434176112,0.7416666666666667,0.7853535353535354,0.704447293963423,0.1067018448905188,0.6739319965126417,0.7626461988304093,0.7864267676767677,0.7148123959074724,0.1015179652328604,0.6743259803921569,0.7647058823529411,0.7882965686274509,0.7165849673202614,0.1009101403600743,0.3514258383823891,0.5389093846925526,0.5792793046349761,0.4382973037088081,0.2035674900559902,0.6305147058823529,0.7279411764705883,0.7647058823529411,0.6955882352941176,0.1276958432123082,0.6764705882352942,0.7434640522875817,0.8308823529411765,0.7375816993464052,0.1274374795001827,0.6541666666666667,0.7388888888888889,0.809375,0.7225625763125763,0.1156818592033744,0.6917293233082706,0.7255639097744361,0.7973684210526316,0.7209580937638214,0.1046735775348537,0.6743259803921569,0.7647058823529411,0.7882965686274509,0.7165849673202614,0.1009101403600743,116.0,51.0,46.0,129.0,20.15690556896152,0.0128121309680858,0.716374269005848,0.6946107784431138,0.7371428571428571,0.11029411764705876
249,a_vgg19_decision_tree,A,VGG19; full features; decision tree,VGG19,full,,decision_tree,37.1,10,0.7195378151260504,0.75,0.7647058823529411,0.7368067226890757,0.0459773012644205,0.7202797202797203,0.7596153846153846,0.7894736842105263,0.7516233097502448,0.046128523255841,0.7202797202797203,0.7596153846153846,0.7894736842105263,0.7516233097502448,0.046128523255841,0.6977969348659004,0.7333333333333333,0.7482142857142857,0.7169062185497113,0.0555485707515547,0.7178999583918448,0.7482342219184324,0.763267543859649,0.734264764149978,0.0465127900410351,0.7190563725490196,0.7478553921568628,0.7647058823529411,0.7354779411764707,0.0451957376469319,0.4422810440284124,0.4998129649981772,0.5417143589736739,0.4777415984657101,0.0901929953434388,0.6305147058823529,0.6966911764705883,0.7610294117647058,0.6886029411764707,0.0913142341579974,0.7058823529411765,0.8284313725490196,0.8333333333333334,0.7823529411764706,0.0767521769311878,0.7258771929824561,0.7596153846153846,0.7964285714285715,0.7561040421566737,0.05551349779531,0.7142857142857143,0.75,0.75,0.7285987696514012,0.0567311734761652,0.7190563725490196,0.7478553921568628,0.7647058823529411,0.7354779411764707,0.0451957376469318,115.0,52.0,38.0,137.0,3.200738671876024,0.0057262379559683,0.7368421052631579,0.688622754491018,0.7828571428571428,0.04516806722689071
250,a_densenet121_decision_tree,A,DenseNet121; full features; decision tree,DenseNet121,full,,decision_tree,36.15,10,0.6907563025210084,0.75,0.7867647058823529,0.7309243697478991,0.0743166342485104,0.6861607142857142,0.7669683257918551,0.8071428571428572,0.7383756194785607,0.0862980188826851,0.6861607142857142,0.7669683257918551,0.8071428571428572,0.7383756194785607,0.0862980188826851,0.6866995073891626,0.7072649572649572,0.7718216318785578,0.7184079552061133,0.0676169714760459,0.6905009920634921,0.740179360869016,0.7866310160427807,0.7283917873423369,0.07352177760639,0.6911764705882353,0.7469362745098039,0.7881944444444444,0.7304738562091503,0.0742372305056491,0.3830728183137235,0.5027393819921132,0.5973139127471974,0.4712944478074202,0.154888533899836,0.6452205882352942,0.7058823529411765,0.7647058823529411,0.7014705882352941,0.0948595908901802,0.6519607843137255,0.75,0.8700980392156863,0.7594771241830066,0.1401482906638695,0.6710526315789473,0.7434640522875817,0.8351648351648351,0.7550659832083981,0.1247912998018382,0.6864705882352942,0.7238095238095238,0.7825814536340852,0.7275811219224532,0.0726472281574007,0.6911764705882352,0.7469362745098039,0.7881944444444444,0.7304738562091503,0.0742372305056491,117.0,50.0,42.0,133.0,25.92142350488575,0.0079185379436235,0.7309941520467836,0.7005988023952096,0.76,0.09600840336134453
251,a_mobilenetv2_gaussian_nb,A,MobileNetV2; full features; Gaussian naive Bayes,MobileNetV2,full,,gaussian_nb,35.0,10,0.661764705882353,0.7100840336134454,0.7573529411764706,0.7078991596638655,0.0871361894827836,0.6666666666666666,0.6858552631578947,0.7454044117647058,0.6781976059328002,0.1170986793205593,0.6666666666666666,0.6858552631578947,0.7454044117647058,0.6781976059328002,0.1170986793205593,0.6919191919191918,0.7368421052631579,0.7765423242467719,0.7264571719921715,0.0808522219792286,0.6570175438596491,0.7085160818713451,0.7544237207077953,0.7023273889624859,0.0919667225419169,0.6582414215686274,0.7116013071895424,0.7593443627450981,0.7094975490196078,0.0853411197532313,0.3202318313820235,0.4335406497385157,0.5301411115402472,0.4307963037749598,0.1666010795602203,0.7766544117647058,0.8235294117647058,0.8235294117647058,0.794485294117647,0.1049272978838915,0.5441176470588236,0.6290849673202614,0.7222222222222222,0.6245098039215686,0.1586637860658437,0.6488095238095238,0.6666666666666666,0.7127192982456141,0.6775713794289645,0.0970324438647342,0.7374999999999999,0.7774725274725275,0.8207720588235294,0.7663221827192415,0.0847215534323656,0.6582414215686274,0.7116013071895425,0.7593443627450981,0.7094975490196077,0.0853411197532313,133.0,34.0,66.0,109.0,0.473934294073842,0.0623883749358351,0.7076023391812866,0.7964071856287425,0.6228571428571429,0.09558823529411753
252,a_vgg16_gaussian_nb,A,VGG16; full features; Gaussian naive Bayes,VGG16,full,,gaussian_nb,33.5,10,0.7058823529411765,0.7352941176470589,0.7697478991596639,0.7336134453781513,0.0606867771320355,0.6505376344086021,0.6896551724137931,0.7410714285714286,0.6876707511579592,0.0778665950408321,0.6505376344086021,0.6896551724137931,0.7410714285714286,0.6876707511579592,0.0778665950408321,0.7401315789473684,0.7692307692307693,0.8015873015873016,0.7668747583510099,0.0517341405962311,0.6977600250626566,0.7294429708222812,0.7633928571428571,0.7272727547544846,0.0633588063812286,0.7082312091503268,0.7465277777777778,0.7745098039215687,0.737826797385621,0.061391364609686,0.4424898248722355,0.5260558322946913,0.5942557203604402,0.5026717623317265,0.1305479225173763,0.8363970588235294,0.9099264705882352,0.9402573529411764,0.898529411764706,0.0784734874673868,0.5555555555555556,0.5555555555555556,0.6323529411764706,0.577124183006536,0.0823892439955917,0.6505434782608696,0.6521739130434783,0.7154545454545455,0.6709463976145897,0.0501264144742336,0.8045454545454546,0.8712121212121213,0.9195804195804196,0.8607059607059607,0.1058752272112616,0.7082312091503268,0.7465277777777778,0.7745098039215687,0.7378267973856208,0.061391364609686,150.0,17.0,74.0,101.0,0.1539876931346948,0.0259176330291662,0.7339181286549707,0.8982035928143712,0.5771428571428572,0.06386554621848739
253,a_vgg16_vgg19_gaussian_nb,A,VGG16+VGG19; full features; Gaussian naive Bayes,VGG16+VGG19,full,,gaussian_nb,32.3,10,0.6838235294117647,0.7390756302521009,0.7697478991596639,0.7220168067226892,0.0661584090479856,0.6051587301587301,0.6781609195402298,0.7087912087912088,0.6663548518387229,0.0746364922759317,0.6051587301587301,0.6781609195402298,0.7087912087912088,0.6663548518387229,0.0746364922759317,0.7362804878048781,0.7799642218246869,0.8095238095238095,0.7607322326409109,0.0616276078971731,0.670719608981804,0.7290625706824584,0.7591575091575091,0.7135435422398169,0.0665288216361438,0.6979166666666666,0.7482638888888888,0.7745098039215687,0.7272263071895425,0.0659980556013929,0.4439049174980893,0.5489138535957785,0.5994035761667992,0.4922142516275953,0.1448303402377185,0.8961397058823529,0.9375,0.9852941176470588,0.9106617647058822,0.1005955031678515,0.5,0.5294117647058824,0.5555555555555556,0.5437908496732027,0.0793668491164369,0.60625,0.6530100334448161,0.68,0.6559201885071451,0.0543209008220622,0.865079365079365,0.9045454545454544,0.9791666666666666,0.878131313131313,0.1282814235535412,0.6979166666666666,0.7482638888888888,0.7745098039215687,0.7272263071895424,0.0659980556013929,152.0,15.0,80.0,95.0,0.3049459919566285,0.04967498301994,0.7222222222222222,0.9101796407185628,0.5428571428571428,0.08592436974789919
254,a_xception_decision_tree,A,Xception; full features; decision tree,Xception,full,,decision_tree,30.95,10,0.6495798319327731,0.6911764705882353,0.7623949579831933,0.7046218487394957,0.0655429264896695,0.6519607843137255,0.6858552631578947,0.7766233766233765,0.7067678338652322,0.0711315579508321,0.6519607843137255,0.6858552631578947,0.7766233766233765,0.7067678338652322,0.0711315579508321,0.6470588235294118,0.7124624624624625,0.7443181818181819,0.6999080276215002,0.0666309142439624,0.6495098039215687,0.6893965538118765,0.7610688653451811,0.703337930743366,0.0657586712877938,0.6495098039215687,0.6979166666666667,0.761029411764706,0.7052900326797384,0.0655656307908136,0.2990196078431372,0.4038259239358178,0.5262869916756361,0.4142813907638485,0.1325870857990271,0.6470588235294118,0.7058823529411765,0.7858455882352942,0.7069852941176471,0.0866041011079713,0.6200980392156863,0.6944444444444444,0.7647058823529411,0.7035947712418301,0.1079811401075055,0.6439075630252101,0.6485294117647059,0.7708333333333334,0.7002054154995332,0.0876027671532665,0.6541666666666667,0.7361111111111112,0.764423076923077,0.7178392767363355,0.0659514945300572,0.6495098039215685,0.6979166666666667,0.7610294117647058,0.7052900326797384,0.0655656307908136,118.0,49.0,52.0,123.0,55.173199387907516,0.0243317680433388,0.7046783625730995,0.7065868263473054,0.7028571428571428,0.11281512605042021
255,a_xception_resnet50_gaussian_nb,A,Xception+ResNet50; full features; Gaussian naive Bayes,Xception+ResNet50,full,,gaussian_nb,30.85,10,0.7058823529411765,0.7247899159663866,0.7573529411764706,0.7022689075630252,0.0862336201257609,0.6428571428571429,0.6885775862068966,0.7443181818181819,0.6675857210771003,0.1190478001545828,0.6428571428571429,0.6885775862068966,0.7443181818181819,0.6675857210771003,0.1190478001545828,0.7273809523809524,0.75,0.7673992673992674,0.7265131023406728,0.0652369255873781,0.6979166666666666,0.7171520409666962,0.7566829004329004,0.6970494117088866,0.0899114445579259,0.7058823529411764,0.7279411764705883,0.759548611111111,0.7050857843137255,0.0860457881145973,0.4210047181793614,0.479749025441504,0.5273472914070062,0.4238814967943642,0.1758377579159708,0.7169117647058824,0.7647058823529411,0.8805147058823529,0.8033088235294118,0.0958588740349958,0.5073529411764706,0.6013071895424837,0.696078431372549,0.6068627450980393,0.1610878719829278,0.6430434782608696,0.6681922196796339,0.7166666666666667,0.6729352003196396,0.0973637280199024,0.7374999999999999,0.7638888888888888,0.8474025974025974,0.7656365856365858,0.1166679851760667,0.7058823529411764,0.7279411764705882,0.759548611111111,0.7050857843137254,0.0860457881145974,134.0,33.0,69.0,106.0,2.1888196199433874,0.4320759910624468,0.7017543859649122,0.8023952095808383,0.6057142857142858,0.051470588235294046
256,a_efficientnetb7_decision_tree,A,EfficientNetB7; full features; decision tree,EfficientNetB7,full,,decision_tree,30.4,10,0.6859243697478992,0.7352941176470589,0.7573529411764706,0.7194957983193276,0.0776216707820708,0.7068311195445921,0.7285714285714286,0.7627186009538951,0.7222773935866915,0.0781022085361955,0.7068311195445921,0.7285714285714286,0.7627186009538951,0.7222773935866915,0.0781022085361955,0.691705069124424,0.7247474747474747,0.7550675675675675,0.712407130139578,0.0882835223795906,0.685655929038282,0.7332170880557978,0.7566829004329004,0.7173422618631349,0.0787437721051587,0.6862745098039216,0.7339665032679739,0.7575571895424836,0.7191993464052289,0.0782321783816764,0.3733623458075925,0.4695623591917125,0.5193583534208266,0.4433588528628385,0.1569033232935516,0.6920955882352942,0.7279411764705883,0.8005514705882353,0.725,0.1298996485180814,0.6519607843137255,0.7222222222222222,0.7745098039215687,0.7133986928104574,0.0932636200184925,0.6881578947368421,0.7140522875816994,0.7318181818181818,0.7095143384307472,0.0696839944671449,0.6998355263157895,0.743421052631579,0.7804621848739496,0.7390175807164971,0.1006166560855419,0.6862745098039215,0.7339665032679739,0.7575571895424836,0.7191993464052288,0.0782321783816764,121.0,46.0,50.0,125.0,641.1029843718279,0.0932807680801482,0.7192982456140351,0.7245508982035929,0.7142857142857143,0.0714285714285714
257,a_nasnetmobile_decision_tree,A,NASNetMobile; full features; decision tree,NASNetMobile,full,,decision_tree,29.25,10,0.6764705882352942,0.6957983193277311,0.7647058823529411,0.698655462184874,0.069899265404567,0.6268075639599555,0.7263513513513513,0.7707219251336899,0.6973973559383861,0.0860656155946551,0.6268075639599555,0.7263513513513513,0.7707219251336899,0.6973973559383861,0.0860656155946551,0.6196236559139785,0.7172050098879368,0.7568627450980392,0.6902773924477539,0.0764580807952953,0.6739319965126417,0.6771143945765477,0.763267543859649,0.69383737419307,0.0702750501009421,0.6743259803921569,0.6910743464052287,0.7647058823529411,0.6980187908496732,0.0705685412024293,0.3514258383823891,0.430539066169701,0.5392156862745098,0.4088817360091213,0.1436732148159801,0.6305147058823529,0.7058823529411764,0.7647058823529411,0.6996323529411763,0.1370583545463097,0.5882352941176471,0.6944444444444444,0.7745098039215687,0.6964052287581699,0.1486235643624064,0.63125,0.6833333333333333,0.7647058823529411,0.7059414940065094,0.1034879680938169,0.6614372469635628,0.7142857142857143,0.7745098039215687,0.7172671738306413,0.0889409907037114,0.6743259803921569,0.6910743464052287,0.7647058823529411,0.6980187908496732,0.0705685412024293,117.0,50.0,53.0,122.0,11.602347408945207,0.0083140500355505,0.6988304093567251,0.7005988023952096,0.6971428571428572,0.08823529411764697
258,a_efficientnetb0_mobilenet_gaussian_nb,A,EfficientNetB0+MobileNet; full features; Gaussian naive Bayes,EfficientNetB0+MobileNet,full,,gaussian_nb,28.35,10,0.6619747899159664,0.7205882352941178,0.7647058823529411,0.7080672268907563,0.0757196276552908,0.6051724137931034,0.6781609195402298,0.7458333333333333,0.6593159065628476,0.1019305219617582,0.6051724137931034,0.6781609195402298,0.7458333333333333,0.6593159065628476,0.1019305219617582,0.7044871794871794,0.7530364372469636,0.7865497076023392,0.7439263352421247,0.0592973458468637,0.6548297966401414,0.7155986783935967,0.763267543859649,0.7016211209024862,0.0802441741432307,0.6654411764705882,0.7252859477124183,0.7734375,0.7116625816993464,0.0757756268981934,0.3478129112423684,0.4710332875681084,0.5670917795340129,0.4411044128085065,0.1520927533170303,0.8235294117647058,0.875,0.8823529411764706,0.8628676470588236,0.0548069578063841,0.5073529411764706,0.5718954248366013,0.6380718954248367,0.5604575163398693,0.105121236740843,0.6156126482213439,0.6590909090909091,0.6954545454545454,0.6547549407114626,0.0646665067609058,0.75,0.8333333333333334,0.8571428571428571,0.8050649350649351,0.0927933070630962,0.6654411764705882,0.7252859477124183,0.7734375,0.7116625816993464,0.0757756268981934,144.0,23.0,77.0,98.0,0.8246327498927707,0.1383920760126778,0.7076023391812866,0.8622754491017964,0.56,0.10273109243697476
259,a_mobilenet_decision_tree,A,MobileNet; full features; decision tree,MobileNet,full,,decision_tree,27.55,10,0.6544117647058824,0.6957983193277311,0.7409663865546219,0.707563025210084,0.0796582709882598,0.6714285714285714,0.7119155354449472,0.7428571428571429,0.7186205209734622,0.0723084681832967,0.6714285714285714,0.7119155354449472,0.7428571428571429,0.7186205209734622,0.0723084681832967,0.6217672413793104,0.6957983193277311,0.738961038961039,0.6941180754838087,0.0912250051709583,0.6517047966401415,0.6957983193277311,0.740909090909091,0.7063692982286354,0.0805093967987924,0.6528288398692811,0.696078431372549,0.741421568627451,0.7073529411764706,0.0801377978262578,0.3095060963806376,0.392156862745098,0.4830472086291305,0.4162497945457407,0.1592680763204328,0.5974264705882353,0.7058823529411765,0.75,0.6882352941176471,0.1130085370678315,0.7058823529411765,0.7140522875816994,0.7540849673202614,0.7264705882352942,0.0719457472266276,0.6666666666666666,0.6990950226244343,0.7222222222222222,0.7039413201177908,0.077929855164319,0.6519607843137255,0.7058823529411765,0.7540849673202614,0.7138850189198487,0.08649091788923,0.6528288398692811,0.696078431372549,0.741421568627451,0.7073529411764706,0.0801377978262578,115.0,52.0,48.0,127.0,10.504207748977933,0.0080082509666677,0.7076023391812866,0.688622754491018,0.7257142857142858,0.08655462184873952
260,a_vgg19_gaussian_nb,A,VGG19; full features; Gaussian naive Bayes,VGG19,full,,gaussian_nb,27.05,10,0.6470588235294118,0.6810924369747899,0.7573529411764706,0.6961344537815126,0.0637489721872824,0.5836320191158901,0.6103448275862069,0.7166666666666666,0.6358434347755816,0.0874195690682089,0.5836320191158901,0.6103448275862069,0.7166666666666666,0.6358434347755816,0.0874195690682089,0.6917293233082706,0.7317073170731707,0.787227214377407,0.7381750354792717,0.0517061900596795,0.6303065355696935,0.669174220477837,0.7519469405220367,0.6870092351274266,0.06784124418671,0.6493566176470588,0.6910743464052287,0.7573529411764706,0.7003880718954247,0.0632848802591814,0.3281300370210334,0.4218830666864213,0.5376280294250222,0.4267221388535808,0.1262236569878257,0.838235294117647,0.8823529411764706,0.9237132352941176,0.8746323529411765,0.0588094856601721,0.4583333333333333,0.5,0.5906862745098039,0.5261437908496732,0.0994691173486843,0.5931818181818183,0.6125,0.678030303030303,0.6402922077922077,0.0591920891453739,0.7569444444444444,0.8321678321678322,0.8809523809523809,0.8147119547119546,0.0814217088242669,0.6493566176470588,0.6910743464052287,0.7573529411764706,0.7003880718954247,0.0632848802591814,146.0,21.0,83.0,92.0,0.1376894130953582,0.0249431889387774,0.695906432748538,0.874251497005988,0.5257142857142857,0.11029411764705876
261,a_mobilenet_gaussian_nb,A,MobileNet; full features; Gaussian naive Bayes,MobileNet,full,,gaussian_nb,26.75,10,0.6619747899159664,0.7205882352941178,0.7573529411764706,0.7051260504201681,0.0738226246618527,0.6051724137931034,0.6781609195402298,0.7274193548387097,0.6552836484983315,0.0986906321591531,0.6051724137931034,0.6781609195402298,0.7274193548387097,0.6552836484983315,0.0986906321591531,0.7044871794871794,0.7467994310099573,0.7844129554655871,0.7418242331400225,0.0583286552813404,0.6548297966401414,0.7155986783935967,0.7543569035928968,0.698553940819177,0.0781587427604675,0.6654411764705882,0.7252859477124183,0.7664930555555556,0.7088848039215686,0.0738502171448748,0.3478129112423684,0.4710332875681084,0.554576023456312,0.4360981103774261,0.1489247747278941,0.8235294117647058,0.875,0.8823529411764706,0.8628676470588236,0.0548069578063841,0.5073529411764706,0.5718954248366013,0.6111111111111112,0.5549019607843138,0.100239175530949,0.6156126482213439,0.6515151515151515,0.6818181818181818,0.6514216073781292,0.0629104094760707,0.75,0.8333333333333334,0.8543956043956044,0.803966033966034,0.0921710326462117,0.6654411764705882,0.7252859477124183,0.7664930555555556,0.7088848039215686,0.0738502171448748,144.0,23.0,78.0,97.0,0.371298222977202,0.050040833011734696,0.7046783625730995,0.8622754491017964,0.5542857142857143,0.0953781512605042
262,a_resnet50_gaussian_nb,A,ResNet50; full features; Gaussian naive Bayes,ResNet50,full,,gaussian_nb,26.0,10,0.678781512605042,0.7205882352941178,0.7352941176470589,0.6905882352941177,0.080965270895693,0.6057347670250895,0.6896551724137931,0.7087286527514232,0.6507528214598162,0.1099871825199266,0.6057347670250895,0.6896551724137931,0.7087286527514232,0.6507528214598162,0.1099871825199266,0.7034976152623211,0.747093023255814,0.7661122661122661,0.7192711976178537,0.0645148232139114,0.6697749887922431,0.7176626618817288,0.7322735587474186,0.685012009538835,0.0846250921715048,0.6805555555555556,0.7218137254901961,0.7456597222222222,0.6939746732026143,0.0809543035872958,0.3730931037669052,0.4666701755463456,0.5193636845367015,0.4023934946976181,0.1663507176198541,0.7169117647058824,0.7941176470588235,0.8805147058823529,0.8091911764705882,0.0950280531335507,0.4918300653594771,0.5882352941176471,0.6527777777777778,0.5787581699346405,0.139658468513616,0.6240384615384615,0.6594202898550725,0.678030303030303,0.6540980720271339,0.0825415596941314,0.7199248120300752,0.775,0.842948717948718,0.7639433957855012,0.1167878654630859,0.6805555555555556,0.7218137254901962,0.7456597222222222,0.6939746732026143,0.0809543035872959,135.0,32.0,74.0,101.0,0.7329310708446424,0.1226384709589179,0.6900584795321637,0.8083832335329342,0.5771428571428572,0.05651260504201683
263,a_mobilenet_resnet50_gaussian_nb,A,MobileNet+ResNet50; full features; Gaussian naive Bayes,MobileNet+ResNet50,full,,gaussian_nb,25.8,10,0.6838235294117647,0.7247899159663866,0.7352941176470589,0.7049579831932773,0.0571928846752969,0.6262315270935961,0.6781609195402298,0.7046718576195774,0.6482591542268962,0.092864073148329,0.6262315270935961,0.6781609195402298,0.7046718576195774,0.6482591542268962,0.092864073148329,0.7226720647773279,0.7593307593307593,0.7692307692307693,0.7443910353409711,0.0384276800755144,0.6774279864116525,0.7159119616016167,0.7322735587474186,0.6963250947839337,0.0648303627887663,0.6920955882352942,0.7279411764705883,0.7411151960784315,0.7088643790849674,0.0564241794917103,0.4059889197372516,0.4902297470046536,0.4975569219263815,0.4404842724212234,0.1068402929137915,0.875,0.8786764705882353,0.8823529411764706,0.8742647058823529,0.0331471878604003,0.5,0.5882352941176471,0.6053921568627452,0.5434640522875818,0.1063422996456308,0.6165217391304348,0.6666666666666666,0.6818181818181818,0.6498839952318213,0.0520503112535788,0.7814685314685315,0.8333333333333334,0.8461538461538461,0.8153529803529803,0.0588482675961322,0.6920955882352942,0.7279411764705882,0.7411151960784315,0.7088643790849672,0.0564241794917103,146.0,21.0,80.0,95.0,1.1293108709505755,0.20054348220583001,0.7046783625730995,0.874251497005988,0.5428571428571428,0.05147058823529416
264,a_resnet101_mobilenetv2_gaussian_nb,A,ResNet101+MobileNetV2; full features; Gaussian naive Bayes,ResNet101+MobileNetV2,full,,gaussian_nb,23.85,10,0.6470588235294118,0.6810924369747899,0.7058823529411765,0.6814285714285715,0.0583863304672778,0.5944444444444444,0.6449579831932774,0.6666666666666666,0.6297365148029286,0.0921984525524932,0.5944444444444444,0.6449579831932774,0.6666666666666666,0.6297365148029286,0.0921984525524932,0.6845864661654135,0.7172582619339045,0.7438538205980066,0.7166020826273545,0.0489238673351271,0.643343653250774,0.6722898978712932,0.7004229323308271,0.6731692987151414,0.0643240407764708,0.6476205065359477,0.684640522875817,0.7058823529411764,0.6850898692810458,0.0553551843392575,0.3045045496142646,0.3886063317307177,0.4407523477373583,0.3894116525084892,0.1066755615684903,0.7766544117647058,0.8492647058823529,0.8823529411764706,0.8257352941176471,0.0834989703344001,0.4656862745098039,0.5588235294117647,0.6380718954248367,0.5444444444444445,0.1234277380486638,0.6121794871794872,0.6356107660455487,0.6666666666666666,0.6380645733620562,0.0594005078358801,0.7067307692307692,0.7735042735042735,0.8136363636363637,0.7728529803529804,0.0706935627309154,0.6476205065359477,0.684640522875817,0.7058823529411765,0.6850898692810459,0.0553551843392575,138.0,29.0,80.0,95.0,1.2055015468504275,0.2187976799905296,0.6812865497076024,0.8263473053892215,0.5428571428571428,0.05882352941176472
265,a_mobilenet_resnet101_gaussian_nb,A,MobileNet+ResNet101; full features; Gaussian naive Bayes,MobileNet+ResNet101,full,,gaussian_nb,18.45,10,0.6495798319327731,0.6764705882352942,0.7058823529411765,0.6728571428571429,0.0604640519343254,0.5467032967032966,0.6188769414575865,0.6666666666666666,0.5878596373757664,0.1081303254282607,0.5467032967032966,0.6188769414575865,0.6666666666666666,0.5878596373757664,0.1081303254282607,0.7006756756756757,0.729490022172949,0.7368421052631579,0.7264339610937813,0.0413703799269917,0.6335789210789211,0.6680409756727617,0.7017543859649122,0.657146799234774,0.072049863761801,0.6515522875816993,0.6875,0.7058823529411764,0.6781862745098038,0.0607686239863072,0.3302684221443842,0.4082578148880099,0.4300054262608747,0.3914484938452128,0.1234916619513611,0.8235294117647058,0.8823529411764706,0.9402573529411764,0.8867647058823529,0.0657164475622345,0.4027777777777778,0.4852941176470587,0.5800653594771242,0.4696078431372549,0.1179799413836458,0.5944444444444444,0.6138716356107661,0.6599999999999999,0.6180591212330343,0.0505285026405863,0.7377622377622378,0.7692307692307693,0.8854166666666666,0.8136516261516261,0.0979720835998719,0.6515522875816994,0.6875,0.7058823529411765,0.678186274509804,0.0607686239863072,148.0,19.0,93.0,82.0,1.1217175369383763,0.1988173139397982,0.672514619883041,0.8862275449101796,0.4685714285714286,0.05630252100840338
266,a_resnet152_gaussian_nb,A,ResNet152; full features; Gaussian naive Bayes,ResNet152,full,,gaussian_nb,15.45,10,0.611764705882353,0.661764705882353,0.6764705882352942,0.6524369747899159,0.0561807286746589,0.54,0.582010582010582,0.5981481481481481,0.5689980175141465,0.0921039260340899,0.54,0.582010582010582,0.5981481481481481,0.5689980175141465,0.0921039260340899,0.6824162679425837,0.7013513513513514,0.7317073170731707,0.7064051389740257,0.0446444458155133,0.5957706766917293,0.6470991432068544,0.6621499548328816,0.637701578244086,0.0635475079353512,0.6176470588235293,0.6663602941176471,0.6764705882352942,0.6568627450980392,0.0550605005355454,0.2711253382365928,0.3424820938586257,0.3872983346207416,0.3422829225065836,0.111024886868924,0.8152573529411764,0.8823529411764706,0.8823529411764706,0.8558823529411764,0.0659901152408172,0.4199346405228757,0.4705882352941176,0.4926470588235294,0.4578431372549019,0.1016457201333797,0.5643939393939394,0.6120401337792643,0.625,0.6033531927010188,0.046915869813556,0.7175324675324676,0.75,0.8,0.771417748917749,0.0773358992885853,0.6176470588235294,0.666360294117647,0.6764705882352942,0.6568627450980393,0.0550605005355454,143.0,24.0,95.0,80.0,0.7172282949904907,0.1174524189555082,0.652046783625731,0.8562874251497006,0.45714285714285713,0.06470588235294117
267,a_xception_gaussian_nb,A,Xception; full features; Gaussian naive Bayes,Xception,full,,gaussian_nb,14.7,10,0.6470588235294118,0.6571428571428571,0.6764705882352942,0.6608403361344538,0.031063907975468,0.6666666666666666,0.6835686777920411,0.6842105263157895,0.6838136596159703,0.0255797558446477,0.6666666666666666,0.6835686777920411,0.6842105263157895,0.6838136596159703,0.0255797558446477,0.5944444444444444,0.6125,0.6760504201680673,0.6273871486908289,0.0633654616548531,0.6421052631578947,0.6557340041279669,0.6726803458510776,0.6556004041533996,0.0334651241556209,0.6435355392156863,0.6560457516339869,0.6764705882352942,0.659048202614379,0.0328259384603575,0.2922242193577826,0.313636106069346,0.3788620986138746,0.3261612306988381,0.0667831724362665,0.5294117647058824,0.5753676470588236,0.6773897058823529,0.5981617647058823,0.1181699216490608,0.6764705882352942,0.7222222222222222,0.7540849673202614,0.7199346405228759,0.0798861985513312,0.6439075630252101,0.6666666666666666,0.6822916666666666,0.6748944437915027,0.047875802973752,0.6205357142857143,0.65,0.6822916666666666,0.659836292934119,0.0536838750267159,0.6435355392156863,0.6560457516339869,0.6764705882352942,0.6590482026143791,0.0328259384603575,100.0,67.0,49.0,126.0,1.4848315400886347,0.2940793930902142,0.6608187134502924,0.5988023952095808,0.72,0.02941176470588236
268,a_inceptionv3_decision_tree,A,InceptionV3; full features; decision tree,InceptionV3,full,,decision_tree,13.85,10,0.5955882352941176,0.6378151260504201,0.698529411764706,0.6436974789915967,0.0724716501241344,0.6293233082706766,0.6583333333333333,0.6875,0.6563124071560604,0.0606078605477217,0.6293233082706766,0.6583333333333333,0.6875,0.6563124071560604,0.0606078605477217,0.5428571428571428,0.6273546273546273,0.7130952380952381,0.6239184256831315,0.0997522838353759,0.5911711095921622,0.6315344565344565,0.6976934523809524,0.640115416419596,0.0743198198987528,0.5919117647058822,0.6388888888888888,0.6985294117647058,0.6430555555555555,0.0744304138238288,0.1856987033081564,0.2891933257623728,0.3993715084718419,0.2903403281553179,0.149064252742825,0.4779411764705882,0.6470588235294118,0.75,0.6220588235294119,0.1441480726853482,0.6200980392156863,0.6470588235294118,0.7083333333333333,0.6640522875816993,0.0857430650907587,0.5875,0.6375,0.6798245614035088,0.637261770737003,0.0783134305919673,0.6021739130434782,0.6388888888888888,0.7218749999999999,0.6574951811735026,0.0844264412941495,0.5919117647058822,0.6388888888888888,0.6985294117647058,0.6430555555555555,0.0744304138238288,104.0,63.0,59.0,116.0,59.17276943294564,0.017545404087286,0.6432748538011696,0.6227544910179641,0.6628571428571428,0.10294117647058831
269,a_resnet101_densenet121_gaussian_nb,A,ResNet101+DenseNet121; full features; Gaussian naive Bayes,ResNet101+DenseNet121,full,,gaussian_nb,13.0,10,0.6044117647058823,0.6470588235294118,0.6470588235294118,0.640672268907563,0.0506595623983005,0.5379310344827586,0.5857142857142856,0.6225961538461539,0.5639568539905871,0.0983836602418292,0.5379310344827586,0.5857142857142856,0.6225961538461539,0.5639568539905871,0.0983836602418292,0.6666666666666666,0.6813346228239845,0.6960526315789474,0.6879184619448323,0.0498063818716425,0.5891409558378706,0.6389097744360902,0.6458333333333333,0.6259376579677097,0.0597993727759511,0.6102941176470588,0.6464460784313726,0.6588541666666666,0.644546568627451,0.0489488310229794,0.2488167403202828,0.2939205527731063,0.3440492933671254,0.31650842839771,0.1045565201871843,0.7205882352941176,0.84375,0.926470588235294,0.8194852941176469,0.1145744858700218,0.4509803921568627,0.4705882352941176,0.5220588235294118,0.4696078431372549,0.1237431532959343,0.5744047619047619,0.5909090909090909,0.6299342105263157,0.5988714589504063,0.0412756115283372,0.6666666666666666,0.75,0.8,0.7504273504273504,0.0976063137082352,0.6102941176470588,0.6464460784313726,0.6588541666666666,0.644546568627451,0.0489488310229794,137.0,30.0,93.0,82.0,1.1253355240332892,0.198910488048568,0.6403508771929824,0.8203592814371258,0.4685714285714286,0.04264705882352948
270,a_resnet101_densenet169_gaussian_nb,A,ResNet101+DenseNet169; full features; Gaussian naive Bayes,ResNet101+DenseNet169,full,,gaussian_nb,13.0,10,0.6044117647058823,0.6470588235294118,0.6470588235294118,0.640672268907563,0.0506595623983005,0.5379310344827586,0.5857142857142856,0.6225961538461539,0.5639568539905871,0.0983836602418292,0.5379310344827586,0.5857142857142856,0.6225961538461539,0.5639568539905871,0.0983836602418292,0.6666666666666666,0.6813346228239845,0.6960526315789474,0.6879184619448323,0.0498063818716425,0.5891409558378706,0.6389097744360902,0.6458333333333333,0.6259376579677097,0.0597993727759511,0.6102941176470588,0.6464460784313726,0.6588541666666666,0.644546568627451,0.0489488310229794,0.2488167403202828,0.2939205527731063,0.3440492933671254,0.31650842839771,0.1045565201871843,0.7205882352941176,0.84375,0.926470588235294,0.8194852941176469,0.1145744858700218,0.4509803921568627,0.4705882352941176,0.5220588235294118,0.4696078431372549,0.1237431532959343,0.5744047619047619,0.5909090909090909,0.6299342105263157,0.5988714589504063,0.0412756115283372,0.6666666666666666,0.75,0.8,0.7504273504273504,0.0976063137082352,0.6102941176470588,0.6464460784313726,0.6588541666666666,0.644546568627451,0.0489488310229794,137.0,30.0,93.0,82.0,1.33467619708972,0.24878632189938749,0.6403508771929824,0.8203592814371258,0.4685714285714286,0.04264705882352948
271,a_resnet101_gaussian_nb,A,ResNet101; full features; Gaussian naive Bayes,ResNet101,full,,gaussian_nb,13.0,10,0.6044117647058823,0.6470588235294118,0.6470588235294118,0.640672268907563,0.0506595623983005,0.5379310344827586,0.5857142857142856,0.6225961538461539,0.5639568539905871,0.0983836602418292,0.5379310344827586,0.5857142857142856,0.6225961538461539,0.5639568539905871,0.0983836602418292,0.6666666666666666,0.6813346228239845,0.6960526315789474,0.6879184619448323,0.0498063818716425,0.5891409558378706,0.6389097744360902,0.6458333333333333,0.6259376579677097,0.0597993727759511,0.6102941176470588,0.6464460784313726,0.6588541666666666,0.644546568627451,0.0489488310229794,0.2488167403202828,0.2939205527731063,0.3440492933671254,0.31650842839771,0.1045565201871843,0.7205882352941176,0.84375,0.926470588235294,0.8194852941176469,0.1145744858700218,0.4509803921568627,0.4705882352941176,0.5220588235294118,0.4696078431372549,0.1237431532959343,0.5744047619047619,0.5909090909090909,0.6299342105263157,0.5988714589504063,0.0412756115283372,0.6666666666666666,0.75,0.8,0.7504273504273504,0.0976063137082352,0.6102941176470588,0.6464460784313726,0.6588541666666666,0.644546568627451,0.0489488310229794,137.0,30.0,93.0,82.0,0.6948093649698416,0.1214108140557068,0.6403508771929824,0.8203592814371258,0.4685714285714286,0.04264705882352948
272,a_nasnetmobile_gaussian_nb,A,NASNetMobile; full features; Gaussian naive Bayes,NASNetMobile,full,,gaussian_nb,8.5,10,0.5756302521008403,0.6176470588235294,0.6691176470588236,0.6231932773109244,0.0608948381370735,0.5893300248138958,0.6282894736842105,0.6612903225806451,0.6136887552371131,0.063561454158333,0.5893300248138958,0.6282894736842105,0.6612903225806451,0.6136887552371131,0.063561454158333,0.5585299455535391,0.632016632016632,0.680952380952381,0.6235111148722765,0.0875707278713535,0.5699316529537243,0.6119211536341681,0.6669073307178146,0.6185999350546947,0.0620968190606382,0.5772058823529411,0.6213235294117647,0.6691176470588236,0.6245098039215687,0.0608441678275379,0.1588783379191836,0.2514796387326065,0.342970046820125,0.2554043498019124,0.125313443706532,0.5367647058823529,0.7058823529411765,0.75,0.6588235294117648,0.1505787885108791,0.5220588235294118,0.5882352941176471,0.6527777777777778,0.5901960784313725,0.105807014806959,0.5714285714285714,0.6074561403508771,0.6453947368421052,0.6057097288676236,0.0537460440193392,0.5931818181818183,0.641025641025641,0.7087912087912088,0.6563103563103564,0.0886007920070291,0.5772058823529411,0.6213235294117647,0.6691176470588236,0.6245098039215687,0.0608441678275379,110.0,57.0,72.0,103.0,0.3757592100882899,0.0499601979390712,0.6228070175438597,0.6586826347305389,0.5885714285714285,0.0934873949579833
