experiment,approach,classifier,fold,train_size,test_size,prepared_features,shared_preprocessing_size,accuracy,f1,f1_clear,f1_obstructed,macro_f1,balanced_accuracy,mcc,tn_obstructed,fp_obstructed_as_clear,fn_clear_as_obstructed,tp_clear,obstructed_recall,clear_recall,obstructed_precision,clear_precision,roc_auc,reduction_seconds,training_seconds,prediction_seconds
a_resnet101v2_logistic,A,logistic,1,341,1,100352,1,1.0,1.0,1.0,0.0,1.0,1.0,0.0,0,0,0,1,,1.0,,1.0,,0.0266235669987509,0.2562539410064346,0.0004394989955471
a_resnet101v2_logistic,A,logistic,2,341,1,100352,1,1.0,1.0,1.0,0.0,1.0,1.0,0.0,0,0,0,1,,1.0,,1.0,,0.0279494359929231,0.2629115279996767,0.0004374049967736
a_resnet101v2_logistic,A,logistic,3,341,1,100352,1,1.0,1.0,1.0,0.0,1.0,1.0,0.0,0,0,0,1,,1.0,,1.0,,0.0281095210011699,0.2665153819980332,0.0003937609944841
a_resnet101v2_logistic,A,logistic,4,341,1,100352,1,1.0,1.0,1.0,0.0,1.0,1.0,0.0,0,0,0,1,,1.0,,1.0,,0.0270499600010225,0.2557130700006382,0.0003863969977828
a_resnet101v2_logistic,A,logistic,5,341,1,100352,1,0.0,0.0,0.0,0.0,0.0,0.0,0.0,0,0,1,0,,0.0,0.0,,,0.0272541699960129,0.2582160740057588,0.000391096000385
a_resnet101v2_logistic,A,logistic,6,341,1,100352,1,0.0,0.0,0.0,0.0,0.0,0.0,0.0,0,0,1,0,,0.0,0.0,,,0.0268883210010244,0.2439100189949385,0.0004005230002803
a_resnet101v2_logistic,A,logistic,7,341,1,100352,1,1.0,1.0,1.0,0.0,1.0,1.0,0.0,0,0,0,1,,1.0,,1.0,,0.0274847100008628,0.2532510040036868,0.0003859060016111
a_resnet101v2_logistic,A,logistic,8,341,1,100352,1,1.0,1.0,1.0,0.0,1.0,1.0,0.0,0,0,0,1,,1.0,,1.0,,0.0267018970043864,0.2568589059956139,0.0003986000010627
a_resnet101v2_logistic,A,logistic,9,341,1,100352,1,1.0,1.0,1.0,0.0,1.0,1.0,0.0,0,0,0,1,,1.0,,1.0,,0.0271498509973753,0.2589881460007746,0.0004015150043414
a_resnet101v2_logistic,A,logistic,10,341,1,100352,1,1.0,1.0,1.0,0.0,1.0,1.0,0.0,0,0,0,1,,1.0,,1.0,,0.0267273939971346,0.2428833099984331,0.0003845640021609
a_resnet101v2_logistic,A,logistic,11,341,1,100352,1,1.0,1.0,1.0,0.0,1.0,1.0,0.0,0,0,0,1,,1.0,,1.0,,0.026970999999321,0.2577545839958475,0.000398028998461
a_resnet101v2_logistic,A,logistic,12,341,1,100352,1,1.0,1.0,1.0,0.0,1.0,1.0,0.0,0,0,0,1,,1.0,,1.0,,0.0269867290044203,0.2568231879995437,0.0003935409986297
a_resnet101v2_logistic,A,logistic,13,341,1,100352,1,1.0,1.0,1.0,0.0,1.0,1.0,0.0,0,0,0,1,,1.0,,1.0,,0.0278470199991716,0.2559059179984615,0.0003889119980158
a_resnet101v2_logistic,A,logistic,14,341,1,100352,1,1.0,1.0,1.0,0.0,1.0,1.0,0.0,0,0,0,1,,1.0,,1.0,,0.026710953003203,0.2574017209990415,0.0003905150006175
a_resnet101v2_logistic,A,logistic,15,341,1,100352,1,1.0,1.0,1.0,0.0,1.0,1.0,0.0,0,0,0,1,,1.0,,1.0,,0.0276475499995285,0.2543365940000512,0.0003822290018433
a_resnet101v2_logistic,A,logistic,16,341,1,100352,1,1.0,1.0,1.0,0.0,1.0,1.0,0.0,0,0,0,1,,1.0,,1.0,,0.0266836820010212,0.2541340079988003,0.000401226003305
a_resnet101v2_logistic,A,logistic,17,341,1,100352,1,1.0,1.0,1.0,0.0,1.0,1.0,0.0,0,0,0,1,,1.0,,1.0,,0.0270341700015706,0.2562428710007225,0.0003946919969166
a_resnet101v2_logistic,A,logistic,18,341,1,100352,1,1.0,1.0,1.0,0.0,1.0,1.0,0.0,0,0,0,1,,1.0,,1.0,,0.0268614710003021,0.2566944819991477,0.0003913260006811
a_resnet101v2_logistic,A,logistic,19,341,1,100352,1,1.0,1.0,1.0,0.0,1.0,1.0,0.0,0,0,0,1,,1.0,,1.0,,0.0272527990018716,0.2577736209932482,0.0003795340016949
a_resnet101v2_logistic,A,logistic,20,341,1,100352,1,1.0,1.0,1.0,0.0,1.0,1.0,0.0,0,0,0,1,,1.0,,1.0,,0.0267871609976282,0.2567153280033381,0.0003898640061379
a_resnet101v2_logistic,A,logistic,21,341,1,100352,1,1.0,1.0,1.0,0.0,1.0,1.0,0.0,0,0,0,1,,1.0,,1.0,,0.0270270659966627,0.2565160380036104,0.0003969870012952
a_resnet101v2_logistic,A,logistic,22,341,1,100352,1,1.0,1.0,1.0,0.0,1.0,1.0,0.0,0,0,0,1,,1.0,,1.0,,0.0267541659995913,0.2542895389997284,0.0003966869990108
a_resnet101v2_logistic,A,logistic,23,341,1,100352,1,1.0,1.0,1.0,0.0,1.0,1.0,0.0,0,0,0,1,,1.0,,1.0,,0.0269795960048213,0.2658296570007223,0.0004016660022898
a_resnet101v2_logistic,A,logistic,24,341,1,100352,1,1.0,1.0,1.0,0.0,1.0,1.0,0.0,0,0,0,1,,1.0,,1.0,,0.0270164160028798,0.2556692310026847,0.0003906350029865
a_resnet101v2_logistic,A,logistic,25,341,1,100352,1,1.0,1.0,1.0,0.0,1.0,1.0,0.0,0,0,0,1,,1.0,,1.0,,0.0273794290042133,0.2593441429999075,0.000390936002077
a_resnet101v2_logistic,A,logistic,26,341,1,100352,1,1.0,1.0,1.0,0.0,1.0,1.0,0.0,0,0,0,1,,1.0,,1.0,,0.0274396129971137,0.2570023549997131,0.000429448999057
a_resnet101v2_logistic,A,logistic,27,341,1,100352,1,1.0,1.0,1.0,0.0,1.0,1.0,0.0,0,0,0,1,,1.0,,1.0,,0.0282162649964448,0.2581290839952999,0.0003873690002365
a_resnet101v2_logistic,A,logistic,28,341,1,100352,1,1.0,1.0,1.0,0.0,1.0,1.0,0.0,0,0,0,1,,1.0,,1.0,,0.0266605869983322,0.2396894839985179,0.0003841829966404
a_resnet101v2_logistic,A,logistic,29,341,1,100352,1,1.0,1.0,1.0,0.0,1.0,1.0,0.0,0,0,0,1,,1.0,,1.0,,0.0270349909987999,0.2554065700023784,0.0004392780028865
a_resnet101v2_logistic,A,logistic,30,341,1,100352,1,1.0,1.0,1.0,0.0,1.0,1.0,0.0,0,0,0,1,,1.0,,1.0,,0.0273506839948822,0.2531767749969731,0.0004189089959254
a_resnet101v2_logistic,A,logistic,31,341,1,100352,1,1.0,1.0,1.0,0.0,1.0,1.0,0.0,0,0,0,1,,1.0,,1.0,,0.0283150739996926,0.2597062839995487,0.000395565002691
a_resnet101v2_logistic,A,logistic,32,341,1,100352,1,1.0,1.0,1.0,0.0,1.0,1.0,0.0,0,0,0,1,,1.0,,1.0,,0.0273495319997891,0.2612380549981026,0.0003932000036002
a_resnet101v2_logistic,A,logistic,33,341,1,100352,1,1.0,1.0,1.0,0.0,1.0,1.0,0.0,0,0,0,1,,1.0,,1.0,,0.0271421659999759,0.2541927330021281,0.0003975790023105
a_resnet101v2_logistic,A,logistic,34,341,1,100352,1,1.0,1.0,1.0,0.0,1.0,1.0,0.0,0,0,0,1,,1.0,,1.0,,0.026914581998426,0.2689090920030139,0.0003917069989256
a_resnet101v2_logistic,A,logistic,35,341,1,100352,1,1.0,1.0,1.0,0.0,1.0,1.0,0.0,0,0,0,1,,1.0,,1.0,,0.027157073993294,0.2582952410011785,0.0003824499945039
a_resnet101v2_logistic,A,logistic,36,341,1,100352,1,1.0,1.0,1.0,0.0,1.0,1.0,0.0,0,0,0,1,,1.0,,1.0,,0.0268354110012296,0.2784332130031544,0.0004346700006863
a_resnet101v2_logistic,A,logistic,37,341,1,100352,1,1.0,1.0,1.0,0.0,1.0,1.0,0.0,0,0,0,1,,1.0,,1.0,,0.0277988580055534,0.2621511469988036,0.0003921680036
a_resnet101v2_logistic,A,logistic,38,341,1,100352,1,1.0,1.0,1.0,0.0,1.0,1.0,0.0,0,0,0,1,,1.0,,1.0,,0.0264004199998453,0.2586411200027214,0.0003966369986301
a_resnet101v2_logistic,A,logistic,39,341,1,100352,1,1.0,1.0,1.0,0.0,1.0,1.0,0.0,0,0,0,1,,1.0,,1.0,,0.0267282659988268,0.2444617279979866,0.0003970580000896
a_resnet101v2_logistic,A,logistic,40,341,1,100352,1,1.0,1.0,1.0,0.0,1.0,1.0,0.0,0,0,0,1,,1.0,,1.0,,0.0263935879993368,0.2582181230027345,0.000390105000406
a_resnet101v2_logistic,A,logistic,41,341,1,100352,1,1.0,1.0,1.0,0.0,1.0,1.0,0.0,0,0,0,1,,1.0,,1.0,,0.0263005999950109,0.2573039489943767,0.000529009004822
a_resnet101v2_logistic,A,logistic,42,341,1,100352,1,1.0,1.0,1.0,0.0,1.0,1.0,0.0,0,0,0,1,,1.0,,1.0,,0.0260593900020467,0.2649270840047393,0.0003865079997922
a_resnet101v2_logistic,A,logistic,43,341,1,100352,1,1.0,1.0,1.0,0.0,1.0,1.0,0.0,0,0,0,1,,1.0,,1.0,,0.0271571749981376,0.257625491998624,0.0003888319988618
a_resnet101v2_logistic,A,logistic,44,341,1,100352,1,1.0,1.0,1.0,0.0,1.0,1.0,0.0,0,0,0,1,,1.0,,1.0,,0.0267845429989392,0.2460312609982793,0.0003933909974875
a_resnet101v2_logistic,A,logistic,45,341,1,100352,1,1.0,1.0,1.0,0.0,1.0,1.0,0.0,0,0,0,1,,1.0,,1.0,,0.0270770110000739,0.2579367760044988,0.000403300000471
a_resnet101v2_logistic,A,logistic,46,341,1,100352,1,1.0,1.0,1.0,0.0,1.0,1.0,0.0,0,0,0,1,,1.0,,1.0,,0.0268393369988189,0.2623532729994622,0.0003911259991582
a_resnet101v2_logistic,A,logistic,47,341,1,100352,1,1.0,1.0,1.0,0.0,1.0,1.0,0.0,0,0,0,1,,1.0,,1.0,,0.0271953970004688,0.2583042969999951,0.0003960159956477
a_resnet101v2_logistic,A,logistic,48,341,1,100352,1,1.0,1.0,1.0,0.0,1.0,1.0,0.0,0,0,0,1,,1.0,,1.0,,0.0275736179974046,0.2599482629957492,0.0003904850018443
a_resnet101v2_logistic,A,logistic,49,341,1,100352,1,1.0,1.0,1.0,0.0,1.0,1.0,0.0,0,0,0,1,,1.0,,1.0,,0.0274740679960814,0.2570657530013704,0.0003859359931084
a_resnet101v2_logistic,A,logistic,50,341,1,100352,1,1.0,1.0,1.0,0.0,1.0,1.0,0.0,0,0,0,1,,1.0,,1.0,,0.0274197250037104,0.256356109995977,0.0004210030019748
a_resnet101v2_logistic,A,logistic,51,341,1,100352,1,1.0,1.0,1.0,0.0,1.0,1.0,0.0,0,0,0,1,,1.0,,1.0,,0.0277599440014455,0.24244958700001,0.0004182389966445
a_resnet101v2_logistic,A,logistic,52,341,1,100352,1,0.0,0.0,0.0,0.0,0.0,0.0,0.0,0,0,1,0,,0.0,0.0,,,0.0276654640038032,0.2537306810045265,0.0003923490003217
a_resnet101v2_logistic,A,logistic,53,341,1,100352,1,1.0,1.0,1.0,0.0,1.0,1.0,0.0,0,0,0,1,,1.0,,1.0,,0.0271655800024746,0.2488154619932174,0.0003823790029855
a_resnet101v2_logistic,A,logistic,54,341,1,100352,1,1.0,1.0,1.0,0.0,1.0,1.0,0.0,0,0,0,1,,1.0,,1.0,,0.0274155470033292,0.2586618389977957,0.0003957549997721
a_resnet101v2_logistic,A,logistic,55,341,1,100352,1,1.0,1.0,1.0,0.0,1.0,1.0,0.0,0,0,0,1,,1.0,,1.0,,0.0274544920030166,0.2593448710031225,0.0003878900024574
a_resnet101v2_logistic,A,logistic,56,341,1,100352,1,1.0,1.0,1.0,0.0,1.0,1.0,0.0,0,0,0,1,,1.0,,1.0,,0.0276267199951689,0.2584893700040993,0.0004194210050627
a_resnet101v2_logistic,A,logistic,57,341,1,100352,1,1.0,1.0,1.0,0.0,1.0,1.0,0.0,0,0,0,1,,1.0,,1.0,,0.0292726699990453,0.2568505920062307,0.0004267840049578
a_resnet101v2_logistic,A,logistic,58,341,1,100352,1,1.0,1.0,1.0,0.0,1.0,1.0,0.0,0,0,0,1,,1.0,,1.0,,0.0292305900002247,0.2685080139999627,0.0003917169960914
a_resnet101v2_logistic,A,logistic,59,341,1,100352,1,1.0,1.0,1.0,0.0,1.0,1.0,0.0,0,0,0,1,,1.0,,1.0,,0.0276004600018495,0.2694002360003651,0.000391417001083
a_resnet101v2_logistic,A,logistic,60,341,1,100352,1,1.0,1.0,1.0,0.0,1.0,1.0,0.0,0,0,0,1,,1.0,,1.0,,0.0276231429961626,0.2584162689963705,0.0003862569938064
a_resnet101v2_logistic,A,logistic,61,341,1,100352,1,0.0,0.0,0.0,0.0,0.0,0.0,0.0,0,0,1,0,,0.0,0.0,,,0.0275413069975911,0.2458741199952783,0.0003955739957746
a_resnet101v2_logistic,A,logistic,62,341,1,100352,1,1.0,1.0,1.0,0.0,1.0,1.0,0.0,0,0,0,1,,1.0,,1.0,,0.0273910899995826,0.2580542479990981,0.0003891520027536
a_resnet101v2_logistic,A,logistic,63,341,1,100352,1,1.0,1.0,1.0,0.0,1.0,1.0,0.0,0,0,0,1,,1.0,,1.0,,0.0273713019996648,0.2547322209939011,0.0003888419960276
a_resnet101v2_logistic,A,logistic,64,341,1,100352,1,1.0,1.0,1.0,0.0,1.0,1.0,0.0,0,0,0,1,,1.0,,1.0,,0.0276131639984669,0.2583798900013789,0.0003989710021414
a_resnet101v2_logistic,A,logistic,65,341,1,100352,1,1.0,1.0,1.0,0.0,1.0,1.0,0.0,0,0,0,1,,1.0,,1.0,,0.0274640099960379,0.2458039760022075,0.0003918479997082
a_resnet101v2_logistic,A,logistic,66,341,1,100352,1,1.0,1.0,1.0,0.0,1.0,1.0,0.0,0,0,0,1,,1.0,,1.0,,0.0274941270035924,0.2583942470009788,0.0003929600061383
a_resnet101v2_logistic,A,logistic,67,341,1,100352,1,1.0,1.0,1.0,0.0,1.0,1.0,0.0,0,0,0,1,,1.0,,1.0,,0.0277986180008156,0.2637337030027993,0.0003888020000886
a_resnet101v2_logistic,A,logistic,68,341,1,100352,1,1.0,1.0,1.0,0.0,1.0,1.0,0.0,0,0,0,1,,1.0,,1.0,,0.0274350440013222,0.2581841749997693,0.0003828699991572
a_resnet101v2_logistic,A,logistic,69,341,1,100352,1,1.0,1.0,1.0,0.0,1.0,1.0,0.0,0,0,0,1,,1.0,,1.0,,0.0273747889950755,0.2576023549991078,0.0003870380023727
a_resnet101v2_logistic,A,logistic,70,341,1,100352,1,0.0,0.0,0.0,0.0,0.0,0.0,0.0,0,0,1,0,,0.0,0.0,,,0.027287413002341,0.2591086199972778,0.0003938720037695
a_resnet101v2_logistic,A,logistic,71,341,1,100352,1,1.0,1.0,1.0,0.0,1.0,1.0,0.0,0,0,0,1,,1.0,,1.0,,0.0278514180026832,0.2590594249995774,0.0003836020041489
a_resnet101v2_logistic,A,logistic,72,341,1,100352,1,1.0,1.0,1.0,0.0,1.0,1.0,0.0,0,0,0,1,,1.0,,1.0,,0.0273401730009936,0.2575120330002391,0.0003853749949485
a_resnet101v2_logistic,A,logistic,73,341,1,100352,1,1.0,1.0,1.0,0.0,1.0,1.0,0.0,0,0,0,1,,1.0,,1.0,,0.0271185399979003,0.2591495779997785,0.0003881110023939
a_resnet101v2_logistic,A,logistic,74,341,1,100352,1,1.0,1.0,1.0,0.0,1.0,1.0,0.0,0,0,0,1,,1.0,,1.0,,0.0276627079947502,0.2622182720006094,0.0003874300018651
a_resnet101v2_logistic,A,logistic,75,341,1,100352,1,1.0,1.0,1.0,0.0,1.0,1.0,0.0,0,0,0,1,,1.0,,1.0,,0.0271079999947687,0.2574497040041024,0.0003873690002365
a_resnet101v2_logistic,A,logistic,76,341,1,100352,1,1.0,1.0,1.0,0.0,1.0,1.0,0.0,0,0,0,1,,1.0,,1.0,,0.0275873739956296,0.2749693789955927,0.000389342996641
a_resnet101v2_logistic,A,logistic,77,341,1,100352,1,1.0,1.0,1.0,0.0,1.0,1.0,0.0,0,0,0,1,,1.0,,1.0,,0.0271104850035044,0.2577049409956089,0.0003834219969576
a_resnet101v2_logistic,A,logistic,78,341,1,100352,1,1.0,1.0,1.0,0.0,1.0,1.0,0.0,0,0,0,1,,1.0,,1.0,,0.0272804390042438,0.25282846600021,0.0003831010035355
a_resnet101v2_logistic,A,logistic,79,341,1,100352,1,1.0,1.0,1.0,0.0,1.0,1.0,0.0,0,0,0,1,,1.0,,1.0,,0.0270866290011326,0.2592752060008934,0.0003910260056727
a_resnet101v2_logistic,A,logistic,80,341,1,100352,1,1.0,1.0,1.0,0.0,1.0,1.0,0.0,0,0,0,1,,1.0,,1.0,,0.027268145000562,0.2569136910024099,0.0003922489995602
a_resnet101v2_logistic,A,logistic,81,341,1,100352,1,1.0,1.0,1.0,0.0,1.0,1.0,0.0,0,0,0,1,,1.0,,1.0,,0.027106346002256,0.2606083899954683,0.0003869979991577
a_resnet101v2_logistic,A,logistic,82,341,1,100352,1,1.0,1.0,1.0,0.0,1.0,1.0,0.0,0,0,0,1,,1.0,,1.0,,0.0273686470027314,0.2567311309976503,0.0003867380000883
a_resnet101v2_logistic,A,logistic,83,341,1,100352,1,1.0,1.0,1.0,0.0,1.0,1.0,0.0,0,0,0,1,,1.0,,1.0,,0.0272224389991606,0.2577874070047983,0.0003927889993065
a_resnet101v2_logistic,A,logistic,84,341,1,100352,1,1.0,1.0,1.0,0.0,1.0,1.0,0.0,0,0,0,1,,1.0,,1.0,,0.0272302330049569,0.275508988997899,0.0003784020009334
a_resnet101v2_logistic,A,logistic,85,341,1,100352,1,1.0,1.0,1.0,0.0,1.0,1.0,0.0,0,0,0,1,,1.0,,1.0,,0.0271955669959425,0.2762349030017503,0.0003898229988408
a_resnet101v2_logistic,A,logistic,86,341,1,100352,1,1.0,1.0,1.0,0.0,1.0,1.0,0.0,0,0,0,1,,1.0,,1.0,,0.027199174000998,0.2575570469998638,0.0003873890018439
a_resnet101v2_logistic,A,logistic,87,341,1,100352,1,1.0,1.0,1.0,0.0,1.0,1.0,0.0,0,0,0,1,,1.0,,1.0,,0.0288814529994851,0.258113839001453,0.0003923990007024
a_resnet101v2_logistic,A,logistic,88,341,1,100352,1,1.0,1.0,1.0,0.0,1.0,1.0,0.0,0,0,0,1,,1.0,,1.0,,0.0273460640019038,0.2571450710020144,0.0003798539983108
a_resnet101v2_logistic,A,logistic,89,341,1,100352,1,1.0,1.0,1.0,0.0,1.0,1.0,0.0,0,0,0,1,,1.0,,1.0,,0.0270524930019746,0.2609084119976614,0.0003996029990958
a_resnet101v2_logistic,A,logistic,90,341,1,100352,1,1.0,1.0,1.0,0.0,1.0,1.0,0.0,0,0,0,1,,1.0,,1.0,,0.0274587489984696,0.2665653040021425,0.0003923390031559
a_resnet101v2_logistic,A,logistic,91,341,1,100352,1,1.0,1.0,1.0,0.0,1.0,1.0,0.0,0,0,0,1,,1.0,,1.0,,0.0271880520012928,0.2660422560002189,0.0003901839954778
a_resnet101v2_logistic,A,logistic,92,341,1,100352,1,1.0,1.0,1.0,0.0,1.0,1.0,0.0,0,0,0,1,,1.0,,1.0,,0.0275522369993268,0.2575914219996775,0.0003901539967046
a_resnet101v2_logistic,A,logistic,93,341,1,100352,1,1.0,1.0,1.0,0.0,1.0,1.0,0.0,0,0,0,1,,1.0,,1.0,,0.0271787050005514,0.2574255559957237,0.0003799039986915
a_resnet101v2_logistic,A,logistic,94,341,1,100352,1,1.0,1.0,1.0,0.0,1.0,1.0,0.0,0,0,0,1,,1.0,,1.0,,0.0271912289972533,0.2567243780067656,0.0003928090009139
a_resnet101v2_logistic,A,logistic,95,341,1,100352,1,1.0,1.0,1.0,0.0,1.0,1.0,0.0,0,0,0,1,,1.0,,1.0,,0.0272922709991689,0.2578770870022708,0.0003890320003847
a_resnet101v2_logistic,A,logistic,96,341,1,100352,1,1.0,1.0,1.0,0.0,1.0,1.0,0.0,0,0,0,1,,1.0,,1.0,,0.0272048140031984,0.2572977519957931,0.0003806360036833
a_resnet101v2_logistic,A,logistic,97,341,1,100352,1,1.0,1.0,1.0,0.0,1.0,1.0,0.0,0,0,0,1,,1.0,,1.0,,0.0271498799993423,0.2577611160013475,0.0003966759977629
a_resnet101v2_logistic,A,logistic,98,341,1,100352,1,1.0,1.0,1.0,0.0,1.0,1.0,0.0,0,0,0,1,,1.0,,1.0,,0.0277324009948642,0.2571366640040651,0.0003918469956261
a_resnet101v2_logistic,A,logistic,99,341,1,100352,1,1.0,1.0,1.0,0.0,1.0,1.0,0.0,0,0,0,1,,1.0,,1.0,,0.0271145919978152,0.2572656199990888,0.000391015993955
a_resnet101v2_logistic,A,logistic,100,341,1,100352,1,1.0,1.0,1.0,0.0,1.0,1.0,0.0,0,0,0,1,,1.0,,1.0,,0.0272358930014888,0.2573545499981264,0.0003873899986501
a_resnet101v2_logistic,A,logistic,101,341,1,100352,1,1.0,1.0,1.0,0.0,1.0,1.0,0.0,0,0,0,1,,1.0,,1.0,,0.0270590459986124,0.2598299029996269,0.0003875600013998
a_resnet101v2_logistic,A,logistic,102,341,1,100352,1,1.0,1.0,1.0,0.0,1.0,1.0,0.0,0,0,0,1,,1.0,,1.0,,0.0274431690049823,0.2578967640001792,0.0003843229933409
a_resnet101v2_logistic,A,logistic,103,341,1,100352,1,1.0,1.0,1.0,0.0,1.0,1.0,0.0,0,0,0,1,,1.0,,1.0,,0.0272544189938344,0.2659253719975822,0.0003875390029861
a_resnet101v2_logistic,A,logistic,104,341,1,100352,1,1.0,1.0,1.0,0.0,1.0,1.0,0.0,0,0,0,1,,1.0,,1.0,,0.0273124300001654,0.256818536996434,0.0003816079988609
a_resnet101v2_logistic,A,logistic,105,341,1,100352,1,1.0,1.0,1.0,0.0,1.0,1.0,0.0,0,0,0,1,,1.0,,1.0,,0.0273441809986252,0.2461303140007658,0.0003925990022253
a_resnet101v2_logistic,A,logistic,106,341,1,100352,1,1.0,1.0,1.0,0.0,1.0,1.0,0.0,0,0,0,1,,1.0,,1.0,,0.0272372860054019,0.2572377460019197,0.0003857560004689
a_resnet101v2_logistic,A,logistic,107,341,1,100352,1,1.0,1.0,1.0,0.0,1.0,1.0,0.0,0,0,0,1,,1.0,,1.0,,0.0270972290018107,0.257468947005691,0.0003937820001738
a_resnet101v2_logistic,A,logistic,108,341,1,100352,1,1.0,1.0,1.0,0.0,1.0,1.0,0.0,0,0,0,1,,1.0,,1.0,,0.0274658419948536,0.2589860119987861,0.0003949629972339
a_resnet101v2_logistic,A,logistic,109,341,1,100352,1,1.0,1.0,1.0,0.0,1.0,1.0,0.0,0,0,0,1,,1.0,,1.0,,0.0277341039982275,0.2590591709958971,0.0003824899977189
a_resnet101v2_logistic,A,logistic,110,341,1,100352,1,1.0,1.0,1.0,0.0,1.0,1.0,0.0,0,0,0,1,,1.0,,1.0,,0.0270876209979178,0.2565688300019246,0.0003809769987128
a_resnet101v2_logistic,A,logistic,111,341,1,100352,1,1.0,1.0,1.0,0.0,1.0,1.0,0.0,0,0,0,1,,1.0,,1.0,,0.0272266859974479,0.2576141440003994,0.0003899129951605
a_resnet101v2_logistic,A,logistic,112,341,1,100352,1,1.0,1.0,1.0,0.0,1.0,1.0,0.0,0,0,0,1,,1.0,,1.0,,0.0272869710024679,0.2569385750030051,0.0003902440003002
a_resnet101v2_logistic,A,logistic,113,341,1,100352,1,1.0,1.0,1.0,0.0,1.0,1.0,0.0,0,0,0,1,,1.0,,1.0,,0.0272084719981648,0.2573710500000743,0.0003824090017587
a_resnet101v2_logistic,A,logistic,114,341,1,100352,1,1.0,1.0,1.0,0.0,1.0,1.0,0.0,0,0,0,1,,1.0,,1.0,,0.0272324370016576,0.2580088469985639,0.0003905449993908
a_resnet101v2_logistic,A,logistic,115,341,1,100352,1,1.0,1.0,1.0,0.0,1.0,1.0,0.0,0,0,0,1,,1.0,,1.0,,0.0271324569985154,0.2576110380032332,0.0003895029949489
a_resnet101v2_logistic,A,logistic,116,341,1,100352,1,1.0,1.0,1.0,0.0,1.0,1.0,0.0,0,0,0,1,,1.0,,1.0,,0.0273285509974812,0.2563036430001375,0.0003819589983322
a_resnet101v2_logistic,A,logistic,117,341,1,100352,1,1.0,1.0,1.0,0.0,1.0,1.0,0.0,0,0,0,1,,1.0,,1.0,,0.0271330769974156,0.2573575639980845,0.0003820389974862
a_resnet101v2_logistic,A,logistic,118,341,1,100352,1,1.0,1.0,1.0,0.0,1.0,1.0,0.0,0,0,0,1,,1.0,,1.0,,0.0272363850017427,0.2570596349978586,0.0003905949997715
a_resnet101v2_logistic,A,logistic,119,341,1,100352,1,1.0,1.0,1.0,0.0,1.0,1.0,0.0,0,0,0,1,,1.0,,1.0,,0.0273727949970634,0.2655310970003484,0.0003790429982473
a_resnet101v2_logistic,A,logistic,120,341,1,100352,1,1.0,1.0,1.0,0.0,1.0,1.0,0.0,0,0,0,1,,1.0,,1.0,,0.0274303250043885,0.2580687699955888,0.0004006540038972
a_resnet101v2_logistic,A,logistic,121,341,1,100352,1,1.0,1.0,1.0,0.0,1.0,1.0,0.0,0,0,0,1,,1.0,,1.0,,0.0273009070006082,0.2655556850004359,0.0003854960013995
a_resnet101v2_logistic,A,logistic,122,341,1,100352,1,1.0,1.0,1.0,0.0,1.0,1.0,0.0,0,0,0,1,,1.0,,1.0,,0.0273279090033611,0.2574573839956429,0.0003848439955618
a_resnet101v2_logistic,A,logistic,123,341,1,100352,1,1.0,1.0,1.0,0.0,1.0,1.0,0.0,0,0,0,1,,1.0,,1.0,,0.0271383069994044,0.2447889129980467,0.0003920279996236
a_resnet101v2_logistic,A,logistic,124,341,1,100352,1,1.0,1.0,1.0,0.0,1.0,1.0,0.0,0,0,0,1,,1.0,,1.0,,0.0272745379988919,0.2445609580026939,0.000385555998946
a_resnet101v2_logistic,A,logistic,125,341,1,100352,1,1.0,1.0,1.0,0.0,1.0,1.0,0.0,0,0,0,1,,1.0,,1.0,,0.0272850269975606,0.2664296209986787,0.0004045620007673
a_resnet101v2_logistic,A,logistic,126,341,1,100352,1,1.0,1.0,1.0,0.0,1.0,1.0,0.0,0,0,0,1,,1.0,,1.0,,0.028387329999532,0.2577996170002734,0.0003896729976986
a_resnet101v2_logistic,A,logistic,127,341,1,100352,1,0.0,0.0,0.0,0.0,0.0,0.0,0.0,0,0,1,0,,0.0,0.0,,,0.026928717001283,0.2547495469989371,0.0004007249954156
a_resnet101v2_logistic,A,logistic,128,341,1,100352,1,1.0,1.0,1.0,0.0,1.0,1.0,0.0,0,0,0,1,,1.0,,1.0,,0.0268062640025164,0.2562750680008321,0.0003950739992433
a_resnet101v2_logistic,A,logistic,129,341,1,100352,1,1.0,1.0,1.0,0.0,1.0,1.0,0.0,0,0,0,1,,1.0,,1.0,,0.0268964960050652,0.2576454419977381,0.0003876799964928
a_resnet101v2_logistic,A,logistic,130,341,1,100352,1,1.0,1.0,1.0,0.0,1.0,1.0,0.0,0,0,0,1,,1.0,,1.0,,0.0268074060004437,0.2569830889988225,0.0003930200036847
a_resnet101v2_logistic,A,logistic,131,341,1,100352,1,1.0,1.0,1.0,0.0,1.0,1.0,0.0,0,0,0,1,,1.0,,1.0,,0.0268999830004759,0.2596961849994841,0.0003962260016123
a_resnet101v2_logistic,A,logistic,132,341,1,100352,1,1.0,1.0,1.0,0.0,1.0,1.0,0.0,0,0,0,1,,1.0,,1.0,,0.0267804649993195,0.2581086060017696,0.0003859770004055
a_resnet101v2_logistic,A,logistic,133,341,1,100352,1,1.0,1.0,1.0,0.0,1.0,1.0,0.0,0,0,0,1,,1.0,,1.0,,0.0269517810011166,0.2572372230060864,0.0003861069999402
a_resnet101v2_logistic,A,logistic,134,341,1,100352,1,1.0,1.0,1.0,0.0,1.0,1.0,0.0,0,0,0,1,,1.0,,1.0,,0.0278092980006476,0.257821546998457,0.0004007440002169
a_resnet101v2_logistic,A,logistic,135,341,1,100352,1,1.0,1.0,1.0,0.0,1.0,1.0,0.0,0,0,0,1,,1.0,,1.0,,0.0274864510065526,0.2585358900032588,0.0003833709997707
a_resnet101v2_logistic,A,logistic,136,341,1,100352,1,1.0,1.0,1.0,0.0,1.0,1.0,0.0,0,0,0,1,,1.0,,1.0,,0.027711429996998,0.2632303459977265,0.0003921280003851
a_resnet101v2_logistic,A,logistic,137,341,1,100352,1,1.0,1.0,1.0,0.0,1.0,1.0,0.0,0,0,0,1,,1.0,,1.0,,0.0275230010011,0.2589840849977918,0.0003884010002366
a_resnet101v2_logistic,A,logistic,138,341,1,100352,1,1.0,1.0,1.0,0.0,1.0,1.0,0.0,0,0,0,1,,1.0,,1.0,,0.0271191700012423,0.2580174609975074,0.0003820290003204
a_resnet101v2_logistic,A,logistic,139,341,1,100352,1,1.0,1.0,1.0,0.0,1.0,1.0,0.0,0,0,0,1,,1.0,,1.0,,0.027292151004076,0.2580514260043856,0.0003919079972547
a_resnet101v2_logistic,A,logistic,140,341,1,100352,1,1.0,1.0,1.0,0.0,1.0,1.0,0.0,0,0,0,1,,1.0,,1.0,,0.0275653219941887,0.2436839340007282,0.0003918880029232
a_resnet101v2_logistic,A,logistic,141,341,1,100352,1,1.0,1.0,1.0,0.0,1.0,1.0,0.0,0,0,0,1,,1.0,,1.0,,0.0271769910032162,0.2569433020034921,0.0003913570035365
a_resnet101v2_logistic,A,logistic,142,341,1,100352,1,1.0,1.0,1.0,0.0,1.0,1.0,0.0,0,0,0,1,,1.0,,1.0,,0.0275387009969563,0.2593818940003984,0.0003884110046783
a_resnet101v2_logistic,A,logistic,143,341,1,100352,1,1.0,1.0,1.0,0.0,1.0,1.0,0.0,0,0,0,1,,1.0,,1.0,,0.0291705149938934,0.2478248129991698,0.0003249800065532
a_resnet101v2_logistic,A,logistic,144,341,1,100352,1,1.0,1.0,1.0,0.0,1.0,1.0,0.0,0,0,0,1,,1.0,,1.0,,0.0275212179985828,0.2464851979966624,0.000330210001266
a_resnet101v2_logistic,A,logistic,145,341,1,100352,1,1.0,1.0,1.0,0.0,1.0,1.0,0.0,0,0,0,1,,1.0,,1.0,,0.0271845060051418,0.2353047970027546,0.000328537003952
a_resnet101v2_logistic,A,logistic,146,341,1,100352,1,1.0,1.0,1.0,0.0,1.0,1.0,0.0,0,0,0,1,,1.0,,1.0,,0.0279490239990991,0.2529435390024446,0.0003845339961117
a_resnet101v2_logistic,A,logistic,147,341,1,100352,1,1.0,1.0,1.0,0.0,1.0,1.0,0.0,0,0,0,1,,1.0,,1.0,,0.0273639080041903,0.2565772329980973,0.0003894929977832
a_resnet101v2_logistic,A,logistic,148,341,1,100352,1,1.0,1.0,1.0,0.0,1.0,1.0,0.0,0,0,0,1,,1.0,,1.0,,0.0274602520003099,0.2599491349974414,0.0003882910023094
a_resnet101v2_logistic,A,logistic,149,341,1,100352,1,1.0,1.0,1.0,0.0,1.0,1.0,0.0,0,0,0,1,,1.0,,1.0,,0.0272760289954021,0.2578760410033283,0.0003928700025426
a_resnet101v2_logistic,A,logistic,150,341,1,100352,1,1.0,1.0,1.0,0.0,1.0,1.0,0.0,0,0,0,1,,1.0,,1.0,,0.0275280109999584,0.2680469250044552,0.0003801650018431
a_resnet101v2_logistic,A,logistic,151,341,1,100352,1,1.0,1.0,1.0,0.0,1.0,1.0,0.0,0,0,0,1,,1.0,,1.0,,0.0272541079975781,0.2574497469977359,0.0003900450028595
a_resnet101v2_logistic,A,logistic,152,341,1,100352,1,1.0,1.0,1.0,0.0,1.0,1.0,0.0,0,0,0,1,,1.0,,1.0,,0.0274290020024636,0.257840562997444,0.0003995820006821
a_resnet101v2_logistic,A,logistic,153,341,1,100352,1,1.0,1.0,1.0,0.0,1.0,1.0,0.0,0,0,0,1,,1.0,,1.0,,0.0271073270050692,0.2580590889992891,0.0003917270005331
a_resnet101v2_logistic,A,logistic,154,341,1,100352,1,1.0,1.0,1.0,0.0,1.0,1.0,0.0,0,0,0,1,,1.0,,1.0,,0.0276120800044736,0.2592309150059009,0.0003831009962595
a_resnet101v2_logistic,A,logistic,155,341,1,100352,1,1.0,1.0,1.0,0.0,1.0,1.0,0.0,0,0,0,1,,1.0,,1.0,,0.0274799489998258,0.25425245599763,0.0003793630021391
a_resnet101v2_logistic,A,logistic,156,341,1,100352,1,1.0,1.0,1.0,0.0,1.0,1.0,0.0,0,0,0,1,,1.0,,1.0,,0.0274229790011304,0.2583020020028925,0.0003928299993276
a_resnet101v2_logistic,A,logistic,157,341,1,100352,1,1.0,1.0,1.0,0.0,1.0,1.0,0.0,0,0,0,1,,1.0,,1.0,,0.0272543680039234,0.2570154480054043,0.0003897139977198
a_resnet101v2_logistic,A,logistic,158,341,1,100352,1,1.0,1.0,1.0,0.0,1.0,1.0,0.0,0,0,0,1,,1.0,,1.0,,0.0276674659980926,0.2569832660010434,0.0003821089994744
a_resnet101v2_logistic,A,logistic,159,341,1,100352,1,1.0,1.0,1.0,0.0,1.0,1.0,0.0,0,0,0,1,,1.0,,1.0,,0.0273816710032406,0.2584992180054541,0.0003900039955624
a_resnet101v2_logistic,A,logistic,160,341,1,100352,1,1.0,1.0,1.0,0.0,1.0,1.0,0.0,0,0,0,1,,1.0,,1.0,,0.02755394000269,0.2668240400016657,0.0004052229996887
a_resnet101v2_logistic,A,logistic,161,341,1,100352,1,1.0,1.0,1.0,0.0,1.0,1.0,0.0,0,0,0,1,,1.0,,1.0,,0.0278281030041398,0.2601387460017577,0.0003950329992221
a_resnet101v2_logistic,A,logistic,162,341,1,100352,1,1.0,1.0,1.0,0.0,1.0,1.0,0.0,0,0,0,1,,1.0,,1.0,,0.0281503079968388,0.2598845609973068,0.0003861559962388
a_resnet101v2_logistic,A,logistic,163,341,1,100352,1,1.0,1.0,1.0,0.0,1.0,1.0,0.0,0,0,0,1,,1.0,,1.0,,0.027064245994552,0.2659413869987475,0.0003913170003215
a_resnet101v2_logistic,A,logistic,164,341,1,100352,1,1.0,1.0,1.0,0.0,1.0,1.0,0.0,0,0,0,1,,1.0,,1.0,,0.0274802490021102,0.2574302290013293,0.0003883710014633
a_resnet101v2_logistic,A,logistic,165,341,1,100352,1,1.0,1.0,1.0,0.0,1.0,1.0,0.0,0,0,0,1,,1.0,,1.0,,0.0277684890024829,0.25452382399817,0.0003833110022242
a_resnet101v2_logistic,A,logistic,166,341,1,100352,1,1.0,1.0,1.0,0.0,1.0,1.0,0.0,0,0,0,1,,1.0,,1.0,,0.0274450220022117,0.2574166220001643,0.0003954049971071
a_resnet101v2_logistic,A,logistic,167,341,1,100352,1,1.0,1.0,1.0,0.0,1.0,1.0,0.0,0,0,0,1,,1.0,,1.0,,0.0275774449983146,0.2575094589992659,0.0003930399980163
a_resnet101v2_logistic,A,logistic,168,341,1,100352,1,1.0,1.0,1.0,0.0,1.0,1.0,0.0,0,0,0,1,,1.0,,1.0,,0.0272997950014541,0.2451694060000591,0.0003846340041491
a_resnet101v2_logistic,A,logistic,169,341,1,100352,1,1.0,1.0,1.0,0.0,1.0,1.0,0.0,0,0,0,1,,1.0,,1.0,,0.0272337190035614,0.2576228859979892,0.0003920279996236
a_resnet101v2_logistic,A,logistic,170,341,1,100352,1,1.0,1.0,1.0,0.0,1.0,1.0,0.0,0,0,0,1,,1.0,,1.0,,0.027448437998828,0.2580165270046564,0.0003974380015279
a_resnet101v2_logistic,A,logistic,171,341,1,100352,1,1.0,1.0,1.0,0.0,1.0,1.0,0.0,0,0,0,1,,1.0,,1.0,,0.027350550997653,0.2574298769977758,0.00038060600491
a_resnet101v2_logistic,A,logistic,172,341,1,100352,1,1.0,1.0,1.0,0.0,1.0,1.0,0.0,0,0,0,1,,1.0,,1.0,,0.0273102549981558,0.2560072830019635,0.0003899029979947
a_resnet101v2_logistic,A,logistic,173,341,1,100352,1,1.0,1.0,1.0,0.0,1.0,1.0,0.0,0,0,0,1,,1.0,,1.0,,0.0272734440004569,0.2575070140010211,0.0003805559972533
a_resnet101v2_logistic,A,logistic,174,341,1,100352,1,1.0,1.0,1.0,0.0,1.0,1.0,0.0,0,0,0,1,,1.0,,1.0,,0.0274248230052762,0.2579395990032935,0.0003768890019273
a_resnet101v2_logistic,A,logistic,175,341,1,100352,1,1.0,1.0,1.0,0.0,1.0,1.0,0.0,0,0,0,1,,1.0,,1.0,,0.0272229690017411,0.2664606960024684,0.0003944920026697
a_resnet101v2_logistic,A,logistic,176,341,1,100352,1,0.0,0.0,0.0,0.0,0.0,0.0,0.0,0,1,0,0,0.0,,,0.0,,0.0273613519966602,0.2495173400020576,0.0003937910005333
a_resnet101v2_logistic,A,logistic,177,341,1,100352,1,0.0,0.0,0.0,0.0,0.0,0.0,0.0,0,1,0,0,0.0,,,0.0,,0.0273582770023494,0.2529267749996506,0.000389343003917
a_resnet101v2_logistic,A,logistic,178,341,1,100352,1,1.0,0.0,0.0,1.0,1.0,1.0,0.0,1,0,0,0,1.0,,1.0,,,0.027108810005302,0.273716689000139,0.0003904249970219
a_resnet101v2_logistic,A,logistic,179,341,1,100352,1,1.0,0.0,0.0,1.0,1.0,1.0,0.0,1,0,0,0,1.0,,1.0,,,0.0271808779943967,0.2725359670002945,0.0003929399972548
a_resnet101v2_logistic,A,logistic,180,341,1,100352,1,1.0,0.0,0.0,1.0,1.0,1.0,0.0,1,0,0,0,1.0,,1.0,,,0.0273195220070192,0.2711301050003385,0.0003881900047417
a_resnet101v2_logistic,A,logistic,181,341,1,100352,1,1.0,0.0,0.0,1.0,1.0,1.0,0.0,1,0,0,0,1.0,,1.0,,,0.0273195819972897,0.2769361620012205,0.0003887410057359
a_resnet101v2_logistic,A,logistic,182,341,1,100352,1,1.0,0.0,0.0,1.0,1.0,1.0,0.0,1,0,0,0,1.0,,1.0,,,0.0304632309998851,0.2436904330024845,0.0003887819984811
a_resnet101v2_logistic,A,logistic,183,341,1,100352,1,1.0,0.0,0.0,1.0,1.0,1.0,0.0,1,0,0,0,1.0,,1.0,,,0.0273414740004227,0.27655556499667,0.000393049995182
a_resnet101v2_logistic,A,logistic,184,341,1,100352,1,1.0,0.0,0.0,1.0,1.0,1.0,0.0,1,0,0,0,1.0,,1.0,,,0.0276475079954252,0.2445034039992606,0.0003915570050594
a_resnet101v2_logistic,A,logistic,185,341,1,100352,1,1.0,0.0,0.0,1.0,1.0,1.0,0.0,1,0,0,0,1.0,,1.0,,,0.0274678860005224,0.278796449994843,0.000385715997254
a_resnet101v2_logistic,A,logistic,186,341,1,100352,1,1.0,0.0,0.0,1.0,1.0,1.0,0.0,1,0,0,0,1.0,,1.0,,,0.0273733450012514,0.2769483049996779,0.0003875800030073
a_resnet101v2_logistic,A,logistic,187,341,1,100352,1,1.0,0.0,0.0,1.0,1.0,1.0,0.0,1,0,0,0,1.0,,1.0,,,0.0276002490063547,0.2453596560008009,0.0003989010001532
a_resnet101v2_logistic,A,logistic,188,341,1,100352,1,1.0,0.0,0.0,1.0,1.0,1.0,0.0,1,0,0,0,1.0,,1.0,,,0.0275560640002368,0.2747944349976023,0.0003857659976347
a_resnet101v2_logistic,A,logistic,189,341,1,100352,1,1.0,0.0,0.0,1.0,1.0,1.0,0.0,1,0,0,0,1.0,,1.0,,,0.0275314459941,0.2762126009984058,0.0003948939993279
a_resnet101v2_logistic,A,logistic,190,341,1,100352,1,0.0,0.0,0.0,0.0,0.0,0.0,0.0,0,1,0,0,0.0,,,0.0,,0.0274463440000545,0.262934767997649,0.0003866070037474
a_resnet101v2_logistic,A,logistic,191,341,1,100352,1,1.0,0.0,0.0,1.0,1.0,1.0,0.0,1,0,0,0,1.0,,1.0,,,0.0270817880009417,0.2751630480051972,0.0003842330042971
a_resnet101v2_logistic,A,logistic,192,341,1,100352,1,1.0,0.0,0.0,1.0,1.0,1.0,0.0,1,0,0,0,1.0,,1.0,,,0.027264236996416,0.2772081090006395,0.0003833309965557
a_resnet101v2_logistic,A,logistic,193,341,1,100352,1,1.0,0.0,0.0,1.0,1.0,1.0,0.0,1,0,0,0,1.0,,1.0,,,0.0271277759966324,0.2758336069964571,0.0003847850020974
a_resnet101v2_logistic,A,logistic,194,341,1,100352,1,1.0,0.0,0.0,1.0,1.0,1.0,0.0,1,0,0,0,1.0,,1.0,,,0.0272154129997943,0.2749300729992683,0.0003820389974862
a_resnet101v2_logistic,A,logistic,195,341,1,100352,1,1.0,0.0,0.0,1.0,1.0,1.0,0.0,1,0,0,0,1.0,,1.0,,,0.02705641999637,0.2755002809935831,0.0003911570020136
a_resnet101v2_logistic,A,logistic,196,341,1,100352,1,1.0,0.0,0.0,1.0,1.0,1.0,0.0,1,0,0,0,1.0,,1.0,,,0.027213710003707,0.2752470070045092,0.0003812370050582
a_resnet101v2_logistic,A,logistic,197,341,1,100352,1,1.0,0.0,0.0,1.0,1.0,1.0,0.0,1,0,0,0,1.0,,1.0,,,0.0272568430009414,0.276005455001723,0.0003878399948007
a_resnet101v2_logistic,A,logistic,198,341,1,100352,1,1.0,0.0,0.0,1.0,1.0,1.0,0.0,1,0,0,0,1.0,,1.0,,,0.0284109150015865,0.2768443539971486,0.0003868380008498
a_resnet101v2_logistic,A,logistic,199,341,1,100352,1,1.0,0.0,0.0,1.0,1.0,1.0,0.0,1,0,0,0,1.0,,1.0,,,0.0271026089976658,0.2755316200054949,0.0003941319955629
a_resnet101v2_logistic,A,logistic,200,341,1,100352,1,1.0,0.0,0.0,1.0,1.0,1.0,0.0,1,0,0,0,1.0,,1.0,,,0.0272740349973901,0.2761751979996916,0.0003863879974232
a_resnet101v2_logistic,A,logistic,201,341,1,100352,1,1.0,0.0,0.0,1.0,1.0,1.0,0.0,1,0,0,0,1.0,,1.0,,,0.0270952549981302,0.2754231119979522,0.0003826499960268
a_resnet101v2_logistic,A,logistic,202,341,1,100352,1,1.0,0.0,0.0,1.0,1.0,1.0,0.0,1,0,0,0,1.0,,1.0,,,0.0271364029977121,0.2752539700013585,0.0003942920011468
a_resnet101v2_logistic,A,logistic,203,341,1,100352,1,1.0,0.0,0.0,1.0,1.0,1.0,0.0,1,0,0,0,1.0,,1.0,,,0.0277927850038395,0.2760087600036058,0.0003838220000034
a_resnet101v2_logistic,A,logistic,204,341,1,100352,1,1.0,0.0,0.0,1.0,1.0,1.0,0.0,1,0,0,0,1.0,,1.0,,,0.0272961270020459,0.2761158740031533,0.000388822001696
a_resnet101v2_logistic,A,logistic,205,341,1,100352,1,1.0,0.0,0.0,1.0,1.0,1.0,0.0,1,0,0,0,1.0,,1.0,,,0.0271187700054724,0.2753343840013258,0.0003896140042343
a_resnet101v2_logistic,A,logistic,206,341,1,100352,1,1.0,0.0,0.0,1.0,1.0,1.0,0.0,1,0,0,0,1.0,,1.0,,,0.0272328470018692,0.2765088840023963,0.0003845330065814
a_resnet101v2_logistic,A,logistic,207,341,1,100352,1,1.0,0.0,0.0,1.0,1.0,1.0,0.0,1,0,0,0,1.0,,1.0,,,0.0271486560013727,0.2312579409990576,0.0003898330032825
a_resnet101v2_logistic,A,logistic,208,341,1,100352,1,1.0,0.0,0.0,1.0,1.0,1.0,0.0,1,0,0,0,1.0,,1.0,,,0.0271714789996622,0.2630993909988319,0.0003872579982271
a_resnet101v2_logistic,A,logistic,209,341,1,100352,1,1.0,0.0,0.0,1.0,1.0,1.0,0.0,1,0,0,0,1.0,,1.0,,,0.027185646998987,0.2753381400034413,0.0003864370009978
a_resnet101v2_logistic,A,logistic,210,341,1,100352,1,1.0,0.0,0.0,1.0,1.0,1.0,0.0,1,0,0,0,1.0,,1.0,,,0.0273182500022812,0.2792259979978553,0.0003808760011452
a_resnet101v2_logistic,A,logistic,211,341,1,100352,1,0.0,0.0,0.0,0.0,0.0,0.0,0.0,0,1,0,0,0.0,,,0.0,,0.0271460310032125,0.2754868929987424,0.0003933399930247
a_resnet101v2_logistic,A,logistic,212,341,1,100352,1,1.0,0.0,0.0,1.0,1.0,1.0,0.0,1,0,0,0,1.0,,1.0,,,0.0270139290005317,0.2750779939960921,0.000386116997106
a_resnet101v2_logistic,A,logistic,213,341,1,100352,1,1.0,0.0,0.0,1.0,1.0,1.0,0.0,1,0,0,0,1.0,,1.0,,,0.0271168159961234,0.2765165989985689,0.0003907660066033
a_resnet101v2_logistic,A,logistic,214,341,1,100352,1,1.0,0.0,0.0,1.0,1.0,1.0,0.0,1,0,0,0,1.0,,1.0,,,0.0270229759989888,0.2574132219961029,0.0003820190031547
a_resnet101v2_logistic,A,logistic,215,341,1,100352,1,0.0,0.0,0.0,0.0,0.0,0.0,0.0,0,1,0,0,0.0,,,0.0,,0.0271614509983919,0.2835386049991939,0.0003806559980148
a_resnet101v2_logistic,A,logistic,216,341,1,100352,1,1.0,0.0,0.0,1.0,1.0,1.0,0.0,1,0,0,0,1.0,,1.0,,,0.0271693850008887,0.2765093039997737,0.0003820189958787
a_resnet101v2_logistic,A,logistic,217,341,1,100352,1,1.0,0.0,0.0,1.0,1.0,1.0,0.0,1,0,0,0,1.0,,1.0,,,0.0269967570056905,0.2782242859975667,0.000384152001061
a_resnet101v2_logistic,A,logistic,218,341,1,100352,1,1.0,0.0,0.0,1.0,1.0,1.0,0.0,1,0,0,0,1.0,,1.0,,,0.0272108150020358,0.2761351599983754,0.0003983499991591
a_resnet101v2_logistic,A,logistic,219,341,1,100352,1,1.0,0.0,0.0,1.0,1.0,1.0,0.0,1,0,0,0,1.0,,1.0,,,0.0278086750040529,0.2274971050064778,0.0004015759986941
a_resnet101v2_logistic,A,logistic,220,341,1,100352,1,1.0,0.0,0.0,1.0,1.0,1.0,0.0,1,0,0,0,1.0,,1.0,,,0.0271810179983731,0.2714740669980529,0.0004115460033062
a_resnet101v2_logistic,A,logistic,221,341,1,100352,1,1.0,0.0,0.0,1.0,1.0,1.0,0.0,1,0,0,0,1.0,,1.0,,,0.02714111199748,0.2402342350032995,0.0004067859990755
a_resnet101v2_logistic,A,logistic,222,341,1,100352,1,1.0,0.0,0.0,1.0,1.0,1.0,0.0,1,0,0,0,1.0,,1.0,,,0.0272218259997316,0.2279819989998941,0.0004093410025234
a_resnet101v2_logistic,A,logistic,223,341,1,100352,1,1.0,0.0,0.0,1.0,1.0,1.0,0.0,1,0,0,0,1.0,,1.0,,,0.0273290900004212,0.2719367289973888,0.0004134480041102
a_resnet101v2_logistic,A,logistic,224,341,1,100352,1,1.0,0.0,0.0,1.0,1.0,1.0,0.0,1,0,0,0,1.0,,1.0,,,0.0273315550002735,0.2729976129994611,0.000400944998546
a_resnet101v2_logistic,A,logistic,225,341,1,100352,1,1.0,0.0,0.0,1.0,1.0,1.0,0.0,1,0,0,0,1.0,,1.0,,,0.0271513420011615,0.271608824004943,0.0003983700007665
a_resnet101v2_logistic,A,logistic,226,341,1,100352,1,1.0,0.0,0.0,1.0,1.0,1.0,0.0,1,0,0,0,1.0,,1.0,,,0.0273260449976078,0.2711763580009574,0.0004117749995202
a_resnet101v2_logistic,A,logistic,227,341,1,100352,1,1.0,0.0,0.0,1.0,1.0,1.0,0.0,1,0,0,0,1.0,,1.0,,,0.0271248600038234,0.2717544210026972,0.0004124769984628
a_resnet101v2_logistic,A,logistic,228,341,1,100352,1,1.0,0.0,0.0,1.0,1.0,1.0,0.0,1,0,0,0,1.0,,1.0,,,0.0272134100014227,0.2711698060011258,0.0003869780048262
a_resnet101v2_logistic,A,logistic,229,341,1,100352,1,1.0,0.0,0.0,1.0,1.0,1.0,0.0,1,0,0,0,1.0,,1.0,,,0.0269900939965737,0.2728271180021693,0.0004161140022915
a_resnet101v2_logistic,A,logistic,230,341,1,100352,1,1.0,0.0,0.0,1.0,1.0,1.0,0.0,1,0,0,0,1.0,,1.0,,,0.0274662020019604,0.2709995610057376,0.000402538003982
a_resnet101v2_logistic,A,logistic,231,341,1,100352,1,1.0,0.0,0.0,1.0,1.0,1.0,0.0,1,0,0,0,1.0,,1.0,,,0.0270799249992705,0.2726846860023215,0.0003982799971709
a_resnet101v2_logistic,A,logistic,232,341,1,100352,1,1.0,0.0,0.0,1.0,1.0,1.0,0.0,1,0,0,0,1.0,,1.0,,,0.02717786100402,0.271204281001701,0.0004216939996695
a_resnet101v2_logistic,A,logistic,233,341,1,100352,1,1.0,0.0,0.0,1.0,1.0,1.0,0.0,1,0,0,0,1.0,,1.0,,,0.027405256005295,0.2715674239952932,0.000393921000068
a_resnet101v2_logistic,A,logistic,234,341,1,100352,1,1.0,0.0,0.0,1.0,1.0,1.0,0.0,1,0,0,0,1.0,,1.0,,,0.0271863580055651,0.2719115500003681,0.0004321239975979
a_resnet101v2_logistic,A,logistic,235,341,1,100352,1,1.0,0.0,0.0,1.0,1.0,1.0,0.0,1,0,0,0,1.0,,1.0,,,0.0271261129964841,0.2584122050029691,0.0004120760058867
a_resnet101v2_logistic,A,logistic,236,341,1,100352,1,1.0,0.0,0.0,1.0,1.0,1.0,0.0,1,0,0,0,1.0,,1.0,,,0.0273574340026243,0.2712062740029068,0.0003869779975502
a_resnet101v2_logistic,A,logistic,237,341,1,100352,1,1.0,0.0,0.0,1.0,1.0,1.0,0.0,1,0,0,0,1.0,,1.0,,,0.0270174260003841,0.2715289190018666,0.00038180899719
a_resnet101v2_logistic,A,logistic,238,341,1,100352,1,1.0,0.0,0.0,1.0,1.0,1.0,0.0,1,0,0,0,1.0,,1.0,,,0.0270444559937459,0.2710704659984913,0.0004123570033698
a_resnet101v2_logistic,A,logistic,239,341,1,100352,1,0.0,0.0,0.0,0.0,0.0,0.0,0.0,0,1,0,0,0.0,,,0.0,,0.0277919329964788,0.2454532909978297,0.000414500995248
a_resnet101v2_logistic,A,logistic,240,341,1,100352,1,1.0,0.0,0.0,1.0,1.0,1.0,0.0,1,0,0,0,1.0,,1.0,,,0.0275184609999996,0.2739992429997073,0.0004182179982308
a_resnet101v2_logistic,A,logistic,241,341,1,100352,1,1.0,0.0,0.0,1.0,1.0,1.0,0.0,1,0,0,0,1.0,,1.0,,,0.0274855579991708,0.2715233589988202,0.0003836719988612
a_resnet101v2_logistic,A,logistic,242,341,1,100352,1,1.0,0.0,0.0,1.0,1.0,1.0,0.0,1,0,0,0,1.0,,1.0,,,0.0273488180027925,0.2719005289982306,0.0004269749988452
a_resnet101v2_logistic,A,logistic,243,341,1,100352,1,1.0,0.0,0.0,1.0,1.0,1.0,0.0,1,0,0,0,1.0,,1.0,,,0.027372121992812,0.2723448359975009,0.0003917979993275
a_resnet101v2_logistic,A,logistic,244,341,1,100352,1,1.0,0.0,0.0,1.0,1.0,1.0,0.0,1,0,0,0,1.0,,1.0,,,0.0275435589937842,0.2715403420006623,0.0004115049960091
a_resnet101v2_logistic,A,logistic,245,341,1,100352,1,1.0,0.0,0.0,1.0,1.0,1.0,0.0,1,0,0,0,1.0,,1.0,,,0.0272546680062077,0.2736755739970249,0.0004079380014445
a_resnet101v2_logistic,A,logistic,246,341,1,100352,1,1.0,0.0,0.0,1.0,1.0,1.0,0.0,1,0,0,0,1.0,,1.0,,,0.0273576549952849,0.2598753860002034,0.0004160040043643
a_resnet101v2_logistic,A,logistic,247,341,1,100352,1,1.0,0.0,0.0,1.0,1.0,1.0,0.0,1,0,0,0,1.0,,1.0,,,0.0272901260032085,0.2715825909981504,0.0003992920028395
a_resnet101v2_logistic,A,logistic,248,341,1,100352,1,1.0,0.0,0.0,1.0,1.0,1.0,0.0,1,0,0,0,1.0,,1.0,,,0.0271975689975079,0.2718752200016752,0.0003891820015269
a_resnet101v2_logistic,A,logistic,249,341,1,100352,1,1.0,0.0,0.0,1.0,1.0,1.0,0.0,1,0,0,0,1.0,,1.0,,,0.0272499900020193,0.2728155639997567,0.0004153119953116
a_resnet101v2_logistic,A,logistic,250,341,1,100352,1,1.0,0.0,0.0,1.0,1.0,1.0,0.0,1,0,0,0,1.0,,1.0,,,0.0271551979967625,0.2790377440032898,0.0003988909957115
a_resnet101v2_logistic,A,logistic,251,341,1,100352,1,1.0,0.0,0.0,1.0,1.0,1.0,0.0,1,0,0,0,1.0,,1.0,,,0.0272863589998451,0.2719957389999763,0.0004117859934922
a_resnet101v2_logistic,A,logistic,252,341,1,100352,1,1.0,0.0,0.0,1.0,1.0,1.0,0.0,1,0,0,0,1.0,,1.0,,,0.0274208760019973,0.2710849810027866,0.0004142909965594
a_resnet101v2_logistic,A,logistic,253,341,1,100352,1,1.0,0.0,0.0,1.0,1.0,1.0,0.0,1,0,0,0,1.0,,1.0,,,0.0280432329964241,0.2755621539981803,0.0003927389989257
a_resnet101v2_logistic,A,logistic,254,341,1,100352,1,1.0,0.0,0.0,1.0,1.0,1.0,0.0,1,0,0,0,1.0,,1.0,,,0.0271730120002757,0.2755160750020877,0.0003847440020763
a_resnet101v2_logistic,A,logistic,255,341,1,100352,1,1.0,0.0,0.0,1.0,1.0,1.0,0.0,1,0,0,0,1.0,,1.0,,,0.027059335996455,0.2769151340035023,0.0003822989965556
a_resnet101v2_logistic,A,logistic,256,341,1,100352,1,1.0,0.0,0.0,1.0,1.0,1.0,0.0,1,0,0,0,1.0,,1.0,,,0.0271901640007854,0.2758659429964609,0.0003848249980364
a_resnet101v2_logistic,A,logistic,257,341,1,100352,1,1.0,0.0,0.0,1.0,1.0,1.0,0.0,1,0,0,0,1.0,,1.0,,,0.0271185389938182,0.2763010429989663,0.0003855350005323
a_resnet101v2_logistic,A,logistic,258,341,1,100352,1,1.0,0.0,0.0,1.0,1.0,1.0,0.0,1,0,0,0,1.0,,1.0,,,0.0272697370019159,0.2769085120016825,0.0003845739993266
a_resnet101v2_logistic,A,logistic,259,341,1,100352,1,1.0,0.0,0.0,1.0,1.0,1.0,0.0,1,0,0,0,1.0,,1.0,,,0.0271861470027943,0.2759252550022211,0.0003856159964925
a_resnet101v2_logistic,A,logistic,260,341,1,100352,1,1.0,0.0,0.0,1.0,1.0,1.0,0.0,1,0,0,0,1.0,,1.0,,,0.0271568410025793,0.2836803509999299,0.0003882509990944
a_resnet101v2_logistic,A,logistic,261,341,1,100352,1,1.0,0.0,0.0,1.0,1.0,1.0,0.0,1,0,0,0,1.0,,1.0,,,0.027990161004709,0.2788634509997791,0.0003923089971067
a_resnet101v2_logistic,A,logistic,262,341,1,100352,1,1.0,0.0,0.0,1.0,1.0,1.0,0.0,1,0,0,0,1.0,,1.0,,,0.0272875709997606,0.2761390739979106,0.0003907659993274
a_resnet101v2_logistic,A,logistic,263,341,1,100352,1,1.0,0.0,0.0,1.0,1.0,1.0,0.0,1,0,0,0,1.0,,1.0,,,0.0272005340011673,0.2766958549982519,0.0003866180049953
a_resnet101v2_logistic,A,logistic,264,341,1,100352,1,0.0,0.0,0.0,0.0,0.0,0.0,0.0,0,1,0,0,0.0,,,0.0,,0.0275042040011612,0.2503290109962108,0.0003904350014636
a_resnet101v2_logistic,A,logistic,265,341,1,100352,1,1.0,0.0,0.0,1.0,1.0,1.0,0.0,1,0,0,0,1.0,,1.0,,,0.0270865669954218,0.2631370369999786,0.0003823389997705
a_resnet101v2_logistic,A,logistic,266,341,1,100352,1,1.0,0.0,0.0,1.0,1.0,1.0,0.0,1,0,0,0,1.0,,1.0,,,0.0275376979989232,0.2765271829994162,0.000388100001146
a_resnet101v2_logistic,A,logistic,267,341,1,100352,1,1.0,0.0,0.0,1.0,1.0,1.0,0.0,1,0,0,0,1.0,,1.0,,,0.0271854050006368,0.2763350469977013,0.0003819990015472
a_resnet101v2_logistic,A,logistic,268,341,1,100352,1,1.0,0.0,0.0,1.0,1.0,1.0,0.0,1,0,0,0,1.0,,1.0,,,0.0271661790029611,0.2312003059996641,0.0003858060008496
a_resnet101v2_logistic,A,logistic,269,341,1,100352,1,0.0,0.0,0.0,0.0,0.0,0.0,0.0,0,1,0,0,0.0,,,0.0,,0.0276990450001903,0.2764205089988536,0.0003903840042767
a_resnet101v2_logistic,A,logistic,270,341,1,100352,1,1.0,0.0,0.0,1.0,1.0,1.0,0.0,1,0,0,0,1.0,,1.0,,,0.027087948998087,0.2190251480060396,0.0003885909973178
a_resnet101v2_logistic,A,logistic,271,341,1,100352,1,1.0,0.0,0.0,1.0,1.0,1.0,0.0,1,0,0,0,1.0,,1.0,,,0.0270963050061254,0.2770115169987548,0.0003988910029875
a_resnet101v2_logistic,A,logistic,272,341,1,100352,1,1.0,0.0,0.0,1.0,1.0,1.0,0.0,1,0,0,0,1.0,,1.0,,,0.0271074270058306,0.2753123250004137,0.0003855550021398
a_resnet101v2_logistic,A,logistic,273,341,1,100352,1,1.0,0.0,0.0,1.0,1.0,1.0,0.0,1,0,0,0,1.0,,1.0,,,0.0270590349973645,0.2761956399990595,0.0003849140048259
a_resnet101v2_logistic,A,logistic,274,341,1,100352,1,1.0,0.0,0.0,1.0,1.0,1.0,0.0,1,0,0,0,1.0,,1.0,,,0.0271628529953886,0.2755180169988307,0.0003880599979311
a_resnet101v2_logistic,A,logistic,275,341,1,100352,1,1.0,0.0,0.0,1.0,1.0,1.0,0.0,1,0,0,0,1.0,,1.0,,,0.0271756769943749,0.245405766996555,0.0003835720053757
a_resnet101v2_logistic,A,logistic,276,341,1,100352,1,1.0,0.0,0.0,1.0,1.0,1.0,0.0,1,0,0,0,1.0,,1.0,,,0.0273635359990294,0.2325307840001187,0.0003920270028174
a_resnet101v2_logistic,A,logistic,277,341,1,100352,1,1.0,0.0,0.0,1.0,1.0,1.0,0.0,1,0,0,0,1.0,,1.0,,,0.0271848749980563,0.2775307760020951,0.0003835320021607
a_resnet101v2_logistic,A,logistic,278,341,1,100352,1,1.0,0.0,0.0,1.0,1.0,1.0,0.0,1,0,0,0,1.0,,1.0,,,0.0272518019992276,0.2443998680028016,0.0003848039996228
a_resnet101v2_logistic,A,logistic,279,341,1,100352,1,1.0,0.0,0.0,1.0,1.0,1.0,0.0,1,0,0,0,1.0,,1.0,,,0.0272065259996452,0.2764803829995799,0.0003895539994118
a_resnet101v2_logistic,A,logistic,280,341,1,100352,1,1.0,0.0,0.0,1.0,1.0,1.0,0.0,1,0,0,0,1.0,,1.0,,,0.0273028790034004,0.2447185359997092,0.0003864570026053
a_resnet101v2_logistic,A,logistic,281,341,1,100352,1,1.0,0.0,0.0,1.0,1.0,1.0,0.0,1,0,0,0,1.0,,1.0,,,0.0271303999979863,0.2761090839994722,0.0003923779950127
a_resnet101v2_logistic,A,logistic,282,341,1,100352,1,1.0,0.0,0.0,1.0,1.0,1.0,0.0,1,0,0,0,1.0,,1.0,,,0.0273636860001715,0.2507973430037964,0.0003962959963246
a_resnet101v2_logistic,A,logistic,283,341,1,100352,1,1.0,0.0,0.0,1.0,1.0,1.0,0.0,1,0,0,0,1.0,,1.0,,,0.0273179290015832,0.2759407519988599,0.0003945529970224
a_resnet101v2_logistic,A,logistic,284,341,1,100352,1,1.0,0.0,0.0,1.0,1.0,1.0,0.0,1,0,0,0,1.0,,1.0,,,0.0271767689991975,0.2752873460049159,0.0003867080013151
a_resnet101v2_logistic,A,logistic,285,341,1,100352,1,1.0,0.0,0.0,1.0,1.0,1.0,0.0,1,0,0,0,1.0,,1.0,,,0.0271212730003753,0.2763209680051659,0.0003872890010825
a_resnet101v2_logistic,A,logistic,286,341,1,100352,1,1.0,0.0,0.0,1.0,1.0,1.0,0.0,1,0,0,0,1.0,,1.0,,,0.0272230869959457,0.2186823919982998,0.0003854749957099
a_resnet101v2_logistic,A,logistic,287,341,1,100352,1,1.0,0.0,0.0,1.0,1.0,1.0,0.0,1,0,0,0,1.0,,1.0,,,0.0271869290008908,0.2758515719979186,0.0003852959998766
a_resnet101v2_logistic,A,logistic,288,341,1,100352,1,1.0,0.0,0.0,1.0,1.0,1.0,0.0,1,0,0,0,1.0,,1.0,,,0.0274381979979807,0.27790704400104,0.0003887709972332
a_resnet101v2_logistic,A,logistic,289,341,1,100352,1,1.0,0.0,0.0,1.0,1.0,1.0,0.0,1,0,0,0,1.0,,1.0,,,0.0272072769948863,0.2760821010015206,0.0003940019960282
a_resnet101v2_logistic,A,logistic,290,341,1,100352,1,1.0,0.0,0.0,1.0,1.0,1.0,0.0,1,0,0,0,1.0,,1.0,,,0.0274570030014729,0.2187844270010828,0.0003944620038964
a_resnet101v2_logistic,A,logistic,291,341,1,100352,1,1.0,0.0,0.0,1.0,1.0,1.0,0.0,1,0,0,0,1.0,,1.0,,,0.0271698470023693,0.2761841059982544,0.0003873989990097
a_resnet101v2_logistic,A,logistic,292,341,1,100352,1,1.0,0.0,0.0,1.0,1.0,1.0,0.0,1,0,0,0,1.0,,1.0,,,0.027307569005643,0.2445101869961945,0.0003946629949496
a_resnet101v2_logistic,A,logistic,293,341,1,100352,1,1.0,0.0,0.0,1.0,1.0,1.0,0.0,1,0,0,0,1.0,,1.0,,,0.0271512809995329,0.245655994003755,0.0003856160037685
a_resnet101v2_logistic,A,logistic,294,341,1,100352,1,1.0,0.0,0.0,1.0,1.0,1.0,0.0,1,0,0,0,1.0,,1.0,,,0.0276863619947107,0.2774933129985584,0.0003867180057568
a_resnet101v2_logistic,A,logistic,295,341,1,100352,1,1.0,0.0,0.0,1.0,1.0,1.0,0.0,1,0,0,0,1.0,,1.0,,,0.0270708170064608,0.276812484000402,0.0003877300041494
a_resnet101v2_logistic,A,logistic,296,341,1,100352,1,1.0,0.0,0.0,1.0,1.0,1.0,0.0,1,0,0,0,1.0,,1.0,,,0.027766364000854,0.2770473019991186,0.0004295089966035
a_resnet101v2_logistic,A,logistic,297,341,1,100352,1,1.0,0.0,0.0,1.0,1.0,1.0,0.0,1,0,0,0,1.0,,1.0,,,0.0277277899949695,0.2762950169999385,0.0003961159964092
a_resnet101v2_logistic,A,logistic,298,341,1,100352,1,1.0,0.0,0.0,1.0,1.0,1.0,0.0,1,0,0,0,1.0,,1.0,,,0.0277624169975752,0.2761338690033881,0.0004529139987425
a_resnet101v2_logistic,A,logistic,299,341,1,100352,1,1.0,0.0,0.0,1.0,1.0,1.0,0.0,1,0,0,0,1.0,,1.0,,,0.0283564599958481,0.2651872450005612,0.0003646159966592
a_resnet101v2_logistic,A,logistic,300,341,1,100352,1,1.0,0.0,0.0,1.0,1.0,1.0,0.0,1,0,0,0,1.0,,1.0,,,0.0263641689962241,0.2605694450030569,0.0003554679933586
a_resnet101v2_logistic,A,logistic,301,341,1,100352,1,0.0,0.0,0.0,0.0,0.0,0.0,0.0,0,1,0,0,0.0,,,0.0,,0.0264867419973597,0.2604666089973761,0.0003526430009515
a_resnet101v2_logistic,A,logistic,302,341,1,100352,1,1.0,0.0,0.0,1.0,1.0,1.0,0.0,1,0,0,0,1.0,,1.0,,,0.0260367340015363,0.260426060995087,0.0003631430008681
a_resnet101v2_logistic,A,logistic,303,341,1,100352,1,1.0,0.0,0.0,1.0,1.0,1.0,0.0,1,0,0,0,1.0,,1.0,,,0.0262737060038489,0.2618415719989571,0.0003635940011008
a_resnet101v2_logistic,A,logistic,304,341,1,100352,1,1.0,0.0,0.0,1.0,1.0,1.0,0.0,1,0,0,0,1.0,,1.0,,,0.0263698499984457,0.272272984002484,0.000355247000698
a_resnet101v2_logistic,A,logistic,305,341,1,100352,1,1.0,0.0,0.0,1.0,1.0,1.0,0.0,1,0,0,0,1.0,,1.0,,,0.0265799699991475,0.2602328430002671,0.000369886001863
a_resnet101v2_logistic,A,logistic,306,341,1,100352,1,1.0,0.0,0.0,1.0,1.0,1.0,0.0,1,0,0,0,1.0,,1.0,,,0.0266961919987807,0.2601996479934314,0.0003624119999585
a_resnet101v2_logistic,A,logistic,307,341,1,100352,1,0.0,0.0,0.0,0.0,0.0,0.0,0.0,0,1,0,0,0.0,,,0.0,,0.0262543889984954,0.2603333540027961,0.0003545259969541
a_resnet101v2_logistic,A,logistic,308,341,1,100352,1,1.0,0.0,0.0,1.0,1.0,1.0,0.0,1,0,0,0,1.0,,1.0,,,0.0260079689978738,0.2615486119975685,0.0003568109968909
a_resnet101v2_logistic,A,logistic,309,341,1,100352,1,1.0,0.0,0.0,1.0,1.0,1.0,0.0,1,0,0,0,1.0,,1.0,,,0.0263278089987579,0.2620094720041379,0.0004520420043263
a_resnet101v2_logistic,A,logistic,310,341,1,100352,1,1.0,0.0,0.0,1.0,1.0,1.0,0.0,1,0,0,0,1.0,,1.0,,,0.0285152729993569,0.2676464060059516,0.0003647660050773
a_resnet101v2_logistic,A,logistic,311,341,1,100352,1,1.0,0.0,0.0,1.0,1.0,1.0,0.0,1,0,0,0,1.0,,1.0,,,0.0264980540014221,0.2601081140019232,0.0003566309969755
a_resnet101v2_logistic,A,logistic,312,341,1,100352,1,1.0,0.0,0.0,1.0,1.0,1.0,0.0,1,0,0,0,1.0,,1.0,,,0.0262266260033356,0.2598796480015153,0.0003559990000212
a_resnet101v2_logistic,A,logistic,313,341,1,100352,1,1.0,0.0,0.0,1.0,1.0,1.0,0.0,1,0,0,0,1.0,,1.0,,,0.0263175599975511,0.2603987980037345,0.0003587340033845
a_resnet101v2_logistic,A,logistic,314,341,1,100352,1,1.0,0.0,0.0,1.0,1.0,1.0,0.0,1,0,0,0,1.0,,1.0,,,0.0261284690059255,0.2597392099996796,0.0003732519980985
a_resnet101v2_logistic,A,logistic,315,341,1,100352,1,1.0,0.0,0.0,1.0,1.0,1.0,0.0,1,0,0,0,1.0,,1.0,,,0.0264510139968479,0.2716464679979253,0.0003501379978843
a_resnet101v2_logistic,A,logistic,316,341,1,100352,1,1.0,0.0,0.0,1.0,1.0,1.0,0.0,1,0,0,0,1.0,,1.0,,,0.0260800960022606,0.2597327580006094,0.0003583839934435
a_resnet101v2_logistic,A,logistic,317,341,1,100352,1,1.0,0.0,0.0,1.0,1.0,1.0,0.0,1,0,0,0,1.0,,1.0,,,0.0264886959994328,0.2605923269948107,0.0003540949983289
a_resnet101v2_logistic,A,logistic,318,341,1,100352,1,1.0,0.0,0.0,1.0,1.0,1.0,0.0,1,0,0,0,1.0,,1.0,,,0.0265991160049452,0.2615498939994722,0.0003580630000215
a_resnet101v2_logistic,A,logistic,319,341,1,100352,1,1.0,0.0,0.0,1.0,1.0,1.0,0.0,1,0,0,0,1.0,,1.0,,,0.0263495399995008,0.2608981299999868,0.0003570310000213
a_resnet101v2_logistic,A,logistic,320,341,1,100352,1,0.0,0.0,0.0,0.0,0.0,0.0,0.0,0,1,0,0,0.0,,,0.0,,0.0264709620023495,0.2601532000044244,0.0003780109982471
a_resnet101v2_logistic,A,logistic,321,341,1,100352,1,1.0,0.0,0.0,1.0,1.0,1.0,0.0,1,0,0,0,1.0,,1.0,,,0.0284892130002845,0.2694083269961993,0.000358844998118
a_resnet101v2_logistic,A,logistic,322,341,1,100352,1,1.0,0.0,0.0,1.0,1.0,1.0,0.0,1,0,0,0,1.0,,1.0,,,0.0263294920005137,0.259965290002583,0.0003723300033016
a_resnet101v2_logistic,A,logistic,323,341,1,100352,1,1.0,0.0,0.0,1.0,1.0,1.0,0.0,1,0,0,0,1.0,,1.0,,,0.0262527660015621,0.2603036560030887,0.0003574219954316
a_resnet101v2_logistic,A,logistic,324,341,1,100352,1,1.0,0.0,0.0,1.0,1.0,1.0,0.0,1,0,0,0,1.0,,1.0,,,0.0265154969965806,0.2602544219989795,0.0003705770068336
a_resnet101v2_logistic,A,logistic,325,341,1,100352,1,1.0,0.0,0.0,1.0,1.0,1.0,0.0,1,0,0,0,1.0,,1.0,,,0.0263249130002805,0.2308070719955139,0.0003617300026235
a_resnet101v2_logistic,A,logistic,326,341,1,100352,1,1.0,0.0,0.0,1.0,1.0,1.0,0.0,1,0,0,0,1.0,,1.0,,,0.0270847029969445,0.2688202740027918,0.0004531450031208
a_resnet101v2_logistic,A,logistic,327,341,1,100352,1,1.0,0.0,0.0,1.0,1.0,1.0,0.0,1,0,0,0,1.0,,1.0,,,0.0265893079995294,0.2610198620022856,0.0003659479989437
a_resnet101v2_logistic,A,logistic,328,341,1,100352,1,1.0,0.0,0.0,1.0,1.0,1.0,0.0,1,0,0,0,1.0,,1.0,,,0.0263025899985223,0.2603915729996515,0.000357922996045
a_resnet101v2_logistic,A,logistic,329,341,1,100352,1,1.0,0.0,0.0,1.0,1.0,1.0,0.0,1,0,0,0,1.0,,1.0,,,0.0263123900003847,0.2603787789994385,0.0003570009939721
a_resnet101v2_logistic,A,logistic,330,341,1,100352,1,0.0,0.0,0.0,0.0,0.0,0.0,0.0,0,1,0,0,0.0,,,0.0,,0.0264241530021536,0.2620844729972305,0.0003551679983502
a_resnet101v2_logistic,A,logistic,331,341,1,100352,1,1.0,0.0,0.0,1.0,1.0,1.0,0.0,1,0,0,0,1.0,,1.0,,,0.0262091330005205,0.2602628180029569,0.0003628619961091
a_resnet101v2_logistic,A,logistic,332,341,1,100352,1,1.0,0.0,0.0,1.0,1.0,1.0,0.0,1,0,0,0,1.0,,1.0,,,0.0261373160028597,0.2742375689995242,0.0003554779978003
a_resnet101v2_logistic,A,logistic,333,341,1,100352,1,0.0,0.0,0.0,0.0,0.0,0.0,0.0,0,1,0,0,0.0,,,0.0,,0.0265465159973246,0.2603203870021389,0.0003633939995779
a_resnet101v2_logistic,A,logistic,334,341,1,100352,1,1.0,0.0,0.0,1.0,1.0,1.0,0.0,1,0,0,0,1.0,,1.0,,,0.0260775819988339,0.2600091929998598,0.000363744002243
a_resnet101v2_logistic,A,logistic,335,341,1,100352,1,1.0,0.0,0.0,1.0,1.0,1.0,0.0,1,0,0,0,1.0,,1.0,,,0.0262111859992728,0.2604976349975914,0.0003289870001026
a_resnet101v2_logistic,A,logistic,336,341,1,100352,1,1.0,0.0,0.0,1.0,1.0,1.0,0.0,1,0,0,0,1.0,,1.0,,,0.0261752779988455,0.2484141419990919,0.0003532439950504
a_resnet101v2_logistic,A,logistic,337,341,1,100352,1,0.0,0.0,0.0,0.0,0.0,0.0,0.0,0,1,0,0,0.0,,,0.0,,0.0262476760035497,0.2647955850043217,0.0004132190006203
a_resnet101v2_logistic,A,logistic,338,341,1,100352,1,1.0,0.0,0.0,1.0,1.0,1.0,0.0,1,0,0,0,1.0,,1.0,,,0.0281624689960153,0.2635454289993504,0.0003615799942053
a_resnet101v2_logistic,A,logistic,339,341,1,100352,1,1.0,0.0,0.0,1.0,1.0,1.0,0.0,1,0,0,0,1.0,,1.0,,,0.0264081830027862,0.260188163993007,0.000329889000568
a_resnet101v2_logistic,A,logistic,340,341,1,100352,1,1.0,0.0,0.0,1.0,1.0,1.0,0.0,1,0,0,0,1.0,,1.0,,,0.0263718729984248,0.2597599370055832,0.0003619700000854
a_resnet101v2_logistic,A,logistic,341,341,1,100352,1,1.0,0.0,0.0,1.0,1.0,1.0,0.0,1,0,0,0,1.0,,1.0,,,0.0262538379975012,0.2601487499996437,0.0003555579969543
a_resnet101v2_logistic,A,logistic,342,341,1,100352,1,1.0,0.0,0.0,1.0,1.0,1.0,0.0,1,0,0,0,1.0,,1.0,,,0.0265617249970091,0.2612808490011957,0.0003529640016495
b_efficientnetb3_pca_300_linear_svm,B,linear_svm,1,341,1,300,1,1.0,1.0,1.0,0.0,1.0,1.0,0.0,0,0,0,1,,1.0,,1.0,,2.6714340089965845,0.0084295010019559,0.0003769589966395
b_efficientnetb3_pca_300_linear_svm,B,linear_svm,2,341,1,300,1,1.0,1.0,1.0,0.0,1.0,1.0,0.0,0,0,0,1,,1.0,,1.0,,2.69059138999728,0.0066593750016181,0.0003142100031254
b_efficientnetb3_pca_300_linear_svm,B,linear_svm,3,341,1,300,1,1.0,1.0,1.0,0.0,1.0,1.0,0.0,0,0,0,1,,1.0,,1.0,,2.66346443999646,0.0061011490033706,0.0003045310004381
b_efficientnetb3_pca_300_linear_svm,B,linear_svm,4,341,1,300,1,1.0,1.0,1.0,0.0,1.0,1.0,0.0,0,0,0,1,,1.0,,1.0,,2.6660649929981446,0.0060321589990053,0.000292728000204
b_efficientnetb3_pca_300_linear_svm,B,linear_svm,5,341,1,300,1,0.0,0.0,0.0,0.0,0.0,0.0,0.0,0,0,1,0,,0.0,0.0,,,2.6174418320006225,0.0058881529985228,0.0003596659953473
b_efficientnetb3_pca_300_linear_svm,B,linear_svm,6,341,1,300,1,1.0,1.0,1.0,0.0,1.0,1.0,0.0,0,0,0,1,,1.0,,1.0,,2.6335607660003006,0.0060406749980757,0.0002950030029751
b_efficientnetb3_pca_300_linear_svm,B,linear_svm,7,341,1,300,1,1.0,1.0,1.0,0.0,1.0,1.0,0.0,0,0,0,1,,1.0,,1.0,,2.647909442996024,0.006057046004571,0.0002876680009649
b_efficientnetb3_pca_300_linear_svm,B,linear_svm,8,341,1,300,1,1.0,1.0,1.0,0.0,1.0,1.0,0.0,0,0,0,1,,1.0,,1.0,,2.6536469220009167,0.0060586990002775,0.0002777600020635
b_efficientnetb3_pca_300_linear_svm,B,linear_svm,9,341,1,300,1,1.0,1.0,1.0,0.0,1.0,1.0,0.0,0,0,0,1,,1.0,,1.0,,2.6577547720007715,0.0071187409994308,0.000335670003551
b_efficientnetb3_pca_300_linear_svm,B,linear_svm,10,341,1,300,1,1.0,1.0,1.0,0.0,1.0,1.0,0.0,0,0,0,1,,1.0,,1.0,,2.669415520002076,0.0071667019947199,0.0003201709987479
b_efficientnetb3_pca_300_linear_svm,B,linear_svm,11,341,1,300,1,1.0,1.0,1.0,0.0,1.0,1.0,0.0,0,0,0,1,,1.0,,1.0,,2.6793494150042534,0.0059916399986832,0.0002858449952327
b_efficientnetb3_pca_300_linear_svm,B,linear_svm,12,341,1,300,1,1.0,1.0,1.0,0.0,1.0,1.0,0.0,0,0,0,1,,1.0,,1.0,,2.6479651230038144,0.0060671249957522,0.0002855050042853
b_efficientnetb3_pca_300_linear_svm,B,linear_svm,13,341,1,300,1,1.0,1.0,1.0,0.0,1.0,1.0,0.0,0,0,0,1,,1.0,,1.0,,2.672009687994432,0.0060215779958525,0.0002814670006046
b_efficientnetb3_pca_300_linear_svm,B,linear_svm,14,341,1,300,1,1.0,1.0,1.0,0.0,1.0,1.0,0.0,0,0,0,1,,1.0,,1.0,,2.692137630998332,0.0060631570013356,0.0002890910036512
b_efficientnetb3_pca_300_linear_svm,B,linear_svm,15,341,1,300,1,1.0,1.0,1.0,0.0,1.0,1.0,0.0,0,0,0,1,,1.0,,1.0,,2.671297964996484,0.0060690389946103,0.0002903140048147
b_efficientnetb3_pca_300_linear_svm,B,linear_svm,16,341,1,300,1,1.0,1.0,1.0,0.0,1.0,1.0,0.0,0,0,0,1,,1.0,,1.0,,2.651991505001206,0.0060258360026637,0.0002830499943229
b_efficientnetb3_pca_300_linear_svm,B,linear_svm,17,341,1,300,1,1.0,1.0,1.0,0.0,1.0,1.0,0.0,0,0,0,1,,1.0,,1.0,,2.6780793590005487,0.005890016000194,0.0002846329953172
b_efficientnetb3_pca_300_linear_svm,B,linear_svm,18,341,1,300,1,1.0,1.0,1.0,0.0,1.0,1.0,0.0,0,0,0,1,,1.0,,1.0,,2.674623409002379,0.0060772549986722,0.0002979080018121
b_efficientnetb3_pca_300_linear_svm,B,linear_svm,19,341,1,300,1,1.0,1.0,1.0,0.0,1.0,1.0,0.0,0,0,0,1,,1.0,,1.0,,2.6748002089952934,0.0067582530027721,0.0002941109996754
b_efficientnetb3_pca_300_linear_svm,B,linear_svm,20,341,1,300,1,1.0,1.0,1.0,0.0,1.0,1.0,0.0,0,0,0,1,,1.0,,1.0,,2.678167325000686,0.0059268570039421,0.0002890919931815
b_efficientnetb3_pca_300_linear_svm,B,linear_svm,21,341,1,300,1,1.0,1.0,1.0,0.0,1.0,1.0,0.0,0,0,0,1,,1.0,,1.0,,2.6541612410001107,0.0060077419984736,0.0002848229996743
b_efficientnetb3_pca_300_linear_svm,B,linear_svm,22,341,1,300,1,1.0,1.0,1.0,0.0,1.0,1.0,0.0,0,0,0,1,,1.0,,1.0,,2.683529581001494,0.0060531190028996,0.0002969670022139
b_efficientnetb3_pca_300_linear_svm,B,linear_svm,23,341,1,300,1,1.0,1.0,1.0,0.0,1.0,1.0,0.0,0,0,0,1,,1.0,,1.0,,2.639238607000152,0.0059909789997618,0.0003371330021764
b_efficientnetb3_pca_300_linear_svm,B,linear_svm,24,341,1,300,1,1.0,1.0,1.0,0.0,1.0,1.0,0.0,0,0,0,1,,1.0,,1.0,,2.667923585999233,0.0060094549990026,0.0002967460022773
b_efficientnetb3_pca_300_linear_svm,B,linear_svm,25,341,1,300,1,1.0,1.0,1.0,0.0,1.0,1.0,0.0,0,0,0,1,,1.0,,1.0,,2.6613288869993994,0.0060472559998743,0.0003603970035328
b_efficientnetb3_pca_300_linear_svm,B,linear_svm,26,341,1,300,1,1.0,1.0,1.0,0.0,1.0,1.0,0.0,0,0,0,1,,1.0,,1.0,,2.6650079090031795,0.0059840159956365,0.0002873490011552
b_efficientnetb3_pca_300_linear_svm,B,linear_svm,27,341,1,300,1,1.0,1.0,1.0,0.0,1.0,1.0,0.0,0,0,0,1,,1.0,,1.0,,2.688361114996951,0.006145594001282,0.0003028070059372
b_efficientnetb3_pca_300_linear_svm,B,linear_svm,28,341,1,300,1,1.0,1.0,1.0,0.0,1.0,1.0,0.0,0,0,0,1,,1.0,,1.0,,2.680060972998035,0.0059079109996673,0.0002839020016836
b_efficientnetb3_pca_300_linear_svm,B,linear_svm,29,341,1,300,1,1.0,1.0,1.0,0.0,1.0,1.0,0.0,0,0,0,1,,1.0,,1.0,,2.66033251999761,0.0060031329994671,0.0002867969960789
b_efficientnetb3_pca_300_linear_svm,B,linear_svm,30,341,1,300,1,1.0,1.0,1.0,0.0,1.0,1.0,0.0,0,0,0,1,,1.0,,1.0,,2.66429462099768,0.0062085440004011,0.0003448380011832
b_efficientnetb3_pca_300_linear_svm,B,linear_svm,31,341,1,300,1,1.0,1.0,1.0,0.0,1.0,1.0,0.0,0,0,0,1,,1.0,,1.0,,2.6977756280030007,0.0060589889981201,0.0002836109997588
b_efficientnetb3_pca_300_linear_svm,B,linear_svm,32,341,1,300,1,1.0,1.0,1.0,0.0,1.0,1.0,0.0,0,0,0,1,,1.0,,1.0,,2.6644439329975285,0.0061571460028062,0.000325672001054
b_efficientnetb3_pca_300_linear_svm,B,linear_svm,33,341,1,300,1,1.0,1.0,1.0,0.0,1.0,1.0,0.0,0,0,0,1,,1.0,,1.0,,2.6659892140014563,0.0060161369983688,0.0002837409992935
b_efficientnetb3_pca_300_linear_svm,B,linear_svm,34,341,1,300,1,0.0,0.0,0.0,0.0,0.0,0.0,0.0,0,0,1,0,,0.0,0.0,,,2.642740204995789,0.0061015600003884,0.0002913060015998
b_efficientnetb3_pca_300_linear_svm,B,linear_svm,35,341,1,300,1,1.0,1.0,1.0,0.0,1.0,1.0,0.0,0,0,0,1,,1.0,,1.0,,2.68317868399754,0.0060838759964099,0.0002831499950843
b_efficientnetb3_pca_300_linear_svm,B,linear_svm,36,341,1,300,1,1.0,1.0,1.0,0.0,1.0,1.0,0.0,0,0,0,1,,1.0,,1.0,,2.684783269993204,0.0060873530019307,0.0002924479995272
b_efficientnetb3_pca_300_linear_svm,B,linear_svm,37,341,1,300,1,1.0,1.0,1.0,0.0,1.0,1.0,0.0,0,0,0,1,,1.0,,1.0,,2.6636603560036747,0.0067552370019257,0.0002952629947685
b_efficientnetb3_pca_300_linear_svm,B,linear_svm,38,341,1,300,1,1.0,1.0,1.0,0.0,1.0,1.0,0.0,0,0,0,1,,1.0,,1.0,,2.6458539399973238,0.0060403630050132,0.000289382005576
b_efficientnetb3_pca_300_linear_svm,B,linear_svm,39,341,1,300,1,1.0,1.0,1.0,0.0,1.0,1.0,0.0,0,0,0,1,,1.0,,1.0,,2.653626382001676,0.0061972519979462,0.0002846429997589
b_efficientnetb3_pca_300_linear_svm,B,linear_svm,40,341,1,300,1,1.0,1.0,1.0,0.0,1.0,1.0,0.0,0,0,0,1,,1.0,,1.0,,2.657380867000029,0.0058977310036425,0.0002840610031853
b_efficientnetb3_pca_300_linear_svm,B,linear_svm,41,341,1,300,1,1.0,1.0,1.0,0.0,1.0,1.0,0.0,0,0,0,1,,1.0,,1.0,,2.659463182993932,0.0060157260013511,0.000293288998364
b_efficientnetb3_pca_300_linear_svm,B,linear_svm,42,341,1,300,1,1.0,1.0,1.0,0.0,1.0,1.0,0.0,0,0,0,1,,1.0,,1.0,,2.6645303340046667,0.0075838780030608,0.0002971369976876
b_efficientnetb3_pca_300_linear_svm,B,linear_svm,43,341,1,300,1,1.0,1.0,1.0,0.0,1.0,1.0,0.0,0,0,0,1,,1.0,,1.0,,2.663889524999832,0.005881451004825,0.0002964550003525
b_efficientnetb3_pca_300_linear_svm,B,linear_svm,44,341,1,300,1,1.0,1.0,1.0,0.0,1.0,1.0,0.0,0,0,0,1,,1.0,,1.0,,2.680810689998907,0.0058804180007427,0.0002949330009869
b_efficientnetb3_pca_300_linear_svm,B,linear_svm,45,341,1,300,1,1.0,1.0,1.0,0.0,1.0,1.0,0.0,0,0,0,1,,1.0,,1.0,,2.635867354998481,0.0058908380015054,0.0002827190037351
b_efficientnetb3_pca_300_linear_svm,B,linear_svm,46,341,1,300,1,1.0,1.0,1.0,0.0,1.0,1.0,0.0,0,0,0,1,,1.0,,1.0,,2.665366934998019,0.0062464970033033,0.0002976280011353
b_efficientnetb3_pca_300_linear_svm,B,linear_svm,47,341,1,300,1,1.0,1.0,1.0,0.0,1.0,1.0,0.0,0,0,0,1,,1.0,,1.0,,2.674272298005235,0.0060149650016683,0.0002824990006047
b_efficientnetb3_pca_300_linear_svm,B,linear_svm,48,341,1,300,1,1.0,1.0,1.0,0.0,1.0,1.0,0.0,0,0,0,1,,1.0,,1.0,,2.6979416660033166,0.0059499609997146,0.0002881799955503
b_efficientnetb3_pca_300_linear_svm,B,linear_svm,49,341,1,300,1,1.0,1.0,1.0,0.0,1.0,1.0,0.0,0,0,0,1,,1.0,,1.0,,2.667363565997221,0.005946954996034,0.0002808660065056
b_efficientnetb3_pca_300_linear_svm,B,linear_svm,50,341,1,300,1,1.0,1.0,1.0,0.0,1.0,1.0,0.0,0,0,0,1,,1.0,,1.0,,2.676858042999811,0.0058211959985783,0.0002868869996746
b_efficientnetb3_pca_300_linear_svm,B,linear_svm,51,341,1,300,1,1.0,1.0,1.0,0.0,1.0,1.0,0.0,0,0,0,1,,1.0,,1.0,,2.6665817920002155,0.0058846059982897,0.0002778100024443
b_efficientnetb3_pca_300_linear_svm,B,linear_svm,52,341,1,300,1,1.0,1.0,1.0,0.0,1.0,1.0,0.0,0,0,0,1,,1.0,,1.0,,2.668087940000987,0.0060572259972104,0.0002915560035035
b_efficientnetb3_pca_300_linear_svm,B,linear_svm,53,341,1,300,1,1.0,1.0,1.0,0.0,1.0,1.0,0.0,0,0,0,1,,1.0,,1.0,,2.6736379919966566,0.0060594800015678,0.0002880500032915
b_efficientnetb3_pca_300_linear_svm,B,linear_svm,54,341,1,300,1,1.0,1.0,1.0,0.0,1.0,1.0,0.0,0,0,0,1,,1.0,,1.0,,2.660722727996472,0.0061008379998384,0.0002942310020443
b_efficientnetb3_pca_300_linear_svm,B,linear_svm,55,341,1,300,1,1.0,1.0,1.0,0.0,1.0,1.0,0.0,0,0,0,1,,1.0,,1.0,,2.643016533998889,0.0061081020030542,0.0002894419958465
b_efficientnetb3_pca_300_linear_svm,B,linear_svm,56,341,1,300,1,1.0,1.0,1.0,0.0,1.0,1.0,0.0,0,0,0,1,,1.0,,1.0,,2.6303352059985627,0.0061449429995263,0.0003016150003531
b_efficientnetb3_pca_300_linear_svm,B,linear_svm,57,341,1,300,1,1.0,1.0,1.0,0.0,1.0,1.0,0.0,0,0,0,1,,1.0,,1.0,,2.6569263279961888,0.006175731003168,0.0002894820063374
b_efficientnetb3_pca_300_linear_svm,B,linear_svm,58,341,1,300,1,1.0,1.0,1.0,0.0,1.0,1.0,0.0,0,0,0,1,,1.0,,1.0,,2.6688644559981185,0.0061489200015785,0.000292327000352
b_efficientnetb3_pca_300_linear_svm,B,linear_svm,59,341,1,300,1,1.0,1.0,1.0,0.0,1.0,1.0,0.0,0,0,0,1,,1.0,,1.0,,2.673890448997554,0.0059955280012218,0.0002876389989978
b_efficientnetb3_pca_300_linear_svm,B,linear_svm,60,341,1,300,1,1.0,1.0,1.0,0.0,1.0,1.0,0.0,0,0,0,1,,1.0,,1.0,,2.664989582997805,0.0062442919952445,0.0002923979991464
b_efficientnetb3_pca_300_linear_svm,B,linear_svm,61,341,1,300,1,1.0,1.0,1.0,0.0,1.0,1.0,0.0,0,0,0,1,,1.0,,1.0,,2.6578506989972084,0.0061548419980681,0.0002868880037567
b_efficientnetb3_pca_300_linear_svm,B,linear_svm,62,341,1,300,1,1.0,1.0,1.0,0.0,1.0,1.0,0.0,0,0,0,1,,1.0,,1.0,,2.6728281449977658,0.0061267680066521,0.0002934099975391
b_efficientnetb3_pca_300_linear_svm,B,linear_svm,63,341,1,300,1,1.0,1.0,1.0,0.0,1.0,1.0,0.0,0,0,0,1,,1.0,,1.0,,2.662457795995578,0.0061703009996563,0.000285715002974
b_efficientnetb3_pca_300_linear_svm,B,linear_svm,64,341,1,300,1,0.0,0.0,0.0,0.0,0.0,0.0,0.0,0,0,1,0,,0.0,0.0,,,2.6667756879978697,0.0062014610011829,0.0002931999988504
b_efficientnetb3_pca_300_linear_svm,B,linear_svm,65,341,1,300,1,1.0,1.0,1.0,0.0,1.0,1.0,0.0,0,0,0,1,,1.0,,1.0,,2.670000173995504,0.006203283999639,0.0002887910013669
b_efficientnetb3_pca_300_linear_svm,B,linear_svm,66,341,1,300,1,1.0,1.0,1.0,0.0,1.0,1.0,0.0,0,0,0,1,,1.0,,1.0,,2.6613820679995115,0.0062266979948617,0.000298400002066
b_efficientnetb3_pca_300_linear_svm,B,linear_svm,67,341,1,300,1,1.0,1.0,1.0,0.0,1.0,1.0,0.0,0,0,0,1,,1.0,,1.0,,2.6580257499954314,0.0063787389954086,0.0002898130042012
b_efficientnetb3_pca_300_linear_svm,B,linear_svm,68,341,1,300,1,1.0,1.0,1.0,0.0,1.0,1.0,0.0,0,0,0,1,,1.0,,1.0,,2.685621267002716,0.0061463150050258,0.0002970059940707
b_efficientnetb3_pca_300_linear_svm,B,linear_svm,69,341,1,300,1,1.0,1.0,1.0,0.0,1.0,1.0,0.0,0,0,0,1,,1.0,,1.0,,2.677811222994933,0.00616432899551,0.0003030380030395
b_efficientnetb3_pca_300_linear_svm,B,linear_svm,70,341,1,300,1,1.0,1.0,1.0,0.0,1.0,1.0,0.0,0,0,0,1,,1.0,,1.0,,2.675519907003036,0.0061077009959262,0.0002951429996755
b_efficientnetb3_pca_300_linear_svm,B,linear_svm,71,341,1,300,1,1.0,1.0,1.0,0.0,1.0,1.0,0.0,0,0,0,1,,1.0,,1.0,,2.650178538002365,0.0061329090021899,0.0003062039977521
b_efficientnetb3_pca_300_linear_svm,B,linear_svm,72,341,1,300,1,1.0,1.0,1.0,0.0,1.0,1.0,0.0,0,0,0,1,,1.0,,1.0,,2.6493002279967186,0.0060018590011168,0.0002846729985321
b_efficientnetb3_pca_300_linear_svm,B,linear_svm,73,341,1,300,1,1.0,1.0,1.0,0.0,1.0,1.0,0.0,0,0,0,1,,1.0,,1.0,,2.665876995000872,0.0060602609955822,0.0002940709964605
b_efficientnetb3_pca_300_linear_svm,B,linear_svm,74,341,1,300,1,1.0,1.0,1.0,0.0,1.0,1.0,0.0,0,0,0,1,,1.0,,1.0,,2.648775255998771,0.0060103450014139,0.0002905939982156
b_efficientnetb3_pca_300_linear_svm,B,linear_svm,75,341,1,300,1,1.0,1.0,1.0,0.0,1.0,1.0,0.0,0,0,0,1,,1.0,,1.0,,2.6717361320042983,0.006107872002758,0.0003049119986826
b_efficientnetb3_pca_300_linear_svm,B,linear_svm,76,341,1,300,1,0.0,0.0,0.0,0.0,0.0,0.0,0.0,0,0,1,0,,0.0,0.0,,,2.6819236099981936,0.0060122389986645,0.0002907050002249
b_efficientnetb3_pca_300_linear_svm,B,linear_svm,77,341,1,300,1,1.0,1.0,1.0,0.0,1.0,1.0,0.0,0,0,0,1,,1.0,,1.0,,2.6627802060029357,0.005866772000445,0.0002573810052126
b_efficientnetb3_pca_300_linear_svm,B,linear_svm,78,341,1,300,1,1.0,1.0,1.0,0.0,1.0,1.0,0.0,0,0,0,1,,1.0,,1.0,,2.658951386998524,0.0059690870039048,0.0002599159997771
b_efficientnetb3_pca_300_linear_svm,B,linear_svm,79,341,1,300,1,1.0,1.0,1.0,0.0,1.0,1.0,0.0,0,0,0,1,,1.0,,1.0,,2.6317272090018378,0.0060945160003029,0.0002628319998621
b_efficientnetb3_pca_300_linear_svm,B,linear_svm,80,341,1,300,1,1.0,1.0,1.0,0.0,1.0,1.0,0.0,0,0,0,1,,1.0,,1.0,,2.671814474997518,0.0060814410026068,0.0002865959977498
b_efficientnetb3_pca_300_linear_svm,B,linear_svm,81,341,1,300,1,1.0,1.0,1.0,0.0,1.0,1.0,0.0,0,0,0,1,,1.0,,1.0,,2.6862401390026207,0.0061144139981479,0.0002657060031197
b_efficientnetb3_pca_300_linear_svm,B,linear_svm,82,341,1,300,1,1.0,1.0,1.0,0.0,1.0,1.0,0.0,0,0,0,1,,1.0,,1.0,,2.6553803049973794,0.0060531070048455,0.0002945919986814
b_efficientnetb3_pca_300_linear_svm,B,linear_svm,83,341,1,300,1,1.0,1.0,1.0,0.0,1.0,1.0,0.0,0,0,0,1,,1.0,,1.0,,2.686195915004646,0.0060603010060731,0.0002967159962281
b_efficientnetb3_pca_300_linear_svm,B,linear_svm,84,341,1,300,1,1.0,1.0,1.0,0.0,1.0,1.0,0.0,0,0,0,1,,1.0,,1.0,,2.6772832079950604,0.0081559489990468,0.0003379449990461
b_efficientnetb3_pca_300_linear_svm,B,linear_svm,85,341,1,300,1,1.0,1.0,1.0,0.0,1.0,1.0,0.0,0,0,0,1,,1.0,,1.0,,2.633127168999636,0.0066373520021443,0.0002888009985326
b_efficientnetb3_pca_300_linear_svm,B,linear_svm,86,341,1,300,1,1.0,1.0,1.0,0.0,1.0,1.0,0.0,0,0,0,1,,1.0,,1.0,,2.6859858989992063,0.0058711199962999,0.0002801250011543
b_efficientnetb3_pca_300_linear_svm,B,linear_svm,87,341,1,300,1,1.0,1.0,1.0,0.0,1.0,1.0,0.0,0,0,0,1,,1.0,,1.0,,2.646273688005749,0.0063818839989835,0.0003012250017491
b_efficientnetb3_pca_300_linear_svm,B,linear_svm,88,341,1,300,1,1.0,1.0,1.0,0.0,1.0,1.0,0.0,0,0,0,1,,1.0,,1.0,,2.66114007300348,0.006038580002496,0.000281888002064
b_efficientnetb3_pca_300_linear_svm,B,linear_svm,89,341,1,300,1,1.0,1.0,1.0,0.0,1.0,1.0,0.0,0,0,0,1,,1.0,,1.0,,2.6676036269927863,0.0080357389961136,0.0003468719951342
b_efficientnetb3_pca_300_linear_svm,B,linear_svm,90,341,1,300,1,1.0,1.0,1.0,0.0,1.0,1.0,0.0,0,0,0,1,,1.0,,1.0,,2.6739061560001574,0.0070795249994262,0.0002977680051117
b_efficientnetb3_pca_300_linear_svm,B,linear_svm,91,341,1,300,1,1.0,1.0,1.0,0.0,1.0,1.0,0.0,0,0,0,1,,1.0,,1.0,,2.674077777999628,0.006252597006096,0.0002899329992942
b_efficientnetb3_pca_300_linear_svm,B,linear_svm,92,341,1,300,1,1.0,1.0,1.0,0.0,1.0,1.0,0.0,0,0,0,1,,1.0,,1.0,,2.6884674039974925,0.0060057470036554,0.000284121997538
b_efficientnetb3_pca_300_linear_svm,B,linear_svm,93,341,1,300,1,1.0,1.0,1.0,0.0,1.0,1.0,0.0,0,0,0,1,,1.0,,1.0,,2.669311967001704,0.0060833650059066,0.0003010840009665
b_efficientnetb3_pca_300_linear_svm,B,linear_svm,94,341,1,300,1,1.0,1.0,1.0,0.0,1.0,1.0,0.0,0,0,0,1,,1.0,,1.0,,2.702017431998684,0.0060578069969778,0.0002916359953815
b_efficientnetb3_pca_300_linear_svm,B,linear_svm,95,341,1,300,1,1.0,1.0,1.0,0.0,1.0,1.0,0.0,0,0,0,1,,1.0,,1.0,,2.6623670400003903,0.0060036430004402,0.0002852240068023
b_efficientnetb3_pca_300_linear_svm,B,linear_svm,96,341,1,300,1,1.0,1.0,1.0,0.0,1.0,1.0,0.0,0,0,0,1,,1.0,,1.0,,2.649871166999219,0.00639821599907,0.0002869079980882
b_efficientnetb3_pca_300_linear_svm,B,linear_svm,97,341,1,300,1,1.0,1.0,1.0,0.0,1.0,1.0,0.0,0,0,0,1,,1.0,,1.0,,2.665316236001672,0.0063494319983874,0.000302147003822
b_efficientnetb3_pca_300_linear_svm,B,linear_svm,98,341,1,300,1,1.0,1.0,1.0,0.0,1.0,1.0,0.0,0,0,0,1,,1.0,,1.0,,2.663640044003841,0.0060477669976535,0.0002836620042216
b_efficientnetb3_pca_300_linear_svm,B,linear_svm,99,341,1,300,1,1.0,1.0,1.0,0.0,1.0,1.0,0.0,0,0,0,1,,1.0,,1.0,,2.638281564999488,0.0061528279984486,0.0002949629997601
b_efficientnetb3_pca_300_linear_svm,B,linear_svm,100,341,1,300,1,1.0,1.0,1.0,0.0,1.0,1.0,0.0,0,0,0,1,,1.0,,1.0,,2.637591925005836,0.0059814599953824,0.0002904939974541
b_efficientnetb3_pca_300_linear_svm,B,linear_svm,101,341,1,300,1,1.0,1.0,1.0,0.0,1.0,1.0,0.0,0,0,0,1,,1.0,,1.0,,2.6551338439967367,0.0059193920023972,0.000281927998003
b_efficientnetb3_pca_300_linear_svm,B,linear_svm,102,341,1,300,1,1.0,1.0,1.0,0.0,1.0,1.0,0.0,0,0,0,1,,1.0,,1.0,,2.649695153995708,0.005966722004814,0.000292297998385
b_efficientnetb3_pca_300_linear_svm,B,linear_svm,103,341,1,300,1,1.0,1.0,1.0,0.0,1.0,1.0,0.0,0,0,0,1,,1.0,,1.0,,2.653573518000485,0.0060051450054743,0.0003019559953827
b_efficientnetb3_pca_300_linear_svm,B,linear_svm,104,341,1,300,1,1.0,1.0,1.0,0.0,1.0,1.0,0.0,0,0,0,1,,1.0,,1.0,,2.6526459450033144,0.0067459279962349,0.0002950119960587
b_efficientnetb3_pca_300_linear_svm,B,linear_svm,105,341,1,300,1,1.0,1.0,1.0,0.0,1.0,1.0,0.0,0,0,0,1,,1.0,,1.0,,2.666758831001061,0.0060855190022266,0.0002941820057458
b_efficientnetb3_pca_300_linear_svm,B,linear_svm,106,341,1,300,1,1.0,1.0,1.0,0.0,1.0,1.0,0.0,0,0,0,1,,1.0,,1.0,,2.676160490998882,0.0060013679976691,0.0002865960050257
b_efficientnetb3_pca_300_linear_svm,B,linear_svm,107,341,1,300,1,1.0,1.0,1.0,0.0,1.0,1.0,0.0,0,0,0,1,,1.0,,1.0,,2.6587531110053533,0.0061169289983808,0.0002884999994421
b_efficientnetb3_pca_300_linear_svm,B,linear_svm,108,341,1,300,1,1.0,1.0,1.0,0.0,1.0,1.0,0.0,0,0,0,1,,1.0,,1.0,,2.645129869000812,0.0067039989953627,0.0002968659973703
b_efficientnetb3_pca_300_linear_svm,B,linear_svm,109,341,1,300,1,1.0,1.0,1.0,0.0,1.0,1.0,0.0,0,0,0,1,,1.0,,1.0,,2.6474704899956123,0.0061034530008328,0.0002858850057236
b_efficientnetb3_pca_300_linear_svm,B,linear_svm,110,341,1,300,1,1.0,1.0,1.0,0.0,1.0,1.0,0.0,0,0,0,1,,1.0,,1.0,,2.68156149800052,0.0060181299995747,0.0002855549973901
b_efficientnetb3_pca_300_linear_svm,B,linear_svm,111,341,1,300,1,1.0,1.0,1.0,0.0,1.0,1.0,0.0,0,0,0,1,,1.0,,1.0,,2.6665576819941634,0.0063456749994657,0.0002925680018961
b_efficientnetb3_pca_300_linear_svm,B,linear_svm,112,341,1,300,1,0.0,0.0,0.0,0.0,0.0,0.0,0.0,0,0,1,0,,0.0,0.0,,,2.6609128390045957,0.0060124490046291,0.0002870179960154
b_efficientnetb3_pca_300_linear_svm,B,linear_svm,113,341,1,300,1,1.0,1.0,1.0,0.0,1.0,1.0,0.0,0,0,0,1,,1.0,,1.0,,2.669514702996821,0.0060537979952641,0.0003032289969269
b_efficientnetb3_pca_300_linear_svm,B,linear_svm,114,341,1,300,1,1.0,1.0,1.0,0.0,1.0,1.0,0.0,0,0,0,1,,1.0,,1.0,,2.689578463003272,0.0067403380016912,0.0002947819957626
b_efficientnetb3_pca_300_linear_svm,B,linear_svm,115,341,1,300,1,1.0,1.0,1.0,0.0,1.0,1.0,0.0,0,0,0,1,,1.0,,1.0,,2.6747563440003432,0.0060457030049292,0.0002910350012825
b_efficientnetb3_pca_300_linear_svm,B,linear_svm,116,341,1,300,1,1.0,1.0,1.0,0.0,1.0,1.0,0.0,0,0,0,1,,1.0,,1.0,,2.682589762000134,0.0067245179961901,0.0002963249935419
b_efficientnetb3_pca_300_linear_svm,B,linear_svm,117,341,1,300,1,1.0,1.0,1.0,0.0,1.0,1.0,0.0,0,0,0,1,,1.0,,1.0,,2.66361273000075,0.0067879089983762,0.0002936899982159
b_efficientnetb3_pca_300_linear_svm,B,linear_svm,118,341,1,300,1,1.0,1.0,1.0,0.0,1.0,1.0,0.0,0,0,0,1,,1.0,,1.0,,2.6832612350044656,0.0059802679970744,0.0002854940030374
b_efficientnetb3_pca_300_linear_svm,B,linear_svm,119,341,1,300,1,1.0,1.0,1.0,0.0,1.0,1.0,0.0,0,0,0,1,,1.0,,1.0,,2.665606842994748,0.0060379580027074,0.0002945419983007
b_efficientnetb3_pca_300_linear_svm,B,linear_svm,120,341,1,300,1,1.0,1.0,1.0,0.0,1.0,1.0,0.0,0,0,0,1,,1.0,,1.0,,2.69226917999913,0.0060093639986007,0.0002859150044969
b_efficientnetb3_pca_300_linear_svm,B,linear_svm,121,341,1,300,1,1.0,1.0,1.0,0.0,1.0,1.0,0.0,0,0,0,1,,1.0,,1.0,,2.657974595997075,0.0060893460031365,0.0002949620029539
b_efficientnetb3_pca_300_linear_svm,B,linear_svm,122,341,1,300,1,1.0,1.0,1.0,0.0,1.0,1.0,0.0,0,0,0,1,,1.0,,1.0,,2.6692603300034534,0.0059759089999715,0.0002879289968404
b_efficientnetb3_pca_300_linear_svm,B,linear_svm,123,341,1,300,1,1.0,1.0,1.0,0.0,1.0,1.0,0.0,0,0,0,1,,1.0,,1.0,,2.6763198430053308,0.0060834940013592,0.0002892620032071
b_efficientnetb3_pca_300_linear_svm,B,linear_svm,124,341,1,300,1,1.0,1.0,1.0,0.0,1.0,1.0,0.0,0,0,0,1,,1.0,,1.0,,2.6725087680024444,0.0060259150050114,0.0002894720018957
b_efficientnetb3_pca_300_linear_svm,B,linear_svm,125,341,1,300,1,1.0,1.0,1.0,0.0,1.0,1.0,0.0,0,0,0,1,,1.0,,1.0,,2.6732595969951944,0.0060094329965068,0.0002851040044333
b_efficientnetb3_pca_300_linear_svm,B,linear_svm,126,341,1,300,1,1.0,1.0,1.0,0.0,1.0,1.0,0.0,0,0,0,1,,1.0,,1.0,,2.701897402002942,0.0061047449999023,0.0002818779976223
b_efficientnetb3_pca_300_linear_svm,B,linear_svm,127,341,1,300,1,1.0,1.0,1.0,0.0,1.0,1.0,0.0,0,0,0,1,,1.0,,1.0,,2.6491015760038863,0.0061046949995215,0.0002950630005216
b_efficientnetb3_pca_300_linear_svm,B,linear_svm,128,341,1,300,1,1.0,1.0,1.0,0.0,1.0,1.0,0.0,0,0,0,1,,1.0,,1.0,,2.66493402299966,0.0060462830006144,0.0002889009992941
b_efficientnetb3_pca_300_linear_svm,B,linear_svm,129,341,1,300,1,1.0,1.0,1.0,0.0,1.0,1.0,0.0,0,0,0,1,,1.0,,1.0,,2.664242810998985,0.0060818109996034,0.0002831099991453
b_efficientnetb3_pca_300_linear_svm,B,linear_svm,130,341,1,300,1,1.0,1.0,1.0,0.0,1.0,1.0,0.0,0,0,0,1,,1.0,,1.0,,2.665104241001245,0.0061679549980908,0.0002872379991458
b_efficientnetb3_pca_300_linear_svm,B,linear_svm,131,341,1,300,1,1.0,1.0,1.0,0.0,1.0,1.0,0.0,0,0,0,1,,1.0,,1.0,,2.655545171997801,0.0060868910004501,0.0002826089985319
b_efficientnetb3_pca_300_linear_svm,B,linear_svm,132,341,1,300,1,1.0,1.0,1.0,0.0,1.0,1.0,0.0,0,0,0,1,,1.0,,1.0,,2.656328662997112,0.0060857689968543,0.0002951229980681
b_efficientnetb3_pca_300_linear_svm,B,linear_svm,133,341,1,300,1,1.0,1.0,1.0,0.0,1.0,1.0,0.0,0,0,0,1,,1.0,,1.0,,2.6512041839960148,0.0062074909947114,0.0002749750055954
b_efficientnetb3_pca_300_linear_svm,B,linear_svm,134,341,1,300,1,1.0,1.0,1.0,0.0,1.0,1.0,0.0,0,0,0,1,,1.0,,1.0,,2.6733234740022453,0.0059953360032523,0.0002842519970727
b_efficientnetb3_pca_300_linear_svm,B,linear_svm,135,341,1,300,1,1.0,1.0,1.0,0.0,1.0,1.0,0.0,0,0,0,1,,1.0,,1.0,,2.6832666659975075,0.0060644179975497,0.0002872780023608
b_efficientnetb3_pca_300_linear_svm,B,linear_svm,136,341,1,300,1,1.0,1.0,1.0,0.0,1.0,1.0,0.0,0,0,0,1,,1.0,,1.0,,2.6559720169971115,0.0060845660045742,0.0003024570032721
b_efficientnetb3_pca_300_linear_svm,B,linear_svm,137,341,1,300,1,1.0,1.0,1.0,0.0,1.0,1.0,0.0,0,0,0,1,,1.0,,1.0,,2.6771112579954206,0.0061558829984278,0.0003003029996762
b_efficientnetb3_pca_300_linear_svm,B,linear_svm,138,341,1,300,1,1.0,1.0,1.0,0.0,1.0,1.0,0.0,0,0,0,1,,1.0,,1.0,,2.688951349002309,0.0061274779945961,0.0002909250033553
b_efficientnetb3_pca_300_linear_svm,B,linear_svm,139,341,1,300,1,1.0,1.0,1.0,0.0,1.0,1.0,0.0,0,0,0,1,,1.0,,1.0,,2.677535568996973,0.006199766001373,0.0003709370066644
b_efficientnetb3_pca_300_linear_svm,B,linear_svm,140,341,1,300,1,1.0,1.0,1.0,0.0,1.0,1.0,0.0,0,0,0,1,,1.0,,1.0,,2.647931294995942,0.0067149290043744,0.0002955529998871
b_efficientnetb3_pca_300_linear_svm,B,linear_svm,141,341,1,300,1,1.0,1.0,1.0,0.0,1.0,1.0,0.0,0,0,0,1,,1.0,,1.0,,2.6881923289984115,0.0061233109954628,0.0002890410032705
b_efficientnetb3_pca_300_linear_svm,B,linear_svm,142,341,1,300,1,1.0,1.0,1.0,0.0,1.0,1.0,0.0,0,0,0,1,,1.0,,1.0,,2.6499154420016566,0.0060002149984939,0.0002926080051111
b_efficientnetb3_pca_300_linear_svm,B,linear_svm,143,341,1,300,1,1.0,1.0,1.0,0.0,1.0,1.0,0.0,0,0,0,1,,1.0,,1.0,,2.6577286620013183,0.0061915799960843,0.0002970069981529
b_efficientnetb3_pca_300_linear_svm,B,linear_svm,144,341,1,300,1,1.0,1.0,1.0,0.0,1.0,1.0,0.0,0,0,0,1,,1.0,,1.0,,2.6830422950006323,0.0083388470011414,0.0003484949993435
b_efficientnetb3_pca_300_linear_svm,B,linear_svm,145,341,1,300,1,1.0,1.0,1.0,0.0,1.0,1.0,0.0,0,0,0,1,,1.0,,1.0,,2.674543139000889,0.0059737650008173,0.0002814770050463
b_efficientnetb3_pca_300_linear_svm,B,linear_svm,146,341,1,300,1,0.0,0.0,0.0,0.0,0.0,0.0,0.0,0,0,1,0,,0.0,0.0,,,2.676783978997264,0.0060243120024097,0.0002868169976864
b_efficientnetb3_pca_300_linear_svm,B,linear_svm,147,341,1,300,1,1.0,1.0,1.0,0.0,1.0,1.0,0.0,0,0,0,1,,1.0,,1.0,,2.670436637999956,0.0060616319969994,0.0003007129998877
b_efficientnetb3_pca_300_linear_svm,B,linear_svm,148,341,1,300,1,1.0,1.0,1.0,0.0,1.0,1.0,0.0,0,0,0,1,,1.0,,1.0,,2.6929097629981698,0.0060844160034321,0.0002944610023405
b_efficientnetb3_pca_300_linear_svm,B,linear_svm,149,341,1,300,1,1.0,1.0,1.0,0.0,1.0,1.0,0.0,0,0,0,1,,1.0,,1.0,,2.6911848680028925,0.0059671619965229,0.0002847840005415
b_efficientnetb3_pca_300_linear_svm,B,linear_svm,150,341,1,300,1,1.0,1.0,1.0,0.0,1.0,1.0,0.0,0,0,0,1,,1.0,,1.0,,2.6647482560001663,0.0061944170010974,0.0002898329985328
b_efficientnetb3_pca_300_linear_svm,B,linear_svm,151,341,1,300,1,1.0,1.0,1.0,0.0,1.0,1.0,0.0,0,0,0,1,,1.0,,1.0,,2.6617119610018563,0.0081583729988778,0.0003552680063876
b_efficientnetb3_pca_300_linear_svm,B,linear_svm,152,341,1,300,1,1.0,1.0,1.0,0.0,1.0,1.0,0.0,0,0,0,1,,1.0,,1.0,,2.671243450997281,0.0077135340034146,0.0002952930008177
b_efficientnetb3_pca_300_linear_svm,B,linear_svm,153,341,1,300,1,1.0,1.0,1.0,0.0,1.0,1.0,0.0,0,0,0,1,,1.0,,1.0,,2.674612802999036,0.0060714409992215,0.0002889310053433
b_efficientnetb3_pca_300_linear_svm,B,linear_svm,154,341,1,300,1,1.0,1.0,1.0,0.0,1.0,1.0,0.0,0,0,0,1,,1.0,,1.0,,2.6561976130033145,0.0080303479990107,0.0003375630039954
b_efficientnetb3_pca_300_linear_svm,B,linear_svm,155,341,1,300,1,1.0,1.0,1.0,0.0,1.0,1.0,0.0,0,0,0,1,,1.0,,1.0,,2.740523632004624,0.0073925819961004,0.0002986799954669
b_efficientnetb3_pca_300_linear_svm,B,linear_svm,156,341,1,300,1,1.0,1.0,1.0,0.0,1.0,1.0,0.0,0,0,0,1,,1.0,,1.0,,2.675214249997225,0.0064236640027957,0.0002921679988503
b_efficientnetb3_pca_300_linear_svm,B,linear_svm,157,341,1,300,1,1.0,1.0,1.0,0.0,1.0,1.0,0.0,0,0,0,1,,1.0,,1.0,,2.67273593799473,0.0063065099966479,0.0002929280017269
b_efficientnetb3_pca_300_linear_svm,B,linear_svm,158,341,1,300,1,1.0,1.0,1.0,0.0,1.0,1.0,0.0,0,0,0,1,,1.0,,1.0,,2.6515306560031604,0.0059901670028921,0.0002795930049614
b_efficientnetb3_pca_300_linear_svm,B,linear_svm,159,341,1,300,1,0.0,0.0,0.0,0.0,0.0,0.0,0.0,0,0,1,0,,0.0,0.0,,,2.677577367001504,0.006001488000038,0.0002898730017477
b_efficientnetb3_pca_300_linear_svm,B,linear_svm,160,341,1,300,1,1.0,1.0,1.0,0.0,1.0,1.0,0.0,0,0,0,1,,1.0,,1.0,,2.6760336789957364,0.0062135920015862,0.0002991099972859
b_efficientnetb3_pca_300_linear_svm,B,linear_svm,161,341,1,300,1,1.0,1.0,1.0,0.0,1.0,1.0,0.0,0,0,0,1,,1.0,,1.0,,2.677690315998916,0.0062298039993038,0.0002690330002224
b_efficientnetb3_pca_300_linear_svm,B,linear_svm,162,341,1,300,1,1.0,1.0,1.0,0.0,1.0,1.0,0.0,0,0,0,1,,1.0,,1.0,,2.670355360998656,0.0060887250001542,0.0002904139983002
b_efficientnetb3_pca_300_linear_svm,B,linear_svm,163,341,1,300,1,1.0,1.0,1.0,0.0,1.0,1.0,0.0,0,0,0,1,,1.0,,1.0,,2.686716918004094,0.0060012480025761,0.000281206004729
b_efficientnetb3_pca_300_linear_svm,B,linear_svm,164,341,1,300,1,1.0,1.0,1.0,0.0,1.0,1.0,0.0,0,0,0,1,,1.0,,1.0,,2.665363302003243,0.0060156649997225,0.0002893519995268
b_efficientnetb3_pca_300_linear_svm,B,linear_svm,165,341,1,300,1,0.0,0.0,0.0,0.0,0.0,0.0,0.0,0,0,1,0,,0.0,0.0,,,2.6923249089959427,0.0059915589954471,0.0002953630028059
b_efficientnetb3_pca_300_linear_svm,B,linear_svm,166,341,1,300,1,1.0,1.0,1.0,0.0,1.0,1.0,0.0,0,0,0,1,,1.0,,1.0,,2.68622269500338,0.006049127994629,0.0002939210025942
b_efficientnetb3_pca_300_linear_svm,B,linear_svm,167,341,1,300,1,1.0,1.0,1.0,0.0,1.0,1.0,0.0,0,0,0,1,,1.0,,1.0,,2.6849842589945183,0.0059302220033714,0.0002821390007738
b_efficientnetb3_pca_300_linear_svm,B,linear_svm,168,341,1,300,1,1.0,1.0,1.0,0.0,1.0,1.0,0.0,0,0,0,1,,1.0,,1.0,,2.6541055039997445,0.0059670219998224,0.0002916659941547
b_efficientnetb3_pca_300_linear_svm,B,linear_svm,169,341,1,300,1,1.0,1.0,1.0,0.0,1.0,1.0,0.0,0,0,0,1,,1.0,,1.0,,2.6798189199980698,0.0059827220029546,0.0002877989973057
b_efficientnetb3_pca_300_linear_svm,B,linear_svm,170,341,1,300,1,1.0,1.0,1.0,0.0,1.0,1.0,0.0,0,0,0,1,,1.0,,1.0,,2.6845416849973844,0.0061179800031823,0.0003007040068041
b_efficientnetb3_pca_300_linear_svm,B,linear_svm,171,341,1,300,1,1.0,1.0,1.0,0.0,1.0,1.0,0.0,0,0,0,1,,1.0,,1.0,,2.6478959810046945,0.0060274770003161,0.0002962649959954
b_efficientnetb3_pca_300_linear_svm,B,linear_svm,172,341,1,300,1,1.0,1.0,1.0,0.0,1.0,1.0,0.0,0,0,0,1,,1.0,,1.0,,2.6529867080025724,0.0060483580018626,0.0003019360010512
b_efficientnetb3_pca_300_linear_svm,B,linear_svm,173,341,1,300,1,1.0,1.0,1.0,0.0,1.0,1.0,0.0,0,0,0,1,,1.0,,1.0,,2.666945251003199,0.0060235100027057,0.0002971869980683
b_efficientnetb3_pca_300_linear_svm,B,linear_svm,174,341,1,300,1,1.0,1.0,1.0,0.0,1.0,1.0,0.0,0,0,0,1,,1.0,,1.0,,2.683896932998323,0.0061124900021241,0.0003008539933944
b_efficientnetb3_pca_300_linear_svm,B,linear_svm,175,341,1,300,1,1.0,1.0,1.0,0.0,1.0,1.0,0.0,0,0,0,1,,1.0,,1.0,,2.666945625001972,0.0082286359975114,0.0003520710015436
b_efficientnetb3_pca_300_linear_svm,B,linear_svm,176,341,1,300,1,0.0,0.0,0.0,0.0,0.0,0.0,0.0,0,1,0,0,0.0,,,0.0,,2.695691507004085,0.0060262750048423,0.0002898029997595
b_efficientnetb3_pca_300_linear_svm,B,linear_svm,177,341,1,300,1,1.0,0.0,0.0,1.0,1.0,1.0,0.0,1,0,0,0,1.0,,1.0,,,2.674688558996422,0.0060836039992864,0.000297999002214
b_efficientnetb3_pca_300_linear_svm,B,linear_svm,178,341,1,300,1,1.0,0.0,0.0,1.0,1.0,1.0,0.0,1,0,0,0,1.0,,1.0,,,2.6648511910025263,0.0062737970001762,0.0002893819983
b_efficientnetb3_pca_300_linear_svm,B,linear_svm,179,341,1,300,1,1.0,0.0,0.0,1.0,1.0,1.0,0.0,1,0,0,0,1.0,,1.0,,,2.6706630539993057,0.0061360649997368,0.0002733719957177
b_efficientnetb3_pca_300_linear_svm,B,linear_svm,180,341,1,300,1,0.0,0.0,0.0,0.0,0.0,0.0,0.0,0,1,0,0,0.0,,,0.0,,2.7051039170037257,0.0059524940006667,0.0003014549947693
b_efficientnetb3_pca_300_linear_svm,B,linear_svm,181,341,1,300,1,1.0,0.0,0.0,1.0,1.0,1.0,0.0,1,0,0,0,1.0,,1.0,,,2.6579120950045763,0.0060984029987594,0.000297277001664
b_efficientnetb3_pca_300_linear_svm,B,linear_svm,182,341,1,300,1,1.0,0.0,0.0,1.0,1.0,1.0,0.0,1,0,0,0,1.0,,1.0,,,2.6927902109964634,0.0061534880005638,0.0003079570014961
b_efficientnetb3_pca_300_linear_svm,B,linear_svm,183,341,1,300,1,1.0,0.0,0.0,1.0,1.0,1.0,0.0,1,0,0,0,1.0,,1.0,,,2.6779248530001496,0.0059026990056736,0.0002865459973691
b_efficientnetb3_pca_300_linear_svm,B,linear_svm,184,341,1,300,1,1.0,0.0,0.0,1.0,1.0,1.0,0.0,1,0,0,0,1.0,,1.0,,,2.666812082999968,0.0060488079980132,0.0002932499992311
b_efficientnetb3_pca_300_linear_svm,B,linear_svm,185,341,1,300,1,1.0,0.0,0.0,1.0,1.0,1.0,0.0,1,0,0,0,1.0,,1.0,,,2.6569113149962504,0.0060014479968231,0.0002900530016631
b_efficientnetb3_pca_300_linear_svm,B,linear_svm,186,341,1,300,1,1.0,0.0,0.0,1.0,1.0,1.0,0.0,1,0,0,0,1.0,,1.0,,,2.6491104520027875,0.0079815950011834,0.0003442960005486
b_efficientnetb3_pca_300_linear_svm,B,linear_svm,187,341,1,300,1,1.0,0.0,0.0,1.0,1.0,1.0,0.0,1,0,0,0,1.0,,1.0,,,2.6525888850010237,0.0060676139983115,0.0003025070036528
b_efficientnetb3_pca_300_linear_svm,B,linear_svm,188,341,1,300,1,1.0,0.0,0.0,1.0,1.0,1.0,0.0,1,0,0,0,1.0,,1.0,,,2.654031573001703,0.0060945660006836,0.0002900929976021
b_efficientnetb3_pca_300_linear_svm,B,linear_svm,189,341,1,300,1,1.0,0.0,0.0,1.0,1.0,1.0,0.0,1,0,0,0,1.0,,1.0,,,2.670894495997345,0.0061313359983614,0.0002961350037367
b_efficientnetb3_pca_300_linear_svm,B,linear_svm,190,341,1,300,1,0.0,0.0,0.0,0.0,0.0,0.0,0.0,0,1,0,0,0.0,,,0.0,,2.662916855995718,0.005998652006383,0.0002922380008385
b_efficientnetb3_pca_300_linear_svm,B,linear_svm,191,341,1,300,1,1.0,0.0,0.0,1.0,1.0,1.0,0.0,1,0,0,0,1.0,,1.0,,,2.6676137820031727,0.0061137119992054,0.0002934389995061
b_efficientnetb3_pca_300_linear_svm,B,linear_svm,192,341,1,300,1,1.0,0.0,0.0,1.0,1.0,1.0,0.0,1,0,0,0,1.0,,1.0,,,2.656742873004987,0.006076251003833,0.0002914860015152
b_efficientnetb3_pca_300_linear_svm,B,linear_svm,193,341,1,300,1,1.0,0.0,0.0,1.0,1.0,1.0,0.0,1,0,0,0,1.0,,1.0,,,2.67582338500506,0.0060918500021216,0.0002964149971376
b_efficientnetb3_pca_300_linear_svm,B,linear_svm,194,341,1,300,1,1.0,0.0,0.0,1.0,1.0,1.0,0.0,1,0,0,0,1.0,,1.0,,,2.663069645997893,0.0060594780006795,0.000292367003567
b_efficientnetb3_pca_300_linear_svm,B,linear_svm,195,341,1,300,1,1.0,0.0,0.0,1.0,1.0,1.0,0.0,1,0,0,0,1.0,,1.0,,,2.667625362999388,0.0073004150035558,0.0002974169983644
b_efficientnetb3_pca_300_linear_svm,B,linear_svm,196,341,1,300,1,1.0,0.0,0.0,1.0,1.0,1.0,0.0,1,0,0,0,1.0,,1.0,,,2.6757257619974557,0.0066617369957384,0.0002981890065711
b_efficientnetb3_pca_300_linear_svm,B,linear_svm,197,341,1,300,1,1.0,0.0,0.0,1.0,1.0,1.0,0.0,1,0,0,0,1.0,,1.0,,,2.6591771120001795,0.0060688659941661,0.0002872879995265
b_efficientnetb3_pca_300_linear_svm,B,linear_svm,198,341,1,300,1,1.0,0.0,0.0,1.0,1.0,1.0,0.0,1,0,0,0,1.0,,1.0,,,2.6673592559964163,0.0060435679988586,0.0002780099966912
b_efficientnetb3_pca_300_linear_svm,B,linear_svm,199,341,1,300,1,1.0,0.0,0.0,1.0,1.0,1.0,0.0,1,0,0,0,1.0,,1.0,,,2.663373702998797,0.0060925209982087,0.0002879090025089
b_efficientnetb3_pca_300_linear_svm,B,linear_svm,200,341,1,300,1,1.0,0.0,0.0,1.0,1.0,1.0,0.0,1,0,0,0,1.0,,1.0,,,2.697372010006802,0.0060550900016096,0.0002785219985526
b_efficientnetb3_pca_300_linear_svm,B,linear_svm,201,341,1,300,1,1.0,0.0,0.0,1.0,1.0,1.0,0.0,1,0,0,0,1.0,,1.0,,,2.682699520002643,0.005949177997536,0.0002869580057449
b_efficientnetb3_pca_300_linear_svm,B,linear_svm,202,341,1,300,1,1.0,0.0,0.0,1.0,1.0,1.0,0.0,1,0,0,0,1.0,,1.0,,,2.693767329001276,0.0060362639997038,0.000289461997454
b_efficientnetb3_pca_300_linear_svm,B,linear_svm,203,341,1,300,1,1.0,0.0,0.0,1.0,1.0,1.0,0.0,1,0,0,0,1.0,,1.0,,,2.680145802994957,0.0061059369982103,0.0002886899965233
b_efficientnetb3_pca_300_linear_svm,B,linear_svm,204,341,1,300,1,1.0,0.0,0.0,1.0,1.0,1.0,0.0,1,0,0,0,1.0,,1.0,,,2.7018123590023606,0.007124970004952,0.0002899929968407
b_efficientnetb3_pca_300_linear_svm,B,linear_svm,205,341,1,300,1,1.0,0.0,0.0,1.0,1.0,1.0,0.0,1,0,0,0,1.0,,1.0,,,2.6647891949978657,0.0059867590025532,0.0002934389995061
b_efficientnetb3_pca_300_linear_svm,B,linear_svm,206,341,1,300,1,1.0,0.0,0.0,1.0,1.0,1.0,0.0,1,0,0,0,1.0,,1.0,,,2.6930622829968343,0.0066814640013035,0.0003151710043312
b_efficientnetb3_pca_300_linear_svm,B,linear_svm,207,341,1,300,1,1.0,0.0,0.0,1.0,1.0,1.0,0.0,1,0,0,0,1.0,,1.0,,,2.676493204999133,0.006603374997212,0.0002921769992099
b_efficientnetb3_pca_300_linear_svm,B,linear_svm,208,341,1,300,1,1.0,0.0,0.0,1.0,1.0,1.0,0.0,1,0,0,0,1.0,,1.0,,,2.675150370996562,0.0066151179998996,0.000292618999083
b_efficientnetb3_pca_300_linear_svm,B,linear_svm,209,341,1,300,1,1.0,0.0,0.0,1.0,1.0,1.0,0.0,1,0,0,0,1.0,,1.0,,,2.666528963003657,0.0059977800046908,0.0003038089998881
b_efficientnetb3_pca_300_linear_svm,B,linear_svm,210,341,1,300,1,1.0,0.0,0.0,1.0,1.0,1.0,0.0,1,0,0,0,1.0,,1.0,,,2.679546871993807,0.0059363530017435,0.0002821279995259
b_efficientnetb3_pca_300_linear_svm,B,linear_svm,211,341,1,300,1,1.0,0.0,0.0,1.0,1.0,1.0,0.0,1,0,0,0,1.0,,1.0,,,2.6576644700035104,0.0060082210038672,0.0002850340024451
b_efficientnetb3_pca_300_linear_svm,B,linear_svm,212,341,1,300,1,1.0,0.0,0.0,1.0,1.0,1.0,0.0,1,0,0,0,1.0,,1.0,,,2.658338503002597,0.0060938039969187,0.0002880890024243
b_efficientnetb3_pca_300_linear_svm,B,linear_svm,213,341,1,300,1,1.0,0.0,0.0,1.0,1.0,1.0,0.0,1,0,0,0,1.0,,1.0,,,2.679455720994156,0.0060760799970012,0.0002896829973906
b_efficientnetb3_pca_300_linear_svm,B,linear_svm,214,341,1,300,1,1.0,0.0,0.0,1.0,1.0,1.0,0.0,1,0,0,0,1.0,,1.0,,,2.6739736310046283,0.006164838996483,0.0003320940013509
b_efficientnetb3_pca_300_linear_svm,B,linear_svm,215,341,1,300,1,1.0,0.0,0.0,1.0,1.0,1.0,0.0,1,0,0,0,1.0,,1.0,,,2.6625623619984253,0.0061506919955718,0.0002920269980677
b_efficientnetb3_pca_300_linear_svm,B,linear_svm,216,341,1,300,1,1.0,0.0,0.0,1.0,1.0,1.0,0.0,1,0,0,0,1.0,,1.0,,,2.6762074770012987,0.005995385996357,0.0003635639950516
b_efficientnetb3_pca_300_linear_svm,B,linear_svm,217,341,1,300,1,1.0,0.0,0.0,1.0,1.0,1.0,0.0,1,0,0,0,1.0,,1.0,,,2.6860542470021755,0.0067658549960469,0.0002998820054926
b_efficientnetb3_pca_300_linear_svm,B,linear_svm,218,341,1,300,1,1.0,0.0,0.0,1.0,1.0,1.0,0.0,1,0,0,0,1.0,,1.0,,,2.696985565002251,0.0071115949976956,0.0003180169951519
b_efficientnetb3_pca_300_linear_svm,B,linear_svm,219,341,1,300,1,1.0,0.0,0.0,1.0,1.0,1.0,0.0,1,0,0,0,1.0,,1.0,,,2.683139052001934,0.0061225679964991,0.0002922380008385
b_efficientnetb3_pca_300_linear_svm,B,linear_svm,220,341,1,300,1,1.0,0.0,0.0,1.0,1.0,1.0,0.0,1,0,0,0,1.0,,1.0,,,2.68216465000296,0.0059213939966866,0.0002990799985127
b_efficientnetb3_pca_300_linear_svm,B,linear_svm,221,341,1,300,1,1.0,0.0,0.0,1.0,1.0,1.0,0.0,1,0,0,0,1.0,,1.0,,,2.673081672997796,0.0060464429989224,0.0002910959956352
b_efficientnetb3_pca_300_linear_svm,B,linear_svm,222,341,1,300,1,1.0,0.0,0.0,1.0,1.0,1.0,0.0,1,0,0,0,1.0,,1.0,,,2.642329180998786,0.0060343500008457,0.0002901330008171
b_efficientnetb3_pca_300_linear_svm,B,linear_svm,223,341,1,300,1,1.0,0.0,0.0,1.0,1.0,1.0,0.0,1,0,0,0,1.0,,1.0,,,2.685240199003601,0.0060432069949456,0.0002950730049633
b_efficientnetb3_pca_300_linear_svm,B,linear_svm,224,341,1,300,1,1.0,0.0,0.0,1.0,1.0,1.0,0.0,1,0,0,0,1.0,,1.0,,,2.6538048049987992,0.0067685610047192,0.0003051520034205
b_efficientnetb3_pca_300_linear_svm,B,linear_svm,225,341,1,300,1,1.0,0.0,0.0,1.0,1.0,1.0,0.0,1,0,0,0,1.0,,1.0,,,2.69203191800625,0.0061060569933033,0.0002859550004359
b_efficientnetb3_pca_300_linear_svm,B,linear_svm,226,341,1,300,1,1.0,0.0,0.0,1.0,1.0,1.0,0.0,1,0,0,0,1.0,,1.0,,,2.6876599969982635,0.0060773720033466,0.0002961550053441
b_efficientnetb3_pca_300_linear_svm,B,linear_svm,227,341,1,300,1,1.0,0.0,0.0,1.0,1.0,1.0,0.0,1,0,0,0,1.0,,1.0,,,2.679083315000753,0.006155982002383,0.0003291979955974
b_efficientnetb3_pca_300_linear_svm,B,linear_svm,228,341,1,300,1,1.0,0.0,0.0,1.0,1.0,1.0,0.0,1,0,0,0,1.0,,1.0,,,2.647550285997568,0.0059372560062911,0.0002652760013006
b_efficientnetb3_pca_300_linear_svm,B,linear_svm,229,341,1,300,1,1.0,0.0,0.0,1.0,1.0,1.0,0.0,1,0,0,0,1.0,,1.0,,,2.649841083002684,0.0060551700007636,0.0002909449976868
b_efficientnetb3_pca_300_linear_svm,B,linear_svm,230,341,1,300,1,1.0,0.0,0.0,1.0,1.0,1.0,0.0,1,0,0,0,1.0,,1.0,,,2.628249356006563,0.0060224480039323,0.0002869370000553
b_efficientnetb3_pca_300_linear_svm,B,linear_svm,231,341,1,300,1,1.0,0.0,0.0,1.0,1.0,1.0,0.0,1,0,0,0,1.0,,1.0,,,2.643112915000529,0.0061514529952546,0.0002987600018968
b_efficientnetb3_pca_300_linear_svm,B,linear_svm,232,341,1,300,1,0.0,0.0,0.0,0.0,0.0,0.0,0.0,0,1,0,0,0.0,,,0.0,,2.6654565520002507,0.0060529459951794,0.0002839419976226
b_efficientnetb3_pca_300_linear_svm,B,linear_svm,233,341,1,300,1,1.0,0.0,0.0,1.0,1.0,1.0,0.0,1,0,0,0,1.0,,1.0,,,2.6574445470032515,0.0060180590007803,0.0002911650008172
b_efficientnetb3_pca_300_linear_svm,B,linear_svm,234,341,1,300,1,1.0,0.0,0.0,1.0,1.0,1.0,0.0,1,0,0,0,1.0,,1.0,,,2.6778714989995933,0.0060916799993719,0.0002896730002248
b_efficientnetb3_pca_300_linear_svm,B,linear_svm,235,341,1,300,1,1.0,0.0,0.0,1.0,1.0,1.0,0.0,1,0,0,0,1.0,,1.0,,,2.661241465000785,0.0061728850050712,0.0003028479986824
b_efficientnetb3_pca_300_linear_svm,B,linear_svm,236,341,1,300,1,1.0,0.0,0.0,1.0,1.0,1.0,0.0,1,0,0,0,1.0,,1.0,,,2.6717234669995378,0.0060661009993054,0.0002866170034394
b_efficientnetb3_pca_300_linear_svm,B,linear_svm,237,341,1,300,1,1.0,0.0,0.0,1.0,1.0,1.0,0.0,1,0,0,0,1.0,,1.0,,,2.6578311749981367,0.0060752680001314,0.0002981389989145
b_efficientnetb3_pca_300_linear_svm,B,linear_svm,238,341,1,300,1,1.0,0.0,0.0,1.0,1.0,1.0,0.0,1,0,0,0,1.0,,1.0,,,2.679134548001457,0.0060279679964878,0.0002945720043499
b_efficientnetb3_pca_300_linear_svm,B,linear_svm,239,341,1,300,1,0.0,0.0,0.0,0.0,0.0,0.0,0.0,0,1,0,0,0.0,,,0.0,,2.667130279005505,0.0073596779984654,0.000293450000754
b_efficientnetb3_pca_300_linear_svm,B,linear_svm,240,341,1,300,1,1.0,0.0,0.0,1.0,1.0,1.0,0.0,1,0,0,0,1.0,,1.0,,,2.6758672510040924,0.0060368249978637,0.000285555004666
b_efficientnetb3_pca_300_linear_svm,B,linear_svm,241,341,1,300,1,1.0,0.0,0.0,1.0,1.0,1.0,0.0,1,0,0,0,1.0,,1.0,,,2.669781762000639,0.006125523999799,0.0002900330000557
b_efficientnetb3_pca_300_linear_svm,B,linear_svm,242,341,1,300,1,1.0,0.0,0.0,1.0,1.0,1.0,0.0,1,0,0,0,1.0,,1.0,,,2.6573853040026734,0.0061021090004942,0.0002972270012833
b_efficientnetb3_pca_300_linear_svm,B,linear_svm,243,341,1,300,1,1.0,0.0,0.0,1.0,1.0,1.0,0.0,1,0,0,0,1.0,,1.0,,,2.695536733001063,0.0060980009948252,0.0002998710042447
b_efficientnetb3_pca_300_linear_svm,B,linear_svm,244,341,1,300,1,1.0,0.0,0.0,1.0,1.0,1.0,0.0,1,0,0,0,1.0,,1.0,,,2.651838449994102,0.0061790359977749,0.0002959840057883
b_efficientnetb3_pca_300_linear_svm,B,linear_svm,245,341,1,300,1,1.0,0.0,0.0,1.0,1.0,1.0,0.0,1,0,0,0,1.0,,1.0,,,2.686593300000822,0.0061256539993337,0.0002948929977719
b_efficientnetb3_pca_300_linear_svm,B,linear_svm,246,341,1,300,1,1.0,0.0,0.0,1.0,1.0,1.0,0.0,1,0,0,0,1.0,,1.0,,,2.6795973039988894,0.0060361030045896,0.0002941809943877
b_efficientnetb3_pca_300_linear_svm,B,linear_svm,247,341,1,300,1,1.0,0.0,0.0,1.0,1.0,1.0,0.0,1,0,0,0,1.0,,1.0,,,2.686416739001288,0.0060352520013111,0.0002907449961639
b_efficientnetb3_pca_300_linear_svm,B,linear_svm,248,341,1,300,1,1.0,0.0,0.0,1.0,1.0,1.0,0.0,1,0,0,0,1.0,,1.0,,,2.664306183003646,0.0061703899991698,0.000304690998746
b_efficientnetb3_pca_300_linear_svm,B,linear_svm,249,341,1,300,1,1.0,0.0,0.0,1.0,1.0,1.0,0.0,1,0,0,0,1.0,,1.0,,,2.6989401009996072,0.0059212649939581,0.0002965160019812
b_efficientnetb3_pca_300_linear_svm,B,linear_svm,250,341,1,300,1,1.0,0.0,0.0,1.0,1.0,1.0,0.0,1,0,0,0,1.0,,1.0,,,2.670041166995361,0.0060403719980968,0.0002989999993587
b_efficientnetb3_pca_300_linear_svm,B,linear_svm,251,341,1,300,1,1.0,0.0,0.0,1.0,1.0,1.0,0.0,1,0,0,0,1.0,,1.0,,,2.688675147997856,0.0070040300051914,0.0002972869988298
b_efficientnetb3_pca_300_linear_svm,B,linear_svm,252,341,1,300,1,1.0,0.0,0.0,1.0,1.0,1.0,0.0,1,0,0,0,1.0,,1.0,,,2.6708501359971706,0.0063760710036149,0.0003576220042305
b_efficientnetb3_pca_300_linear_svm,B,linear_svm,253,341,1,300,1,1.0,0.0,0.0,1.0,1.0,1.0,0.0,1,0,0,0,1.0,,1.0,,,2.6850867890025256,0.0067332940016058,0.0003000819997396
b_efficientnetb3_pca_300_linear_svm,B,linear_svm,254,341,1,300,1,1.0,0.0,0.0,1.0,1.0,1.0,0.0,1,0,0,0,1.0,,1.0,,,2.672456806001719,0.0061019490021863,0.0002979380005854
b_efficientnetb3_pca_300_linear_svm,B,linear_svm,255,341,1,300,1,1.0,0.0,0.0,1.0,1.0,1.0,0.0,1,0,0,0,1.0,,1.0,,,2.6885860100010177,0.0064038850032375,0.0003037089991266
b_efficientnetb3_pca_300_linear_svm,B,linear_svm,256,341,1,300,1,1.0,0.0,0.0,1.0,1.0,1.0,0.0,1,0,0,0,1.0,,1.0,,,2.6741140329977497,0.0062818520018481,0.0003076060020248
b_efficientnetb3_pca_300_linear_svm,B,linear_svm,257,341,1,300,1,1.0,0.0,0.0,1.0,1.0,1.0,0.0,1,0,0,0,1.0,,1.0,,,2.6698182370018912,0.0060961369963479,0.0002966860047308
b_efficientnetb3_pca_300_linear_svm,B,linear_svm,258,341,1,300,1,1.0,0.0,0.0,1.0,1.0,1.0,0.0,1,0,0,0,1.0,,1.0,,,2.666954171996622,0.0072793049985193,0.0003063040057895
b_efficientnetb3_pca_300_linear_svm,B,linear_svm,259,341,1,300,1,1.0,0.0,0.0,1.0,1.0,1.0,0.0,1,0,0,0,1.0,,1.0,,,2.679031848005252,0.0060269359964877,0.0002894520002882
b_efficientnetb3_pca_300_linear_svm,B,linear_svm,260,341,1,300,1,1.0,0.0,0.0,1.0,1.0,1.0,0.0,1,0,0,0,1.0,,1.0,,,2.7116764330057777,0.0060410930018406,0.000291976997687
b_efficientnetb3_pca_300_linear_svm,B,linear_svm,261,341,1,300,1,1.0,0.0,0.0,1.0,1.0,1.0,0.0,1,0,0,0,1.0,,1.0,,,2.6980603790070745,0.0082284249947406,0.0003451979937381
b_efficientnetb3_pca_300_linear_svm,B,linear_svm,262,341,1,300,1,1.0,0.0,0.0,1.0,1.0,1.0,0.0,1,0,0,0,1.0,,1.0,,,2.7199392990005435,0.0060481859982246,0.0002872679979191
b_efficientnetb3_pca_300_linear_svm,B,linear_svm,263,341,1,300,1,1.0,0.0,0.0,1.0,1.0,1.0,0.0,1,0,0,0,1.0,,1.0,,,2.7115807040027,0.0062793980032438,0.0003420730063226
b_efficientnetb3_pca_300_linear_svm,B,linear_svm,264,341,1,300,1,0.0,0.0,0.0,0.0,0.0,0.0,0.0,0,1,0,0,0.0,,,0.0,,2.723777847000747,0.0058207530018989,0.0003059740047319
b_efficientnetb3_pca_300_linear_svm,B,linear_svm,265,341,1,300,1,1.0,0.0,0.0,1.0,1.0,1.0,0.0,1,0,0,0,1.0,,1.0,,,2.720426711995969,0.0082452269998611,0.0003364510048413
b_efficientnetb3_pca_300_linear_svm,B,linear_svm,266,341,1,300,1,1.0,0.0,0.0,1.0,1.0,1.0,0.0,1,0,0,0,1.0,,1.0,,,2.712794892999227,0.0073416140003246,0.0002927079985965
b_efficientnetb3_pca_300_linear_svm,B,linear_svm,267,341,1,300,1,1.0,0.0,0.0,1.0,1.0,1.0,0.0,1,0,0,0,1.0,,1.0,,,2.751095056002669,0.0060675330023514,0.0002892319971579
b_efficientnetb3_pca_300_linear_svm,B,linear_svm,268,341,1,300,1,1.0,0.0,0.0,1.0,1.0,1.0,0.0,1,0,0,0,1.0,,1.0,,,2.693922562000808,0.0063432000024477,0.0003009540014318
b_efficientnetb3_pca_300_linear_svm,B,linear_svm,269,341,1,300,1,0.0,0.0,0.0,0.0,0.0,0.0,0.0,0,1,0,0,0.0,,,0.0,,2.721942966003553,0.0059944339955109,0.0002922769999713
b_efficientnetb3_pca_300_linear_svm,B,linear_svm,270,341,1,300,1,1.0,0.0,0.0,1.0,1.0,1.0,0.0,1,0,0,0,1.0,,1.0,,,2.7084591149978223,0.006081819999963,0.0002856149949366
b_efficientnetb3_pca_300_linear_svm,B,linear_svm,271,341,1,300,1,1.0,0.0,0.0,1.0,1.0,1.0,0.0,1,0,0,0,1.0,,1.0,,,2.718508201003715,0.0062947459955466,0.0002999120042659
b_efficientnetb3_pca_300_linear_svm,B,linear_svm,272,341,1,300,1,1.0,0.0,0.0,1.0,1.0,1.0,0.0,1,0,0,0,1.0,,1.0,,,2.7274348460050533,0.006671955998172,0.0003101119946222
b_efficientnetb3_pca_300_linear_svm,B,linear_svm,273,341,1,300,1,1.0,0.0,0.0,1.0,1.0,1.0,0.0,1,0,0,0,1.0,,1.0,,,2.72410715699516,0.0059026189992437,0.000282087996311
b_efficientnetb3_pca_300_linear_svm,B,linear_svm,274,341,1,300,1,1.0,0.0,0.0,1.0,1.0,1.0,0.0,1,0,0,0,1.0,,1.0,,,2.711722533000284,0.0060007359934388,0.0003007630002684
b_efficientnetb3_pca_300_linear_svm,B,linear_svm,275,341,1,300,1,1.0,0.0,0.0,1.0,1.0,1.0,0.0,1,0,0,0,1.0,,1.0,,,2.7010683990010875,0.0060448500007623,0.0002833909966284
b_efficientnetb3_pca_300_linear_svm,B,linear_svm,276,341,1,300,1,1.0,0.0,0.0,1.0,1.0,1.0,0.0,1,0,0,0,1.0,,1.0,,,2.726179283003148,0.0064103769982466,0.000293529999908
b_efficientnetb3_pca_300_linear_svm,B,linear_svm,277,341,1,300,1,1.0,0.0,0.0,1.0,1.0,1.0,0.0,1,0,0,0,1.0,,1.0,,,2.696480864993646,0.0064084530022228,0.0002940810009022
b_efficientnetb3_pca_300_linear_svm,B,linear_svm,278,341,1,300,1,1.0,0.0,0.0,1.0,1.0,1.0,0.0,1,0,0,0,1.0,,1.0,,,2.681643923002412,0.0063546409946866,0.0002983689992106
b_efficientnetb3_pca_300_linear_svm,B,linear_svm,279,341,1,300,1,1.0,0.0,0.0,1.0,1.0,1.0,0.0,1,0,0,0,1.0,,1.0,,,2.671792631001153,0.0062717030014027,0.0002979690034408
b_efficientnetb3_pca_300_linear_svm,B,linear_svm,280,341,1,300,1,1.0,0.0,0.0,1.0,1.0,1.0,0.0,1,0,0,0,1.0,,1.0,,,2.655377830000361,0.0063591790021746,0.0002880690008169
b_efficientnetb3_pca_300_linear_svm,B,linear_svm,281,341,1,300,1,1.0,0.0,0.0,1.0,1.0,1.0,0.0,1,0,0,0,1.0,,1.0,,,2.658376858002157,0.0063762420031707,0.0002914350043283
b_efficientnetb3_pca_300_linear_svm,B,linear_svm,282,341,1,300,1,1.0,0.0,0.0,1.0,1.0,1.0,0.0,1,0,0,0,1.0,,1.0,,,2.680207655997947,0.0063834960019448,0.0002960949932457
b_efficientnetb3_pca_300_linear_svm,B,linear_svm,283,341,1,300,1,1.0,0.0,0.0,1.0,1.0,1.0,0.0,1,0,0,0,1.0,,1.0,,,2.666773600001761,0.0061025600007269,0.0002814859981299
b_efficientnetb3_pca_300_linear_svm,B,linear_svm,284,341,1,300,1,1.0,0.0,0.0,1.0,1.0,1.0,0.0,1,0,0,0,1.0,,1.0,,,2.676373258997046,0.005830912006786,0.0002608479990158
b_efficientnetb3_pca_300_linear_svm,B,linear_svm,285,341,1,300,1,1.0,0.0,0.0,1.0,1.0,1.0,0.0,1,0,0,0,1.0,,1.0,,,2.652177365998796,0.0059817690053023,0.0002590540025266
b_efficientnetb3_pca_300_linear_svm,B,linear_svm,286,341,1,300,1,1.0,0.0,0.0,1.0,1.0,1.0,0.0,1,0,0,0,1.0,,1.0,,,2.6669327589988825,0.0082625299983192,0.0003527430017129
b_efficientnetb3_pca_300_linear_svm,B,linear_svm,287,341,1,300,1,0.0,0.0,0.0,0.0,0.0,0.0,0.0,0,1,0,0,0.0,,,0.0,,2.6847353330012997,0.0059774020046461,0.0002682119957171
b_efficientnetb3_pca_300_linear_svm,B,linear_svm,288,341,1,300,1,1.0,0.0,0.0,1.0,1.0,1.0,0.0,1,0,0,0,1.0,,1.0,,,2.688366116999532,0.0060917099981452,0.0002635630007716
b_efficientnetb3_pca_300_linear_svm,B,linear_svm,289,341,1,300,1,1.0,0.0,0.0,1.0,1.0,1.0,0.0,1,0,0,0,1.0,,1.0,,,2.686104180997063,0.0060036110007786,0.0002836509956978
b_efficientnetb3_pca_300_linear_svm,B,linear_svm,290,341,1,300,1,1.0,0.0,0.0,1.0,1.0,1.0,0.0,1,0,0,0,1.0,,1.0,,,2.6595302919959067,0.0059420940015115,0.0002898129969253
b_efficientnetb3_pca_300_linear_svm,B,linear_svm,291,341,1,300,1,1.0,0.0,0.0,1.0,1.0,1.0,0.0,1,0,0,0,1.0,,1.0,,,2.6863290469991625,0.0062507820039172,0.000292406999506
b_efficientnetb3_pca_300_linear_svm,B,linear_svm,292,341,1,300,1,1.0,0.0,0.0,1.0,1.0,1.0,0.0,1,0,0,0,1.0,,1.0,,,2.6762145119937486,0.0062811200041323,0.0002962450016639
b_efficientnetb3_pca_300_linear_svm,B,linear_svm,293,341,1,300,1,1.0,0.0,0.0,1.0,1.0,1.0,0.0,1,0,0,0,1.0,,1.0,,,2.6691213520025485,0.0067379120009718,0.0003002529992954
b_efficientnetb3_pca_300_linear_svm,B,linear_svm,294,341,1,300,1,0.0,0.0,0.0,0.0,0.0,0.0,0.0,0,1,0,0,0.0,,,0.0,,2.658162727006129,0.0063253449989133,0.0002917370002251
b_efficientnetb3_pca_300_linear_svm,B,linear_svm,295,341,1,300,1,0.0,0.0,0.0,0.0,0.0,0.0,0.0,0,1,0,0,0.0,,,0.0,,2.706306995001796,0.0068135969995637,0.0002955629970529
b_efficientnetb3_pca_300_linear_svm,B,linear_svm,296,341,1,300,1,1.0,0.0,0.0,1.0,1.0,1.0,0.0,1,0,0,0,1.0,,1.0,,,2.679140036001627,0.0067507459971238,0.0003033680040971
b_efficientnetb3_pca_300_linear_svm,B,linear_svm,297,341,1,300,1,1.0,0.0,0.0,1.0,1.0,1.0,0.0,1,0,0,0,1.0,,1.0,,,2.687096030000248,0.0060438680011429,0.0002881300024455
b_efficientnetb3_pca_300_linear_svm,B,linear_svm,298,341,1,300,1,0.0,0.0,0.0,0.0,0.0,0.0,0.0,0,1,0,0,0.0,,,0.0,,2.723010550995241,0.0064217890030704,0.0002891420008381
b_efficientnetb3_pca_300_linear_svm,B,linear_svm,299,341,1,300,1,1.0,0.0,0.0,1.0,1.0,1.0,0.0,1,0,0,0,1.0,,1.0,,,2.740019301003485,0.0060446799980127,0.0002812870006891
b_efficientnetb3_pca_300_linear_svm,B,linear_svm,300,341,1,300,1,1.0,0.0,0.0,1.0,1.0,1.0,0.0,1,0,0,0,1.0,,1.0,,,2.709920640001656,0.0061450409993994,0.000317897000059
b_efficientnetb3_pca_300_linear_svm,B,linear_svm,301,341,1,300,1,1.0,0.0,0.0,1.0,1.0,1.0,0.0,1,0,0,0,1.0,,1.0,,,2.7599174909992144,0.0060772220022045,0.00028092499997
b_efficientnetb3_pca_300_linear_svm,B,linear_svm,302,341,1,300,1,1.0,0.0,0.0,1.0,1.0,1.0,0.0,1,0,0,0,1.0,,1.0,,,2.730244311998831,0.0061357640006463,0.0002892310003517
b_efficientnetb3_pca_300_linear_svm,B,linear_svm,303,341,1,300,1,1.0,0.0,0.0,1.0,1.0,1.0,0.0,1,0,0,0,1.0,,1.0,,,2.7361004400008824,0.0061021389992674,0.0002856649953173
b_efficientnetb3_pca_300_linear_svm,B,linear_svm,304,341,1,300,1,1.0,0.0,0.0,1.0,1.0,1.0,0.0,1,0,0,0,1.0,,1.0,,,2.7060356630026945,0.0062023700011195,0.0002859450032701
b_efficientnetb3_pca_300_linear_svm,B,linear_svm,305,341,1,300,1,1.0,0.0,0.0,1.0,1.0,1.0,0.0,1,0,0,0,1.0,,1.0,,,2.718291387995123,0.0064694489992689,0.0002900530016631
b_efficientnetb3_pca_300_linear_svm,B,linear_svm,306,341,1,300,1,1.0,0.0,0.0,1.0,1.0,1.0,0.0,1,0,0,0,1.0,,1.0,,,2.7463602450006874,0.0059714300004998,0.000291856995318
b_efficientnetb3_pca_300_linear_svm,B,linear_svm,307,341,1,300,1,1.0,0.0,0.0,1.0,1.0,1.0,0.0,1,0,0,0,1.0,,1.0,,,2.722002513000916,0.007022263998806,0.0003157920000376
b_efficientnetb3_pca_300_linear_svm,B,linear_svm,308,341,1,300,1,1.0,0.0,0.0,1.0,1.0,1.0,0.0,1,0,0,0,1.0,,1.0,,,2.7164658309993683,0.0060138000044389,0.0002909850009018
b_efficientnetb3_pca_300_linear_svm,B,linear_svm,309,341,1,300,1,1.0,0.0,0.0,1.0,1.0,1.0,0.0,1,0,0,0,1.0,,1.0,,,2.7069495579999057,0.0061582470007124,0.0002930390037363
b_efficientnetb3_pca_300_linear_svm,B,linear_svm,310,341,1,300,1,1.0,0.0,0.0,1.0,1.0,1.0,0.0,1,0,0,0,1.0,,1.0,,,2.6483308779934305,0.0063090339972404,0.0002930690025095
b_efficientnetb3_pca_300_linear_svm,B,linear_svm,311,341,1,300,1,1.0,0.0,0.0,1.0,1.0,1.0,0.0,1,0,0,0,1.0,,1.0,,,2.683055850000528,0.0062919320043874,0.0002966059983009
b_efficientnetb3_pca_300_linear_svm,B,linear_svm,312,341,1,300,1,1.0,0.0,0.0,1.0,1.0,1.0,0.0,1,0,0,0,1.0,,1.0,,,2.653846285000327,0.0063052469995454,0.0002971669964608
b_efficientnetb3_pca_300_linear_svm,B,linear_svm,313,341,1,300,1,1.0,0.0,0.0,1.0,1.0,1.0,0.0,1,0,0,0,1.0,,1.0,,,2.683607118000509,0.0063824739991105,0.0003001320001203
b_efficientnetb3_pca_300_linear_svm,B,linear_svm,314,341,1,300,1,0.0,0.0,0.0,0.0,0.0,0.0,0.0,0,1,0,0,0.0,,,0.0,,2.671886240997992,0.0062511630021617,0.0002938700054073
b_efficientnetb3_pca_300_linear_svm,B,linear_svm,315,341,1,300,1,1.0,0.0,0.0,1.0,1.0,1.0,0.0,1,0,0,0,1.0,,1.0,,,2.661944036000932,0.0062339110008906,0.0002893519995268
b_efficientnetb3_pca_300_linear_svm,B,linear_svm,316,341,1,300,1,1.0,0.0,0.0,1.0,1.0,1.0,0.0,1,0,0,0,1.0,,1.0,,,2.662796911004989,0.0063516650043311,0.0003020970034413
b_efficientnetb3_pca_300_linear_svm,B,linear_svm,317,341,1,300,1,1.0,0.0,0.0,1.0,1.0,1.0,0.0,1,0,0,0,1.0,,1.0,,,2.677340460002597,0.0060679130037897,0.0002852039979188
b_efficientnetb3_pca_300_linear_svm,B,linear_svm,318,341,1,300,1,1.0,0.0,0.0,1.0,1.0,1.0,0.0,1,0,0,0,1.0,,1.0,,,2.6997445020024315,0.0071287180035142,0.0002933400028268
b_efficientnetb3_pca_300_linear_svm,B,linear_svm,319,341,1,300,1,1.0,0.0,0.0,1.0,1.0,1.0,0.0,1,0,0,0,1.0,,1.0,,,2.6698126480041537,0.0063863510004011,0.0002914659999078
b_efficientnetb3_pca_300_linear_svm,B,linear_svm,320,341,1,300,1,0.0,0.0,0.0,0.0,0.0,0.0,0.0,0,1,0,0,0.0,,,0.0,,2.661305982001068,0.0059863779970328,0.0002921170016634
b_efficientnetb3_pca_300_linear_svm,B,linear_svm,321,341,1,300,1,1.0,0.0,0.0,1.0,1.0,1.0,0.0,1,0,0,0,1.0,,1.0,,,2.6830937979975715,0.0059552289967541,0.0002920170009019
b_efficientnetb3_pca_300_linear_svm,B,linear_svm,322,341,1,300,1,1.0,0.0,0.0,1.0,1.0,1.0,0.0,1,0,0,0,1.0,,1.0,,,2.6470946129993536,0.0059808079968206,0.0002824180046445
b_efficientnetb3_pca_300_linear_svm,B,linear_svm,323,341,1,300,1,1.0,0.0,0.0,1.0,1.0,1.0,0.0,1,0,0,0,1.0,,1.0,,,2.6821317709982395,0.0060303520003799,0.0002820380032062
b_efficientnetb3_pca_300_linear_svm,B,linear_svm,324,341,1,300,1,1.0,0.0,0.0,1.0,1.0,1.0,0.0,1,0,0,0,1.0,,1.0,,,2.6686893199948827,0.0059934220043942,0.0002931589988293
b_efficientnetb3_pca_300_linear_svm,B,linear_svm,325,341,1,300,1,1.0,0.0,0.0,1.0,1.0,1.0,0.0,1,0,0,0,1.0,,1.0,,,2.6625633030052995,0.006280098001298,0.0003001229997607
b_efficientnetb3_pca_300_linear_svm,B,linear_svm,326,341,1,300,1,1.0,0.0,0.0,1.0,1.0,1.0,0.0,1,0,0,0,1.0,,1.0,,,2.658376576000592,0.0060375059983925,0.0003004830068675
b_efficientnetb3_pca_300_linear_svm,B,linear_svm,327,341,1,300,1,1.0,0.0,0.0,1.0,1.0,1.0,0.0,1,0,0,0,1.0,,1.0,,,2.6879854799990426,0.0060016170027665,0.0002798530040308
b_efficientnetb3_pca_300_linear_svm,B,linear_svm,328,341,1,300,1,1.0,0.0,0.0,1.0,1.0,1.0,0.0,1,0,0,0,1.0,,1.0,,,2.6946610209997743,0.0061252730010892,0.0002882699991459
b_efficientnetb3_pca_300_linear_svm,B,linear_svm,329,341,1,300,1,1.0,0.0,0.0,1.0,1.0,1.0,0.0,1,0,0,0,1.0,,1.0,,,2.660688370997377,0.0060882120014866,0.0002866770009859
b_efficientnetb3_pca_300_linear_svm,B,linear_svm,330,341,1,300,1,1.0,0.0,0.0,1.0,1.0,1.0,0.0,1,0,0,0,1.0,,1.0,,,2.693200451998564,0.006102359999204,0.000289743002213
b_efficientnetb3_pca_300_linear_svm,B,linear_svm,331,341,1,300,1,1.0,0.0,0.0,1.0,1.0,1.0,0.0,1,0,0,0,1.0,,1.0,,,2.670109268001397,0.0060614409958361,0.0002763670054264
b_efficientnetb3_pca_300_linear_svm,B,linear_svm,332,341,1,300,1,1.0,0.0,0.0,1.0,1.0,1.0,0.0,1,0,0,0,1.0,,1.0,,,2.668849843998032,0.0060701679976773,0.0002740620038821
b_efficientnetb3_pca_300_linear_svm,B,linear_svm,333,341,1,300,1,0.0,0.0,0.0,0.0,0.0,0.0,0.0,0,1,0,0,0.0,,,0.0,,2.657255348000035,0.0059715600000345,0.0002792029990814
b_efficientnetb3_pca_300_linear_svm,B,linear_svm,334,341,1,300,1,1.0,0.0,0.0,1.0,1.0,1.0,0.0,1,0,0,0,1.0,,1.0,,,2.683521175000351,0.0060050530009903,0.0002963250008178
b_efficientnetb3_pca_300_linear_svm,B,linear_svm,335,341,1,300,1,1.0,0.0,0.0,1.0,1.0,1.0,0.0,1,0,0,0,1.0,,1.0,,,2.65223257499747,0.0060400299989851,0.0002809760044328
b_efficientnetb3_pca_300_linear_svm,B,linear_svm,336,341,1,300,1,0.0,0.0,0.0,0.0,0.0,0.0,0.0,0,1,0,0,0.0,,,0.0,,2.6657977680006297,0.0059845349969691,0.0002887310038204
b_efficientnetb3_pca_300_linear_svm,B,linear_svm,337,341,1,300,1,1.0,0.0,0.0,1.0,1.0,1.0,0.0,1,0,0,0,1.0,,1.0,,,2.682682291000674,0.0059638249949784,0.0002882390035665
b_efficientnetb3_pca_300_linear_svm,B,linear_svm,338,341,1,300,1,1.0,0.0,0.0,1.0,1.0,1.0,0.0,1,0,0,0,1.0,,1.0,,,2.700053623004351,0.0061176279996288,0.0003201809959136
b_efficientnetb3_pca_300_linear_svm,B,linear_svm,339,341,1,300,1,1.0,0.0,0.0,1.0,1.0,1.0,0.0,1,0,0,0,1.0,,1.0,,,2.6733119749987964,0.0061067770002409,0.0002868469964596
b_efficientnetb3_pca_300_linear_svm,B,linear_svm,340,341,1,300,1,1.0,0.0,0.0,1.0,1.0,1.0,0.0,1,0,0,0,1.0,,1.0,,,2.6833433069987223,0.0060466229988378,0.000284082001599
b_efficientnetb3_pca_300_linear_svm,B,linear_svm,341,341,1,300,1,1.0,0.0,0.0,1.0,1.0,1.0,0.0,1,0,0,0,1.0,,1.0,,,2.686222448995977,0.0060604690006584,0.0002847930009011
b_efficientnetb3_pca_300_linear_svm,B,linear_svm,342,341,1,300,1,1.0,0.0,0.0,1.0,1.0,1.0,0.0,1,0,0,0,1.0,,1.0,,,2.6570096770010423,0.006103281994001,0.0002965759995277
c_mobilenet_resnet50_pca_300_linear_svm,C,linear_svm,1,341,1,300,1,0.0,0.0,0.0,0.0,0.0,0.0,0.0,0,0,1,0,,0.0,0.0,,,2.6206831079980475,0.006469970998296,0.0002916660014307
c_mobilenet_resnet50_pca_300_linear_svm,C,linear_svm,2,341,1,300,1,1.0,1.0,1.0,0.0,1.0,1.0,0.0,0,0,0,1,,1.0,,1.0,,2.5754670430033,0.0063546709934598,0.0002898420061683
c_mobilenet_resnet50_pca_300_linear_svm,C,linear_svm,3,341,1,300,1,1.0,1.0,1.0,0.0,1.0,1.0,0.0,0,0,0,1,,1.0,,1.0,,2.642722010998113,0.0064011400027084,0.0002904240027419
c_mobilenet_resnet50_pca_300_linear_svm,C,linear_svm,4,341,1,300,1,1.0,1.0,1.0,0.0,1.0,1.0,0.0,0,0,0,1,,1.0,,1.0,,2.6211706540052546,0.0065425790016888,0.0002990710054291
c_mobilenet_resnet50_pca_300_linear_svm,C,linear_svm,5,341,1,300,1,0.0,0.0,0.0,0.0,0.0,0.0,0.0,0,0,1,0,,0.0,0.0,,,2.636652111999865,0.0064665440004318,0.0002923979991464
c_mobilenet_resnet50_pca_300_linear_svm,C,linear_svm,6,341,1,300,1,1.0,1.0,1.0,0.0,1.0,1.0,0.0,0,0,0,1,,1.0,,1.0,,2.650604382994061,0.006274598003074,0.0002870579992304
c_mobilenet_resnet50_pca_300_linear_svm,C,linear_svm,7,341,1,300,1,1.0,1.0,1.0,0.0,1.0,1.0,0.0,0,0,0,1,,1.0,,1.0,,2.634329879998404,0.0067022739967796,0.0003001930017489
c_mobilenet_resnet50_pca_300_linear_svm,C,linear_svm,8,341,1,300,1,1.0,1.0,1.0,0.0,1.0,1.0,0.0,0,0,0,1,,1.0,,1.0,,2.657487497999682,0.0072284970010514,0.0003022860037162
c_mobilenet_resnet50_pca_300_linear_svm,C,linear_svm,9,341,1,300,1,1.0,1.0,1.0,0.0,1.0,1.0,0.0,0,0,0,1,,1.0,,1.0,,2.6292636840007617,0.0070215329978964,0.0003028179999091
c_mobilenet_resnet50_pca_300_linear_svm,C,linear_svm,10,341,1,300,1,1.0,1.0,1.0,0.0,1.0,1.0,0.0,0,0,0,1,,1.0,,1.0,,2.6417742549965624,0.007410082995193,0.0003100209942203
c_mobilenet_resnet50_pca_300_linear_svm,C,linear_svm,11,341,1,300,1,1.0,1.0,1.0,0.0,1.0,1.0,0.0,0,0,0,1,,1.0,,1.0,,2.598247672998696,0.0077645400015171,0.0002882499975385
c_mobilenet_resnet50_pca_300_linear_svm,C,linear_svm,12,341,1,300,1,1.0,1.0,1.0,0.0,1.0,1.0,0.0,0,0,0,1,,1.0,,1.0,,2.6423590580016025,0.0065494630034663,0.0002871079996111
c_mobilenet_resnet50_pca_300_linear_svm,C,linear_svm,13,341,1,300,1,1.0,1.0,1.0,0.0,1.0,1.0,0.0,0,0,0,1,,1.0,,1.0,,2.615481902997999,0.0074083109939238,0.0003042099997401
c_mobilenet_resnet50_pca_300_linear_svm,C,linear_svm,14,341,1,300,1,1.0,1.0,1.0,0.0,1.0,1.0,0.0,0,0,0,1,,1.0,,1.0,,2.664058884998667,0.0091125809994991,0.0003471419986453
c_mobilenet_resnet50_pca_300_linear_svm,C,linear_svm,15,341,1,300,1,1.0,1.0,1.0,0.0,1.0,1.0,0.0,0,0,0,1,,1.0,,1.0,,2.64650845000142,0.0080316289968322,0.0002955329982796
c_mobilenet_resnet50_pca_300_linear_svm,C,linear_svm,16,341,1,300,1,1.0,1.0,1.0,0.0,1.0,1.0,0.0,0,0,0,1,,1.0,,1.0,,2.659829176001949,0.0066076229995815,0.0003038290014956
c_mobilenet_resnet50_pca_300_linear_svm,C,linear_svm,17,341,1,300,1,1.0,1.0,1.0,0.0,1.0,1.0,0.0,0,0,0,1,,1.0,,1.0,,2.648682313003519,0.0063804789970163,0.0003023060053237
c_mobilenet_resnet50_pca_300_linear_svm,C,linear_svm,18,341,1,300,1,1.0,1.0,1.0,0.0,1.0,1.0,0.0,0,0,0,1,,1.0,,1.0,,2.6240029589971527,0.0066267299989704,0.0002916469966294
c_mobilenet_resnet50_pca_300_linear_svm,C,linear_svm,19,341,1,300,1,1.0,1.0,1.0,0.0,1.0,1.0,0.0,0,0,0,1,,1.0,,1.0,,2.644359575002454,0.006574870996701,0.0002972069996758
c_mobilenet_resnet50_pca_300_linear_svm,C,linear_svm,20,341,1,300,1,1.0,1.0,1.0,0.0,1.0,1.0,0.0,0,0,0,1,,1.0,,1.0,,2.651154585000768,0.0065870029939105,0.0002865459973691
c_mobilenet_resnet50_pca_300_linear_svm,C,linear_svm,21,341,1,300,1,1.0,1.0,1.0,0.0,1.0,1.0,0.0,0,0,0,1,,1.0,,1.0,,2.6425362160007357,0.0065871640035766,0.0002906040026573
c_mobilenet_resnet50_pca_300_linear_svm,C,linear_svm,22,341,1,300,1,1.0,1.0,1.0,0.0,1.0,1.0,0.0,0,0,0,1,,1.0,,1.0,,2.6150867989999824,0.0078035040060058,0.0003011139997397
c_mobilenet_resnet50_pca_300_linear_svm,C,linear_svm,23,341,1,300,1,1.0,1.0,1.0,0.0,1.0,1.0,0.0,0,0,0,1,,1.0,,1.0,,2.640693077999458,0.0064780559987411,0.0002981489960802
c_mobilenet_resnet50_pca_300_linear_svm,C,linear_svm,24,341,1,300,1,1.0,1.0,1.0,0.0,1.0,1.0,0.0,0,0,0,1,,1.0,,1.0,,2.624704510999436,0.0066876049968414,0.0002970260029542
c_mobilenet_resnet50_pca_300_linear_svm,C,linear_svm,25,341,1,300,1,1.0,1.0,1.0,0.0,1.0,1.0,0.0,0,0,0,1,,1.0,,1.0,,2.619994776003296,0.0066028739965986,0.0003024469988304
c_mobilenet_resnet50_pca_300_linear_svm,C,linear_svm,26,341,1,300,1,1.0,1.0,1.0,0.0,1.0,1.0,0.0,0,0,0,1,,1.0,,1.0,,2.632026234001387,0.0065374599944334,0.0002914859942393
c_mobilenet_resnet50_pca_300_linear_svm,C,linear_svm,27,341,1,300,1,1.0,1.0,1.0,0.0,1.0,1.0,0.0,0,0,0,1,,1.0,,1.0,,2.6225732320017414,0.0078892170058679,0.0002931389972218
c_mobilenet_resnet50_pca_300_linear_svm,C,linear_svm,28,341,1,300,1,1.0,1.0,1.0,0.0,1.0,1.0,0.0,0,0,0,1,,1.0,,1.0,,2.6414352690044325,0.0066629080029088,0.0003012950037373
c_mobilenet_resnet50_pca_300_linear_svm,C,linear_svm,29,341,1,300,1,1.0,1.0,1.0,0.0,1.0,1.0,0.0,0,0,0,1,,1.0,,1.0,,2.638888348999899,0.0063494109999737,0.000292768003419
c_mobilenet_resnet50_pca_300_linear_svm,C,linear_svm,30,341,1,300,1,1.0,1.0,1.0,0.0,1.0,1.0,0.0,0,0,0,1,,1.0,,1.0,,2.6465230899993912,0.0063371969954459,0.000294921999739
c_mobilenet_resnet50_pca_300_linear_svm,C,linear_svm,31,341,1,300,1,1.0,1.0,1.0,0.0,1.0,1.0,0.0,0,0,0,1,,1.0,,1.0,,2.625747482998122,0.0065432400006102,0.0003072559993597
c_mobilenet_resnet50_pca_300_linear_svm,C,linear_svm,32,341,1,300,1,1.0,1.0,1.0,0.0,1.0,1.0,0.0,0,0,0,1,,1.0,,1.0,,2.6158147269961773,0.0077715429943054,0.0002966660031233
c_mobilenet_resnet50_pca_300_linear_svm,C,linear_svm,33,341,1,300,1,1.0,1.0,1.0,0.0,1.0,1.0,0.0,0,0,0,1,,1.0,,1.0,,2.6500899610036868,0.0065944980015046,0.0002911660048994
c_mobilenet_resnet50_pca_300_linear_svm,C,linear_svm,34,341,1,300,1,1.0,1.0,1.0,0.0,1.0,1.0,0.0,0,0,0,1,,1.0,,1.0,,2.603155668999534,0.0065800000011222,0.0002980580029543
c_mobilenet_resnet50_pca_300_linear_svm,C,linear_svm,35,341,1,300,1,1.0,1.0,1.0,0.0,1.0,1.0,0.0,0,0,0,1,,1.0,,1.0,,2.627411934001429,0.0079608040032326,0.0002890410032705
c_mobilenet_resnet50_pca_300_linear_svm,C,linear_svm,36,341,1,300,1,1.0,1.0,1.0,0.0,1.0,1.0,0.0,0,0,0,1,,1.0,,1.0,,2.6177324000018416,0.0065478690012241,0.0003054229964618
c_mobilenet_resnet50_pca_300_linear_svm,C,linear_svm,37,341,1,300,1,1.0,1.0,1.0,0.0,1.0,1.0,0.0,0,0,0,1,,1.0,,1.0,,2.632221564999781,0.0069522699996014,0.000298147999274
c_mobilenet_resnet50_pca_300_linear_svm,C,linear_svm,38,341,1,300,1,1.0,1.0,1.0,0.0,1.0,1.0,0.0,0,0,0,1,,1.0,,1.0,,2.617862655999488,0.0062621440010843,0.0002914459983003
c_mobilenet_resnet50_pca_300_linear_svm,C,linear_svm,39,341,1,300,1,1.0,1.0,1.0,0.0,1.0,1.0,0.0,0,0,0,1,,1.0,,1.0,,2.631145610997919,0.0065274299995508,0.0002930990012828
c_mobilenet_resnet50_pca_300_linear_svm,C,linear_svm,40,341,1,300,1,1.0,1.0,1.0,0.0,1.0,1.0,0.0,0,0,0,1,,1.0,,1.0,,2.624044755997602,0.0064328599983127,0.0002950429989141
c_mobilenet_resnet50_pca_300_linear_svm,C,linear_svm,41,341,1,300,1,1.0,1.0,1.0,0.0,1.0,1.0,0.0,0,0,0,1,,1.0,,1.0,,2.666722415997356,0.0064823940047062,0.0004295699982321
c_mobilenet_resnet50_pca_300_linear_svm,C,linear_svm,42,341,1,300,1,1.0,1.0,1.0,0.0,1.0,1.0,0.0,0,0,0,1,,1.0,,1.0,,2.6515799530025106,0.0064338919983129,0.0004182679986115
c_mobilenet_resnet50_pca_300_linear_svm,C,linear_svm,43,341,1,300,1,1.0,1.0,1.0,0.0,1.0,1.0,0.0,0,0,0,1,,1.0,,1.0,,2.6544964339991566,0.0076801479954156,0.0003012240049429
c_mobilenet_resnet50_pca_300_linear_svm,C,linear_svm,44,341,1,300,1,1.0,1.0,1.0,0.0,1.0,1.0,0.0,0,0,0,1,,1.0,,1.0,,2.6510389390023192,0.0078204960009315,0.0003047409991268
c_mobilenet_resnet50_pca_300_linear_svm,C,linear_svm,45,341,1,300,1,1.0,1.0,1.0,0.0,1.0,1.0,0.0,0,0,0,1,,1.0,,1.0,,2.664118355998653,0.0066593609953997,0.0003056229979847
c_mobilenet_resnet50_pca_300_linear_svm,C,linear_svm,46,341,1,300,1,1.0,1.0,1.0,0.0,1.0,1.0,0.0,0,0,0,1,,1.0,,1.0,,2.6624595600005705,0.0064791980039444,0.000304730994685
c_mobilenet_resnet50_pca_300_linear_svm,C,linear_svm,47,341,1,300,1,1.0,1.0,1.0,0.0,1.0,1.0,0.0,0,0,0,1,,1.0,,1.0,,2.636192309000762,0.0063236109999706,0.00028164700052
c_mobilenet_resnet50_pca_300_linear_svm,C,linear_svm,48,341,1,300,1,1.0,1.0,1.0,0.0,1.0,1.0,0.0,0,0,0,1,,1.0,,1.0,,2.610880599997472,0.006339471998217,0.0002971670037368
c_mobilenet_resnet50_pca_300_linear_svm,C,linear_svm,49,341,1,300,1,1.0,1.0,1.0,0.0,1.0,1.0,0.0,0,0,0,1,,1.0,,1.0,,2.633088666996628,0.0065474179937154,0.0002884499990614
c_mobilenet_resnet50_pca_300_linear_svm,C,linear_svm,50,341,1,300,1,1.0,1.0,1.0,0.0,1.0,1.0,0.0,0,0,0,1,,1.0,,1.0,,2.626416970997525,0.006438259006245,0.000290694006253
c_mobilenet_resnet50_pca_300_linear_svm,C,linear_svm,51,341,1,300,1,1.0,1.0,1.0,0.0,1.0,1.0,0.0,0,0,0,1,,1.0,,1.0,,2.653976084999158,0.0065937070030486,0.0003003730016644
c_mobilenet_resnet50_pca_300_linear_svm,C,linear_svm,52,341,1,300,1,0.0,0.0,0.0,0.0,0.0,0.0,0.0,0,0,1,0,,0.0,0.0,,,2.643960970999615,0.0064113890039152,0.0002862260007532
c_mobilenet_resnet50_pca_300_linear_svm,C,linear_svm,53,341,1,300,1,1.0,1.0,1.0,0.0,1.0,1.0,0.0,0,0,0,1,,1.0,,1.0,,2.6329002429993125,0.0065756320036598,0.0002892019983846
c_mobilenet_resnet50_pca_300_linear_svm,C,linear_svm,54,341,1,300,1,1.0,1.0,1.0,0.0,1.0,1.0,0.0,0,0,0,1,,1.0,,1.0,,2.638949541003967,0.0079409060053876,0.000291937001748
c_mobilenet_resnet50_pca_300_linear_svm,C,linear_svm,55,341,1,300,1,1.0,1.0,1.0,0.0,1.0,1.0,0.0,0,0,0,1,,1.0,,1.0,,2.6364062079956057,0.0065203769991057,0.0003086189972236
c_mobilenet_resnet50_pca_300_linear_svm,C,linear_svm,56,341,1,300,1,1.0,1.0,1.0,0.0,1.0,1.0,0.0,0,0,0,1,,1.0,,1.0,,2.618911549994664,0.006564220006112,0.0002876889993785
c_mobilenet_resnet50_pca_300_linear_svm,C,linear_svm,57,341,1,300,1,1.0,1.0,1.0,0.0,1.0,1.0,0.0,0,0,0,1,,1.0,,1.0,,2.644105851999484,0.0076411750051192,0.0002892720003728
c_mobilenet_resnet50_pca_300_linear_svm,C,linear_svm,58,341,1,300,1,1.0,1.0,1.0,0.0,1.0,1.0,0.0,0,0,0,1,,1.0,,1.0,,2.609289744999842,0.0063793769950279,0.0003072760009672
c_mobilenet_resnet50_pca_300_linear_svm,C,linear_svm,59,341,1,300,1,1.0,1.0,1.0,0.0,1.0,1.0,0.0,0,0,0,1,,1.0,,1.0,,2.640905956999632,0.006712021997373,0.0002961450009024
c_mobilenet_resnet50_pca_300_linear_svm,C,linear_svm,60,341,1,300,1,1.0,1.0,1.0,0.0,1.0,1.0,0.0,0,0,0,1,,1.0,,1.0,,2.61839924800006,0.0066367990002618,0.0002923680003732
c_mobilenet_resnet50_pca_300_linear_svm,C,linear_svm,61,341,1,300,1,1.0,1.0,1.0,0.0,1.0,1.0,0.0,0,0,0,1,,1.0,,1.0,,2.6595947809983045,0.0076088929999968,0.0003128770040348
c_mobilenet_resnet50_pca_300_linear_svm,C,linear_svm,62,341,1,300,1,1.0,1.0,1.0,0.0,1.0,1.0,0.0,0,0,0,1,,1.0,,1.0,,2.666602637000324,0.0066872350071207,0.0002946020031231
c_mobilenet_resnet50_pca_300_linear_svm,C,linear_svm,63,341,1,300,1,1.0,1.0,1.0,0.0,1.0,1.0,0.0,0,0,0,1,,1.0,,1.0,,2.6298326430041925,0.0062854589996277,0.0002863769987015
c_mobilenet_resnet50_pca_300_linear_svm,C,linear_svm,64,341,1,300,1,1.0,1.0,1.0,0.0,1.0,1.0,0.0,0,0,0,1,,1.0,,1.0,,2.61492612100119,0.0064167090022237,0.0003043609976884
c_mobilenet_resnet50_pca_300_linear_svm,C,linear_svm,65,341,1,300,1,1.0,1.0,1.0,0.0,1.0,1.0,0.0,0,0,0,1,,1.0,,1.0,,2.6390048260000185,0.006644683999184,0.0002887809969251
c_mobilenet_resnet50_pca_300_linear_svm,C,linear_svm,66,341,1,300,1,1.0,1.0,1.0,0.0,1.0,1.0,0.0,0,0,0,1,,1.0,,1.0,,2.6288246480035014,0.0066504849964985,0.0002980089993798
c_mobilenet_resnet50_pca_300_linear_svm,C,linear_svm,67,341,1,300,1,1.0,1.0,1.0,0.0,1.0,1.0,0.0,0,0,0,1,,1.0,,1.0,,2.64414405599382,0.006421688995033,0.0002949030022136
c_mobilenet_resnet50_pca_300_linear_svm,C,linear_svm,68,341,1,300,1,1.0,1.0,1.0,0.0,1.0,1.0,0.0,0,0,0,1,,1.0,,1.0,,2.65833984100027,0.0063060879983822,0.0002890520045184
c_mobilenet_resnet50_pca_300_linear_svm,C,linear_svm,69,341,1,300,1,1.0,1.0,1.0,0.0,1.0,1.0,0.0,0,0,0,1,,1.0,,1.0,,2.6101379030005774,0.0064385500008938,0.0002978880002046
c_mobilenet_resnet50_pca_300_linear_svm,C,linear_svm,70,341,1,300,1,0.0,0.0,0.0,0.0,0.0,0.0,0.0,0,0,1,0,,0.0,0.0,,,2.620833191998827,0.0062364449986489,0.0003002529992954
c_mobilenet_resnet50_pca_300_linear_svm,C,linear_svm,71,341,1,300,1,1.0,1.0,1.0,0.0,1.0,1.0,0.0,0,0,0,1,,1.0,,1.0,,2.6137248529994395,0.0067255280009703,0.0002892620032071
c_mobilenet_resnet50_pca_300_linear_svm,C,linear_svm,72,341,1,300,1,1.0,1.0,1.0,0.0,1.0,1.0,0.0,0,0,0,1,,1.0,,1.0,,2.6372975039994344,0.0066796699975384,0.0003041300005861
c_mobilenet_resnet50_pca_300_linear_svm,C,linear_svm,73,341,1,300,1,1.0,1.0,1.0,0.0,1.0,1.0,0.0,0,0,0,1,,1.0,,1.0,,2.622908246994484,0.0065348139978596,0.0002933099967776
c_mobilenet_resnet50_pca_300_linear_svm,C,linear_svm,74,341,1,300,1,1.0,1.0,1.0,0.0,1.0,1.0,0.0,0,0,0,1,,1.0,,1.0,,2.582396316000086,0.0063950179974199,0.0002856349965441
c_mobilenet_resnet50_pca_300_linear_svm,C,linear_svm,75,341,1,300,1,1.0,1.0,1.0,0.0,1.0,1.0,0.0,0,0,0,1,,1.0,,1.0,,2.636321158002829,0.0063061990003916,0.0003032789973076
c_mobilenet_resnet50_pca_300_linear_svm,C,linear_svm,76,341,1,300,1,1.0,1.0,1.0,0.0,1.0,1.0,0.0,0,0,0,1,,1.0,,1.0,,2.6209469640016323,0.0065187239961232,0.0002922780040535
c_mobilenet_resnet50_pca_300_linear_svm,C,linear_svm,77,341,1,300,1,1.0,1.0,1.0,0.0,1.0,1.0,0.0,0,0,0,1,,1.0,,1.0,,2.622885841003153,0.0065544009994482,0.0003021960001206
c_mobilenet_resnet50_pca_300_linear_svm,C,linear_svm,78,341,1,300,1,1.0,1.0,1.0,0.0,1.0,1.0,0.0,0,0,0,1,,1.0,,1.0,,2.639640576999227,0.0066899800003739,0.0002846429997589
c_mobilenet_resnet50_pca_300_linear_svm,C,linear_svm,79,341,1,300,1,1.0,1.0,1.0,0.0,1.0,1.0,0.0,0,0,0,1,,1.0,,1.0,,2.639048017001187,0.0064317069991375,0.0003018760035047
c_mobilenet_resnet50_pca_300_linear_svm,C,linear_svm,80,341,1,300,1,1.0,1.0,1.0,0.0,1.0,1.0,0.0,0,0,0,1,,1.0,,1.0,,2.63107619999937,0.0067020229980698,0.0002949230038211
c_mobilenet_resnet50_pca_300_linear_svm,C,linear_svm,81,341,1,300,1,1.0,1.0,1.0,0.0,1.0,1.0,0.0,0,0,0,1,,1.0,,1.0,,2.624854551999306,0.0067879470007028,0.0002921480045188
c_mobilenet_resnet50_pca_300_linear_svm,C,linear_svm,82,341,1,300,1,1.0,1.0,1.0,0.0,1.0,1.0,0.0,0,0,0,1,,1.0,,1.0,,2.595059572995524,0.0080060399996,0.0003035690024262
c_mobilenet_resnet50_pca_300_linear_svm,C,linear_svm,83,341,1,300,1,1.0,1.0,1.0,0.0,1.0,1.0,0.0,0,0,0,1,,1.0,,1.0,,2.647713471000316,0.0079075519970501,0.0003048319995286
c_mobilenet_resnet50_pca_300_linear_svm,C,linear_svm,84,341,1,300,1,1.0,1.0,1.0,0.0,1.0,1.0,0.0,0,0,0,1,,1.0,,1.0,,2.6350620689991047,0.0065639899985399,0.0002931889976025
c_mobilenet_resnet50_pca_300_linear_svm,C,linear_svm,85,341,1,300,1,1.0,1.0,1.0,0.0,1.0,1.0,0.0,0,0,0,1,,1.0,,1.0,,2.6215029670056538,0.0065867830053321,0.0002948429973912
c_mobilenet_resnet50_pca_300_linear_svm,C,linear_svm,86,341,1,300,1,1.0,1.0,1.0,0.0,1.0,1.0,0.0,0,0,0,1,,1.0,,1.0,,2.6451877309955307,0.0064792480043252,0.000291966003715
c_mobilenet_resnet50_pca_300_linear_svm,C,linear_svm,87,341,1,300,1,1.0,1.0,1.0,0.0,1.0,1.0,0.0,0,0,0,1,,1.0,,1.0,,2.639098286002991,0.0061895060061942,0.0002847229989129
c_mobilenet_resnet50_pca_300_linear_svm,C,linear_svm,88,341,1,300,1,1.0,1.0,1.0,0.0,1.0,1.0,0.0,0,0,0,1,,1.0,,1.0,,2.651207772003545,0.0067489830034901,0.0002943510044133
c_mobilenet_resnet50_pca_300_linear_svm,C,linear_svm,89,341,1,300,1,1.0,1.0,1.0,0.0,1.0,1.0,0.0,0,0,0,1,,1.0,,1.0,,2.6185600609969697,0.0065256560046691,0.0002903740023612
c_mobilenet_resnet50_pca_300_linear_svm,C,linear_svm,90,341,1,300,1,1.0,1.0,1.0,0.0,1.0,1.0,0.0,0,0,0,1,,1.0,,1.0,,2.64135435600474,0.0078422879960271,0.0003096309956163
c_mobilenet_resnet50_pca_300_linear_svm,C,linear_svm,91,341,1,300,1,1.0,1.0,1.0,0.0,1.0,1.0,0.0,0,0,0,1,,1.0,,1.0,,2.633084150998912,0.0065514460002304,0.0002904040011344
c_mobilenet_resnet50_pca_300_linear_svm,C,linear_svm,92,341,1,300,1,1.0,1.0,1.0,0.0,1.0,1.0,0.0,0,0,0,1,,1.0,,1.0,,2.650146765001409,0.0064137030058191,0.0002926480010501
c_mobilenet_resnet50_pca_300_linear_svm,C,linear_svm,93,341,1,300,1,1.0,1.0,1.0,0.0,1.0,1.0,0.0,0,0,0,1,,1.0,,1.0,,2.6154911139965407,0.0066162790026282,0.0002885200010496
c_mobilenet_resnet50_pca_300_linear_svm,C,linear_svm,94,341,1,300,1,1.0,1.0,1.0,0.0,1.0,1.0,0.0,0,0,0,1,,1.0,,1.0,,2.651362682998297,0.0063425769985769,0.0002925380031228
c_mobilenet_resnet50_pca_300_linear_svm,C,linear_svm,95,341,1,300,1,1.0,1.0,1.0,0.0,1.0,1.0,0.0,0,0,0,1,,1.0,,1.0,,2.6324034800054505,0.0064091949971043,0.0002854140038834
c_mobilenet_resnet50_pca_300_linear_svm,C,linear_svm,96,341,1,300,1,1.0,1.0,1.0,0.0,1.0,1.0,0.0,0,0,0,1,,1.0,,1.0,,2.6332071520009777,0.0066112500062445,0.0002955040035885
c_mobilenet_resnet50_pca_300_linear_svm,C,linear_svm,97,341,1,300,1,1.0,1.0,1.0,0.0,1.0,1.0,0.0,0,0,0,1,,1.0,,1.0,,2.649422368995147,0.0065182329999515,0.0003043100005015
c_mobilenet_resnet50_pca_300_linear_svm,C,linear_svm,98,341,1,300,1,0.0,0.0,0.0,0.0,0.0,0.0,0.0,0,0,1,0,,0.0,0.0,,,2.6388725459983107,0.0063867010030662,0.0002889509996748
c_mobilenet_resnet50_pca_300_linear_svm,C,linear_svm,99,341,1,300,1,1.0,1.0,1.0,0.0,1.0,1.0,0.0,0,0,0,1,,1.0,,1.0,,2.637048415999743,0.0065466560045024,0.0002978679985972
c_mobilenet_resnet50_pca_300_linear_svm,C,linear_svm,100,341,1,300,1,1.0,1.0,1.0,0.0,1.0,1.0,0.0,0,0,0,1,,1.0,,1.0,,2.6377368989997194,0.0065769850043579,0.0002943619983852
c_mobilenet_resnet50_pca_300_linear_svm,C,linear_svm,101,341,1,300,1,1.0,1.0,1.0,0.0,1.0,1.0,0.0,0,0,0,1,,1.0,,1.0,,2.6453298409978743,0.0064368469975306,0.0002878090017475
c_mobilenet_resnet50_pca_300_linear_svm,C,linear_svm,102,341,1,300,1,1.0,1.0,1.0,0.0,1.0,1.0,0.0,0,0,0,1,,1.0,,1.0,,2.630818671997986,0.0065995670011034,0.0002880989995901
c_mobilenet_resnet50_pca_300_linear_svm,C,linear_svm,103,341,1,300,1,1.0,1.0,1.0,0.0,1.0,1.0,0.0,0,0,0,1,,1.0,,1.0,,2.622916489999625,0.0062594480041298,0.0003015550028067
c_mobilenet_resnet50_pca_300_linear_svm,C,linear_svm,104,341,1,300,1,1.0,1.0,1.0,0.0,1.0,1.0,0.0,0,0,0,1,,1.0,,1.0,,2.653673932996753,0.0063668840011814,0.0002982090009027
c_mobilenet_resnet50_pca_300_linear_svm,C,linear_svm,105,341,1,300,1,1.0,1.0,1.0,0.0,1.0,1.0,0.0,0,0,0,1,,1.0,,1.0,,2.630284329999995,0.006592254001589,0.0002963049992104
c_mobilenet_resnet50_pca_300_linear_svm,C,linear_svm,106,341,1,300,1,1.0,1.0,1.0,0.0,1.0,1.0,0.0,0,0,0,1,,1.0,,1.0,,2.6408536079979967,0.0066254670018679,0.0002961439968203
c_mobilenet_resnet50_pca_300_linear_svm,C,linear_svm,107,341,1,300,1,1.0,1.0,1.0,0.0,1.0,1.0,0.0,0,0,0,1,,1.0,,1.0,,2.62626855000417,0.0065495919989189,0.0002830489975167
c_mobilenet_resnet50_pca_300_linear_svm,C,linear_svm,108,341,1,300,1,1.0,1.0,1.0,0.0,1.0,1.0,0.0,0,0,0,1,,1.0,,1.0,,2.632519382001192,0.0067216109964647,0.0002872179975383
c_mobilenet_resnet50_pca_300_linear_svm,C,linear_svm,109,341,1,300,1,1.0,1.0,1.0,0.0,1.0,1.0,0.0,0,0,0,1,,1.0,,1.0,,2.626506100998085,0.0066389229978085,0.0003042700045625
c_mobilenet_resnet50_pca_300_linear_svm,C,linear_svm,110,341,1,300,1,1.0,1.0,1.0,0.0,1.0,1.0,0.0,0,0,0,1,,1.0,,1.0,,2.6587840849970235,0.0064441409995197,0.0002994120004586
c_mobilenet_resnet50_pca_300_linear_svm,C,linear_svm,111,341,1,300,1,1.0,1.0,1.0,0.0,1.0,1.0,0.0,0,0,0,1,,1.0,,1.0,,2.645880804004264,0.0087307220019283,0.0004227760000503
c_mobilenet_resnet50_pca_300_linear_svm,C,linear_svm,112,341,1,300,1,1.0,1.0,1.0,0.0,1.0,1.0,0.0,0,0,0,1,,1.0,,1.0,,2.6298020059984992,0.006498875998659,0.0002979380005854
c_mobilenet_resnet50_pca_300_linear_svm,C,linear_svm,113,341,1,300,1,1.0,1.0,1.0,0.0,1.0,1.0,0.0,0,0,0,1,,1.0,,1.0,,2.6518307699952857,0.0062438599998131,0.0002896329970099
c_mobilenet_resnet50_pca_300_linear_svm,C,linear_svm,114,341,1,300,1,1.0,1.0,1.0,0.0,1.0,1.0,0.0,0,0,0,1,,1.0,,1.0,,2.6243453770002816,0.0063072599950828,0.0002908639944507
c_mobilenet_resnet50_pca_300_linear_svm,C,linear_svm,115,341,1,300,1,1.0,1.0,1.0,0.0,1.0,1.0,0.0,0,0,0,1,,1.0,,1.0,,2.632273368006281,0.0065019510002457,0.0002898930033552
c_mobilenet_resnet50_pca_300_linear_svm,C,linear_svm,116,341,1,300,1,1.0,1.0,1.0,0.0,1.0,1.0,0.0,0,0,0,1,,1.0,,1.0,,2.631635830999585,0.0064313670009141,0.0002896020014304
c_mobilenet_resnet50_pca_300_linear_svm,C,linear_svm,117,341,1,300,1,1.0,1.0,1.0,0.0,1.0,1.0,0.0,0,0,0,1,,1.0,,1.0,,2.6013386439954047,0.006475860995124,0.0002888610033551
c_mobilenet_resnet50_pca_300_linear_svm,C,linear_svm,118,341,1,300,1,1.0,1.0,1.0,0.0,1.0,1.0,0.0,0,0,0,1,,1.0,,1.0,,2.625855493999552,0.006446446001064,0.0002978880002046
c_mobilenet_resnet50_pca_300_linear_svm,C,linear_svm,119,341,1,300,1,1.0,1.0,1.0,0.0,1.0,1.0,0.0,0,0,0,1,,1.0,,1.0,,2.611777491998509,0.0066841590014519,0.0002895819998229
c_mobilenet_resnet50_pca_300_linear_svm,C,linear_svm,120,341,1,300,1,1.0,1.0,1.0,0.0,1.0,1.0,0.0,0,0,0,1,,1.0,,1.0,,2.6523970260022907,0.0066767450043698,0.0002959050034405
c_mobilenet_resnet50_pca_300_linear_svm,C,linear_svm,121,341,1,300,1,1.0,1.0,1.0,0.0,1.0,1.0,0.0,0,0,0,1,,1.0,,1.0,,2.636081356999057,0.0066845789988292,0.0003028770006494
c_mobilenet_resnet50_pca_300_linear_svm,C,linear_svm,122,341,1,300,1,1.0,1.0,1.0,0.0,1.0,1.0,0.0,0,0,0,1,,1.0,,1.0,,2.654063332993246,0.0066613259987207,0.0002948719993582
c_mobilenet_resnet50_pca_300_linear_svm,C,linear_svm,123,341,1,300,1,1.0,1.0,1.0,0.0,1.0,1.0,0.0,0,0,0,1,,1.0,,1.0,,2.6564775070000906,0.0065908510005101,0.0002858560037566
c_mobilenet_resnet50_pca_300_linear_svm,C,linear_svm,124,341,1,300,1,1.0,1.0,1.0,0.0,1.0,1.0,0.0,0,0,0,1,,1.0,,1.0,,2.626055542001268,0.0064728960060165,0.0002924079963122
c_mobilenet_resnet50_pca_300_linear_svm,C,linear_svm,125,341,1,300,1,1.0,1.0,1.0,0.0,1.0,1.0,0.0,0,0,0,1,,1.0,,1.0,,2.654271047002112,0.0063682760010124,0.0002827290009008
c_mobilenet_resnet50_pca_300_linear_svm,C,linear_svm,126,341,1,300,1,1.0,1.0,1.0,0.0,1.0,1.0,0.0,0,0,0,1,,1.0,,1.0,,2.632051196000248,0.0065697210011421,0.000288149996777
c_mobilenet_resnet50_pca_300_linear_svm,C,linear_svm,127,341,1,300,1,1.0,1.0,1.0,0.0,1.0,1.0,0.0,0,0,0,1,,1.0,,1.0,,2.6338096699983,0.0063327390016638,0.0002925680018961
c_mobilenet_resnet50_pca_300_linear_svm,C,linear_svm,128,341,1,300,1,1.0,1.0,1.0,0.0,1.0,1.0,0.0,0,0,0,1,,1.0,,1.0,,2.59900367299997,0.0064860799975576,0.0002938499965239
c_mobilenet_resnet50_pca_300_linear_svm,C,linear_svm,129,341,1,300,1,1.0,1.0,1.0,0.0,1.0,1.0,0.0,0,0,0,1,,1.0,,1.0,,2.6281855499983067,0.0066006499982904,0.0002857650033547
c_mobilenet_resnet50_pca_300_linear_svm,C,linear_svm,130,341,1,300,1,1.0,1.0,1.0,0.0,1.0,1.0,0.0,0,0,0,1,,1.0,,1.0,,2.660025329001656,0.0064139630048885,0.0002847529976861
c_mobilenet_resnet50_pca_300_linear_svm,C,linear_svm,131,341,1,300,1,1.0,1.0,1.0,0.0,1.0,1.0,0.0,0,0,0,1,,1.0,,1.0,,2.6480822000012267,0.0064112679974641,0.0002851040044333
c_mobilenet_resnet50_pca_300_linear_svm,C,linear_svm,132,341,1,300,1,1.0,1.0,1.0,0.0,1.0,1.0,0.0,0,0,0,1,,1.0,,1.0,,2.655365520004125,0.0065241029951721,0.0002908450042014
c_mobilenet_resnet50_pca_300_linear_svm,C,linear_svm,133,341,1,300,1,1.0,1.0,1.0,0.0,1.0,1.0,0.0,0,0,0,1,,1.0,,1.0,,2.6407261970016407,0.006621599997743,0.000301424995996
c_mobilenet_resnet50_pca_300_linear_svm,C,linear_svm,134,341,1,300,1,1.0,1.0,1.0,0.0,1.0,1.0,0.0,0,0,0,1,,1.0,,1.0,,2.6076243909992627,0.0065465860025142,0.0002943310028058
c_mobilenet_resnet50_pca_300_linear_svm,C,linear_svm,135,341,1,300,1,1.0,1.0,1.0,0.0,1.0,1.0,0.0,0,0,0,1,,1.0,,1.0,,2.6169022459944244,0.0089567530012573,0.0003463710017967
c_mobilenet_resnet50_pca_300_linear_svm,C,linear_svm,136,341,1,300,1,1.0,1.0,1.0,0.0,1.0,1.0,0.0,0,0,0,1,,1.0,,1.0,,2.627060179998807,0.0065748999986681,0.0002626400018925
c_mobilenet_resnet50_pca_300_linear_svm,C,linear_svm,137,341,1,300,1,1.0,1.0,1.0,0.0,1.0,1.0,0.0,0,0,0,1,,1.0,,1.0,,2.608567107003182,0.006513343003462,0.0002645140048116
c_mobilenet_resnet50_pca_300_linear_svm,C,linear_svm,138,341,1,300,1,1.0,1.0,1.0,0.0,1.0,1.0,0.0,0,0,0,1,,1.0,,1.0,,2.641975648002699,0.0065956200051005,0.0002876479993574
c_mobilenet_resnet50_pca_300_linear_svm,C,linear_svm,139,341,1,300,1,1.0,1.0,1.0,0.0,1.0,1.0,0.0,0,0,0,1,,1.0,,1.0,,2.6441225620001205,0.006653409996943,0.0002970059940707
c_mobilenet_resnet50_pca_300_linear_svm,C,linear_svm,140,341,1,300,1,1.0,1.0,1.0,0.0,1.0,1.0,0.0,0,0,0,1,,1.0,,1.0,,2.6081858890029253,0.0105214979994343,0.0003488660004222
c_mobilenet_resnet50_pca_300_linear_svm,C,linear_svm,141,341,1,300,1,1.0,1.0,1.0,0.0,1.0,1.0,0.0,0,0,0,1,,1.0,,1.0,,2.6376977170002647,0.0065375389967812,0.0002640540042193
c_mobilenet_resnet50_pca_300_linear_svm,C,linear_svm,142,341,1,300,1,1.0,1.0,1.0,0.0,1.0,1.0,0.0,0,0,0,1,,1.0,,1.0,,2.642725364996295,0.0069063020055182,0.0002646749999257
c_mobilenet_resnet50_pca_300_linear_svm,C,linear_svm,143,341,1,300,1,1.0,1.0,1.0,0.0,1.0,1.0,0.0,0,0,0,1,,1.0,,1.0,,2.6660036430039327,0.0090033419983228,0.0003483239997876
c_mobilenet_resnet50_pca_300_linear_svm,C,linear_svm,144,341,1,300,1,1.0,1.0,1.0,0.0,1.0,1.0,0.0,0,0,0,1,,1.0,,1.0,,2.631702238999424,0.0063884339979267,0.0002966759930131
c_mobilenet_resnet50_pca_300_linear_svm,C,linear_svm,145,341,1,300,1,1.0,1.0,1.0,0.0,1.0,1.0,0.0,0,0,0,1,,1.0,,1.0,,2.6179525339975958,0.0064335600036429,0.000292016993626
c_mobilenet_resnet50_pca_300_linear_svm,C,linear_svm,146,341,1,300,1,1.0,1.0,1.0,0.0,1.0,1.0,0.0,0,0,0,1,,1.0,,1.0,,2.632754645004752,0.0064010790010797,0.0002929789989138
c_mobilenet_resnet50_pca_300_linear_svm,C,linear_svm,147,341,1,300,1,1.0,1.0,1.0,0.0,1.0,1.0,0.0,0,0,0,1,,1.0,,1.0,,2.6119348350039218,0.0064231610012939,0.0002991010042023
c_mobilenet_resnet50_pca_300_linear_svm,C,linear_svm,148,341,1,300,1,1.0,1.0,1.0,0.0,1.0,1.0,0.0,0,0,0,1,,1.0,,1.0,,2.6308883339952445,0.0064350629982072,0.0002883899942389
c_mobilenet_resnet50_pca_300_linear_svm,C,linear_svm,149,341,1,300,1,1.0,1.0,1.0,0.0,1.0,1.0,0.0,0,0,0,1,,1.0,,1.0,,2.661215988002368,0.0066769250042852,0.0002918669997598
c_mobilenet_resnet50_pca_300_linear_svm,C,linear_svm,150,341,1,300,1,1.0,1.0,1.0,0.0,1.0,1.0,0.0,0,0,0,1,,1.0,,1.0,,2.6179477110053995,0.0063224689947674,0.0002814770050463
c_mobilenet_resnet50_pca_300_linear_svm,C,linear_svm,151,341,1,300,1,1.0,1.0,1.0,0.0,1.0,1.0,0.0,0,0,0,1,,1.0,,1.0,,2.6453343460016185,0.0066745299991453,0.0002987390034832
c_mobilenet_resnet50_pca_300_linear_svm,C,linear_svm,152,341,1,300,1,1.0,1.0,1.0,0.0,1.0,1.0,0.0,0,0,0,1,,1.0,,1.0,,2.6348484650006867,0.0066025329942931,0.0002926079978351
c_mobilenet_resnet50_pca_300_linear_svm,C,linear_svm,153,341,1,300,1,1.0,1.0,1.0,0.0,1.0,1.0,0.0,0,0,0,1,,1.0,,1.0,,2.651056618997245,0.0077197540013003,0.0002915459990617
c_mobilenet_resnet50_pca_300_linear_svm,C,linear_svm,154,341,1,300,1,1.0,1.0,1.0,0.0,1.0,1.0,0.0,0,0,0,1,,1.0,,1.0,,2.6103890019949176,0.0065290040001855,0.0002823179966071
c_mobilenet_resnet50_pca_300_linear_svm,C,linear_svm,155,341,1,300,1,1.0,1.0,1.0,0.0,1.0,1.0,0.0,0,0,0,1,,1.0,,1.0,,2.6755447040050058,0.0063929640018614,0.000298869999824
c_mobilenet_resnet50_pca_300_linear_svm,C,linear_svm,156,341,1,300,1,1.0,1.0,1.0,0.0,1.0,1.0,0.0,0,0,0,1,,1.0,,1.0,,2.6236423200025456,0.0061861689973738,0.0002831499950843
c_mobilenet_resnet50_pca_300_linear_svm,C,linear_svm,157,341,1,300,1,1.0,1.0,1.0,0.0,1.0,1.0,0.0,0,0,0,1,,1.0,,1.0,,2.6444199890029267,0.0079191139957401,0.000293129000056
c_mobilenet_resnet50_pca_300_linear_svm,C,linear_svm,158,341,1,300,1,1.0,1.0,1.0,0.0,1.0,1.0,0.0,0,0,0,1,,1.0,,1.0,,2.631519513000967,0.0061730039960821,0.0002873580015148
c_mobilenet_resnet50_pca_300_linear_svm,C,linear_svm,159,341,1,300,1,1.0,1.0,1.0,0.0,1.0,1.0,0.0,0,0,0,1,,1.0,,1.0,,2.631480818999989,0.0065224999998463,0.0003039100047317
c_mobilenet_resnet50_pca_300_linear_svm,C,linear_svm,160,341,1,300,1,1.0,1.0,1.0,0.0,1.0,1.0,0.0,0,0,0,1,,1.0,,1.0,,2.6351331639962154,0.00650448500528,0.0002775589964585
c_mobilenet_resnet50_pca_300_linear_svm,C,linear_svm,161,341,1,300,1,1.0,1.0,1.0,0.0,1.0,1.0,0.0,0,0,0,1,,1.0,,1.0,,2.636924881000596,0.0090057970010093,0.0003476329948171
c_mobilenet_resnet50_pca_300_linear_svm,C,linear_svm,162,341,1,300,1,1.0,1.0,1.0,0.0,1.0,1.0,0.0,0,0,0,1,,1.0,,1.0,,2.6268285030018887,0.0069935290011926,0.000297236998449
c_mobilenet_resnet50_pca_300_linear_svm,C,linear_svm,163,341,1,300,1,1.0,1.0,1.0,0.0,1.0,1.0,0.0,0,0,0,1,,1.0,,1.0,,2.6493212830027915,0.0065070510026998,0.0003337969974381
c_mobilenet_resnet50_pca_300_linear_svm,C,linear_svm,164,341,1,300,1,1.0,1.0,1.0,0.0,1.0,1.0,0.0,0,0,0,1,,1.0,,1.0,,2.649176316997909,0.0070162420015549,0.0002911849951487
c_mobilenet_resnet50_pca_300_linear_svm,C,linear_svm,165,341,1,300,1,1.0,1.0,1.0,0.0,1.0,1.0,0.0,0,0,0,1,,1.0,,1.0,,2.6222985709973727,0.006387071996869,0.0003124450013274
c_mobilenet_resnet50_pca_300_linear_svm,C,linear_svm,166,341,1,300,1,1.0,1.0,1.0,0.0,1.0,1.0,0.0,0,0,0,1,,1.0,,1.0,,2.6505190370007767,0.0062666619996889,0.0002976269970531
c_mobilenet_resnet50_pca_300_linear_svm,C,linear_svm,167,341,1,300,1,1.0,1.0,1.0,0.0,1.0,1.0,0.0,0,0,0,1,,1.0,,1.0,,2.621763169998303,0.0062240420011221,0.0003037190035684
c_mobilenet_resnet50_pca_300_linear_svm,C,linear_svm,168,341,1,300,1,1.0,1.0,1.0,0.0,1.0,1.0,0.0,0,0,0,1,,1.0,,1.0,,2.6657478119959706,0.006991834998189,0.0002962650032714
c_mobilenet_resnet50_pca_300_linear_svm,C,linear_svm,169,341,1,300,1,1.0,1.0,1.0,0.0,1.0,1.0,0.0,0,0,0,1,,1.0,,1.0,,2.6489628570052446,0.006996585005254,0.0003080579990637
c_mobilenet_resnet50_pca_300_linear_svm,C,linear_svm,170,341,1,300,1,1.0,1.0,1.0,0.0,1.0,1.0,0.0,0,0,0,1,,1.0,,1.0,,2.6088887930018245,0.0063181709992932,0.0003028870050911
c_mobilenet_resnet50_pca_300_linear_svm,C,linear_svm,171,341,1,300,1,1.0,1.0,1.0,0.0,1.0,1.0,0.0,0,0,0,1,,1.0,,1.0,,2.60448017300223,0.0077634979970753,0.000301785999909
c_mobilenet_resnet50_pca_300_linear_svm,C,linear_svm,172,341,1,300,1,1.0,1.0,1.0,0.0,1.0,1.0,0.0,0,0,0,1,,1.0,,1.0,,2.6409605119988555,0.0067852220017812,0.0002941509956144
c_mobilenet_resnet50_pca_300_linear_svm,C,linear_svm,173,341,1,300,1,1.0,1.0,1.0,0.0,1.0,1.0,0.0,0,0,0,1,,1.0,,1.0,,2.619465764000779,0.0064008990011643,0.000310552000883
c_mobilenet_resnet50_pca_300_linear_svm,C,linear_svm,174,341,1,300,1,1.0,1.0,1.0,0.0,1.0,1.0,0.0,0,0,0,1,,1.0,,1.0,,2.6392909869973664,0.0068935579984099,0.000317456004268
c_mobilenet_resnet50_pca_300_linear_svm,C,linear_svm,175,341,1,300,1,1.0,1.0,1.0,0.0,1.0,1.0,0.0,0,0,0,1,,1.0,,1.0,,2.6533137320002425,0.0069421409934875,0.0003438359999563
c_mobilenet_resnet50_pca_300_linear_svm,C,linear_svm,176,341,1,300,1,0.0,0.0,0.0,0.0,0.0,0.0,0.0,0,1,0,0,0.0,,,0.0,,2.670845469998312,0.0065509649939485,0.0002867969960789
c_mobilenet_resnet50_pca_300_linear_svm,C,linear_svm,177,341,1,300,1,0.0,0.0,0.0,0.0,0.0,0.0,0.0,0,1,0,0,0.0,,,0.0,,2.652857941997354,0.006601341003261,0.0003048819999094
c_mobilenet_resnet50_pca_300_linear_svm,C,linear_svm,178,341,1,300,1,1.0,0.0,0.0,1.0,1.0,1.0,0.0,1,0,0,0,1.0,,1.0,,,2.6138990849940456,0.0068303479929454,0.0002929589973064
c_mobilenet_resnet50_pca_300_linear_svm,C,linear_svm,179,341,1,300,1,1.0,0.0,0.0,1.0,1.0,1.0,0.0,1,0,0,0,1.0,,1.0,,,2.648060510997311,0.0103382379966205,0.0003453289973549
c_mobilenet_resnet50_pca_300_linear_svm,C,linear_svm,180,341,1,300,1,1.0,0.0,0.0,1.0,1.0,1.0,0.0,1,0,0,0,1.0,,1.0,,,2.646051848998468,0.0065329709977959,0.0002853640035027
c_mobilenet_resnet50_pca_300_linear_svm,C,linear_svm,181,341,1,300,1,1.0,0.0,0.0,1.0,1.0,1.0,0.0,1,0,0,0,1.0,,1.0,,,2.6285455580000416,0.0066000279985019,0.0002930490009021
c_mobilenet_resnet50_pca_300_linear_svm,C,linear_svm,182,341,1,300,1,1.0,0.0,0.0,1.0,1.0,1.0,0.0,1,0,0,0,1.0,,1.0,,,2.6419919749969267,0.0076926420006202,0.0002867969960789
c_mobilenet_resnet50_pca_300_linear_svm,C,linear_svm,183,341,1,300,1,1.0,0.0,0.0,1.0,1.0,1.0,0.0,1,0,0,0,1.0,,1.0,,,2.6350613350005005,0.0064999879978131,0.0003095110005233
c_mobilenet_resnet50_pca_300_linear_svm,C,linear_svm,184,341,1,300,1,1.0,0.0,0.0,1.0,1.0,1.0,0.0,1,0,0,0,1.0,,1.0,,,2.6312284339946928,0.0065380599990021,0.0002962250000564
c_mobilenet_resnet50_pca_300_linear_svm,C,linear_svm,185,341,1,300,1,1.0,0.0,0.0,1.0,1.0,1.0,0.0,1,0,0,0,1.0,,1.0,,,2.6328893509999034,0.0077737679966958,0.0002881189939216
c_mobilenet_resnet50_pca_300_linear_svm,C,linear_svm,186,341,1,300,1,1.0,0.0,0.0,1.0,1.0,1.0,0.0,1,0,0,0,1.0,,1.0,,,2.6267934940042323,0.0063891359968692,0.0002876480066333
c_mobilenet_resnet50_pca_300_linear_svm,C,linear_svm,187,341,1,300,1,1.0,0.0,0.0,1.0,1.0,1.0,0.0,1,0,0,0,1.0,,1.0,,,2.6067493230002583,0.0063285310025094,0.0003104419956798
c_mobilenet_resnet50_pca_300_linear_svm,C,linear_svm,188,341,1,300,1,1.0,0.0,0.0,1.0,1.0,1.0,0.0,1,0,0,0,1.0,,1.0,,,2.6581613710004603,0.0063831450024736,0.0002808150020428
c_mobilenet_resnet50_pca_300_linear_svm,C,linear_svm,189,341,1,300,1,1.0,0.0,0.0,1.0,1.0,1.0,0.0,1,0,0,0,1.0,,1.0,,,2.648494483000832,0.0066271899995626,0.0003001430013682
c_mobilenet_resnet50_pca_300_linear_svm,C,linear_svm,190,341,1,300,1,0.0,0.0,0.0,0.0,0.0,0.0,0.0,0,1,0,0,0.0,,,0.0,,2.595019689993933,0.0066292339979554,0.000283601002593
c_mobilenet_resnet50_pca_300_linear_svm,C,linear_svm,191,341,1,300,1,1.0,0.0,0.0,1.0,1.0,1.0,0.0,1,0,0,0,1.0,,1.0,,,2.6231512449958245,0.0064781960027175,0.0002962049984489
c_mobilenet_resnet50_pca_300_linear_svm,C,linear_svm,192,341,1,300,1,1.0,0.0,0.0,1.0,1.0,1.0,0.0,1,0,0,0,1.0,,1.0,,,2.6089059650039417,0.0064245739995385,0.000279933999991
c_mobilenet_resnet50_pca_300_linear_svm,C,linear_svm,193,341,1,300,1,1.0,0.0,0.0,1.0,1.0,1.0,0.0,1,0,0,0,1.0,,1.0,,,2.6320785119969514,0.0065866730001289,0.0003002630037372
c_mobilenet_resnet50_pca_300_linear_svm,C,linear_svm,194,341,1,300,1,1.0,0.0,0.0,1.0,1.0,1.0,0.0,1,0,0,0,1.0,,1.0,,,2.62212241099769,0.0065479279946885,0.0002839910011971
c_mobilenet_resnet50_pca_300_linear_svm,C,linear_svm,195,341,1,300,1,1.0,0.0,0.0,1.0,1.0,1.0,0.0,1,0,0,0,1.0,,1.0,,,2.622065001996816,0.00665544399817,0.0002981380021083
c_mobilenet_resnet50_pca_300_linear_svm,C,linear_svm,196,341,1,300,1,1.0,0.0,0.0,1.0,1.0,1.0,0.0,1,0,0,0,1.0,,1.0,,,2.62397325100028,0.0065586190030444,0.0002904840002884
c_mobilenet_resnet50_pca_300_linear_svm,C,linear_svm,197,341,1,300,1,1.0,0.0,0.0,1.0,1.0,1.0,0.0,1,0,0,0,1.0,,1.0,,,2.6546411939998507,0.0064461350048077,0.0002889509996748
c_mobilenet_resnet50_pca_300_linear_svm,C,linear_svm,198,341,1,300,1,1.0,0.0,0.0,1.0,1.0,1.0,0.0,1,0,0,0,1.0,,1.0,,,2.6440501420001965,0.0064732160026323,0.0002843029942596
c_mobilenet_resnet50_pca_300_linear_svm,C,linear_svm,199,341,1,300,1,1.0,0.0,0.0,1.0,1.0,1.0,0.0,1,0,0,0,1.0,,1.0,,,2.65183937799884,0.0078176609968068,0.0002942309947684
c_mobilenet_resnet50_pca_300_linear_svm,C,linear_svm,200,341,1,300,1,1.0,0.0,0.0,1.0,1.0,1.0,0.0,1,0,0,0,1.0,,1.0,,,2.618733274997794,0.007818120997399,0.0002888710005208
c_mobilenet_resnet50_pca_300_linear_svm,C,linear_svm,201,341,1,300,1,1.0,0.0,0.0,1.0,1.0,1.0,0.0,1,0,0,0,1.0,,1.0,,,2.638025861000642,0.0077718940010527,0.0003076669963775
c_mobilenet_resnet50_pca_300_linear_svm,C,linear_svm,202,341,1,300,1,1.0,0.0,0.0,1.0,1.0,1.0,0.0,1,0,0,0,1.0,,1.0,,,2.6416602620010963,0.0065322290029143,0.0002848029980668
c_mobilenet_resnet50_pca_300_linear_svm,C,linear_svm,203,341,1,300,1,1.0,0.0,0.0,1.0,1.0,1.0,0.0,1,0,0,0,1.0,,1.0,,,2.649035898997681,0.0064041449950309,0.0002983789963764
c_mobilenet_resnet50_pca_300_linear_svm,C,linear_svm,204,341,1,300,1,1.0,0.0,0.0,1.0,1.0,1.0,0.0,1,0,0,0,1.0,,1.0,,,2.630835183997988,0.0065667339949868,0.0002835299965227
c_mobilenet_resnet50_pca_300_linear_svm,C,linear_svm,205,341,1,300,1,1.0,0.0,0.0,1.0,1.0,1.0,0.0,1,0,0,0,1.0,,1.0,,,2.6388041130048805,0.0077594600006705,0.0002926879969891
c_mobilenet_resnet50_pca_300_linear_svm,C,linear_svm,206,341,1,300,1,1.0,0.0,0.0,1.0,1.0,1.0,0.0,1,0,0,0,1.0,,1.0,,,2.636536979000084,0.0077607719940715,0.0002834710030583
c_mobilenet_resnet50_pca_300_linear_svm,C,linear_svm,207,341,1,300,1,1.0,0.0,0.0,1.0,1.0,1.0,0.0,1,0,0,0,1.0,,1.0,,,2.606787215998338,0.007944363002025,0.0003015849943039
c_mobilenet_resnet50_pca_300_linear_svm,C,linear_svm,208,341,1,300,1,1.0,0.0,0.0,1.0,1.0,1.0,0.0,1,0,0,0,1.0,,1.0,,,2.619765269002528,0.0066643309983192,0.0002909350005211
c_mobilenet_resnet50_pca_300_linear_svm,C,linear_svm,209,341,1,300,1,1.0,0.0,0.0,1.0,1.0,1.0,0.0,1,0,0,0,1.0,,1.0,,,2.632991485996172,0.0066457049979362,0.0003144199945381
c_mobilenet_resnet50_pca_300_linear_svm,C,linear_svm,210,341,1,300,1,1.0,0.0,0.0,1.0,1.0,1.0,0.0,1,0,0,0,1.0,,1.0,,,2.652876872998604,0.0067244649981148,0.0002957940014312
c_mobilenet_resnet50_pca_300_linear_svm,C,linear_svm,211,341,1,300,1,1.0,0.0,0.0,1.0,1.0,1.0,0.0,1,0,0,0,1.0,,1.0,,,2.630648515994835,0.0065581890012254,0.000295202997222
c_mobilenet_resnet50_pca_300_linear_svm,C,linear_svm,212,341,1,300,1,1.0,0.0,0.0,1.0,1.0,1.0,0.0,1,0,0,0,1.0,,1.0,,,2.654255950998049,0.0064348729938501,0.0002882490007323
c_mobilenet_resnet50_pca_300_linear_svm,C,linear_svm,213,341,1,300,1,1.0,0.0,0.0,1.0,1.0,1.0,0.0,1,0,0,0,1.0,,1.0,,,2.6281516529998044,0.006551014004799,0.0002950819980469
c_mobilenet_resnet50_pca_300_linear_svm,C,linear_svm,214,341,1,300,1,1.0,0.0,0.0,1.0,1.0,1.0,0.0,1,0,0,0,1.0,,1.0,,,2.6604938290038262,0.0065830949970404,0.0002855139973689
c_mobilenet_resnet50_pca_300_linear_svm,C,linear_svm,215,341,1,300,1,0.0,0.0,0.0,0.0,0.0,0.0,0.0,0,1,0,0,0.0,,,0.0,,2.620360831999278,0.00611479300278,0.000295564001135
c_mobilenet_resnet50_pca_300_linear_svm,C,linear_svm,216,341,1,300,1,0.0,0.0,0.0,0.0,0.0,0.0,0.0,0,1,0,0,0.0,,,0.0,,2.628818412995315,0.0066333220020169,0.0002821289963321
c_mobilenet_resnet50_pca_300_linear_svm,C,linear_svm,217,341,1,300,1,1.0,0.0,0.0,1.0,1.0,1.0,0.0,1,0,0,0,1.0,,1.0,,,2.663169339997694,0.0066732979976222,0.0004168549930909
c_mobilenet_resnet50_pca_300_linear_svm,C,linear_svm,218,341,1,300,1,1.0,0.0,0.0,1.0,1.0,1.0,0.0,1,0,0,0,1.0,,1.0,,,2.669651743999566,0.0069212410016916,0.0003025270052603
c_mobilenet_resnet50_pca_300_linear_svm,C,linear_svm,219,341,1,300,1,1.0,0.0,0.0,1.0,1.0,1.0,0.0,1,0,0,0,1.0,,1.0,,,2.619653150999511,0.0064734670013422,0.0003009139982168
c_mobilenet_resnet50_pca_300_linear_svm,C,linear_svm,220,341,1,300,1,1.0,0.0,0.0,1.0,1.0,1.0,0.0,1,0,0,0,1.0,,1.0,,,2.650028296004166,0.0065010800026357,0.00028380099684
c_mobilenet_resnet50_pca_300_linear_svm,C,linear_svm,221,341,1,300,1,1.0,0.0,0.0,1.0,1.0,1.0,0.0,1,0,0,0,1.0,,1.0,,,2.6361876369992387,0.0064898679993348,0.0003009140054928
c_mobilenet_resnet50_pca_300_linear_svm,C,linear_svm,222,341,1,300,1,1.0,0.0,0.0,1.0,1.0,1.0,0.0,1,0,0,0,1.0,,1.0,,,2.64627650899638,0.0064145249998546,0.0002867670045816
c_mobilenet_resnet50_pca_300_linear_svm,C,linear_svm,223,341,1,300,1,1.0,0.0,0.0,1.0,1.0,1.0,0.0,1,0,0,0,1.0,,1.0,,,2.664808092995372,0.006503053002234,0.0002861749962903
c_mobilenet_resnet50_pca_300_linear_svm,C,linear_svm,224,341,1,300,1,1.0,0.0,0.0,1.0,1.0,1.0,0.0,1,0,0,0,1.0,,1.0,,,2.6636077229995863,0.0065378690051147,0.0002820380032062
c_mobilenet_resnet50_pca_300_linear_svm,C,linear_svm,225,341,1,300,1,1.0,0.0,0.0,1.0,1.0,1.0,0.0,1,0,0,0,1.0,,1.0,,,2.64466671700211,0.0076427080057328,0.0002882000044337
c_mobilenet_resnet50_pca_300_linear_svm,C,linear_svm,226,341,1,300,1,1.0,0.0,0.0,1.0,1.0,1.0,0.0,1,0,0,0,1.0,,1.0,,,2.629909309995128,0.0064322280013584,0.000284082001599
c_mobilenet_resnet50_pca_300_linear_svm,C,linear_svm,227,341,1,300,1,1.0,0.0,0.0,1.0,1.0,1.0,0.0,1,0,0,0,1.0,,1.0,,,2.6549397199996747,0.0066415080000297,0.0002992209992953
c_mobilenet_resnet50_pca_300_linear_svm,C,linear_svm,228,341,1,300,1,1.0,0.0,0.0,1.0,1.0,1.0,0.0,1,0,0,0,1.0,,1.0,,,2.663677265001752,0.0066035350027959,0.0002928190006059
c_mobilenet_resnet50_pca_300_linear_svm,C,linear_svm,229,341,1,300,1,1.0,0.0,0.0,1.0,1.0,1.0,0.0,1,0,0,0,1.0,,1.0,,,2.6306634770007804,0.0064315269992221,0.0002888110029743
c_mobilenet_resnet50_pca_300_linear_svm,C,linear_svm,230,341,1,300,1,1.0,0.0,0.0,1.0,1.0,1.0,0.0,1,0,0,0,1.0,,1.0,,,2.62811006699485,0.0066657329953159,0.0002883599954657
c_mobilenet_resnet50_pca_300_linear_svm,C,linear_svm,231,341,1,300,1,1.0,0.0,0.0,1.0,1.0,1.0,0.0,1,0,0,0,1.0,,1.0,,,2.648908554998343,0.0076459729971247,0.000299430997984
c_mobilenet_resnet50_pca_300_linear_svm,C,linear_svm,232,341,1,300,1,1.0,0.0,0.0,1.0,1.0,1.0,0.0,1,0,0,0,1.0,,1.0,,,2.6367453260027105,0.0062837350051268,0.0002988499982166
c_mobilenet_resnet50_pca_300_linear_svm,C,linear_svm,233,341,1,300,1,1.0,0.0,0.0,1.0,1.0,1.0,0.0,1,0,0,0,1.0,,1.0,,,2.6035763719992246,0.0078149160035536,0.0002839520020643
c_mobilenet_resnet50_pca_300_linear_svm,C,linear_svm,234,341,1,300,1,1.0,0.0,0.0,1.0,1.0,1.0,0.0,1,0,0,0,1.0,,1.0,,,2.6234617789959884,0.006473747002019,0.0002840209999703
c_mobilenet_resnet50_pca_300_linear_svm,C,linear_svm,235,341,1,300,1,1.0,0.0,0.0,1.0,1.0,1.0,0.0,1,0,0,0,1.0,,1.0,,,2.6855342400012887,0.0076418759999796,0.0002975070019601
c_mobilenet_resnet50_pca_300_linear_svm,C,linear_svm,236,341,1,300,1,1.0,0.0,0.0,1.0,1.0,1.0,0.0,1,0,0,0,1.0,,1.0,,,2.6686592339974595,0.0065473880022182,0.0002815170009853
c_mobilenet_resnet50_pca_300_linear_svm,C,linear_svm,237,341,1,300,1,1.0,0.0,0.0,1.0,1.0,1.0,0.0,1,0,0,0,1.0,,1.0,,,2.682981721001852,0.0065499219999765,0.0003040599985979
c_mobilenet_resnet50_pca_300_linear_svm,C,linear_svm,238,341,1,300,1,1.0,0.0,0.0,1.0,1.0,1.0,0.0,1,0,0,0,1.0,,1.0,,,2.652867794000485,0.0064286209963029,0.0002698050011531
c_mobilenet_resnet50_pca_300_linear_svm,C,linear_svm,239,341,1,300,1,0.0,0.0,0.0,0.0,0.0,0.0,0.0,0,1,0,0,0.0,,,0.0,,2.6667836560009164,0.0065695299999788,0.0002896119985962
c_mobilenet_resnet50_pca_300_linear_svm,C,linear_svm,240,341,1,300,1,1.0,0.0,0.0,1.0,1.0,1.0,0.0,1,0,0,0,1.0,,1.0,,,2.678099928001757,0.0065329210046911,0.0002829200020642
c_mobilenet_resnet50_pca_300_linear_svm,C,linear_svm,241,341,1,300,1,1.0,0.0,0.0,1.0,1.0,1.0,0.0,1,0,0,0,1.0,,1.0,,,2.7100982580013806,0.0066154980013379,0.0002919870021287
c_mobilenet_resnet50_pca_300_linear_svm,C,linear_svm,242,341,1,300,1,1.0,0.0,0.0,1.0,1.0,1.0,0.0,1,0,0,0,1.0,,1.0,,,2.6531457630044315,0.006512150997878,0.0002988499982166
c_mobilenet_resnet50_pca_300_linear_svm,C,linear_svm,243,341,1,300,1,1.0,0.0,0.0,1.0,1.0,1.0,0.0,1,0,0,0,1.0,,1.0,,,2.618704461994639,0.0067188049943069,0.0002920269980677
c_mobilenet_resnet50_pca_300_linear_svm,C,linear_svm,244,341,1,300,1,1.0,0.0,0.0,1.0,1.0,1.0,0.0,1,0,0,0,1.0,,1.0,,,2.639624904004449,0.0065158779980265,0.0002837709980667
c_mobilenet_resnet50_pca_300_linear_svm,C,linear_svm,245,341,1,300,1,1.0,0.0,0.0,1.0,1.0,1.0,0.0,1,0,0,0,1.0,,1.0,,,2.654467232998286,0.0066144049997092,0.000293489996693
c_mobilenet_resnet50_pca_300_linear_svm,C,linear_svm,246,341,1,300,1,1.0,0.0,0.0,1.0,1.0,1.0,0.0,1,0,0,0,1.0,,1.0,,,2.6344480589978048,0.0065171599999303,0.0002901339976233
c_mobilenet_resnet50_pca_300_linear_svm,C,linear_svm,247,341,1,300,1,1.0,0.0,0.0,1.0,1.0,1.0,0.0,1,0,0,0,1.0,,1.0,,,2.6314840459963307,0.0065159680016222,0.0003002830053446
c_mobilenet_resnet50_pca_300_linear_svm,C,linear_svm,248,341,1,300,1,1.0,0.0,0.0,1.0,1.0,1.0,0.0,1,0,0,0,1.0,,1.0,,,2.6256995720032137,0.0067185139996581,0.0002972869988298
c_mobilenet_resnet50_pca_300_linear_svm,C,linear_svm,249,341,1,300,1,1.0,0.0,0.0,1.0,1.0,1.0,0.0,1,0,0,0,1.0,,1.0,,,2.6368710290043964,0.0064415960005135,0.0002963650040328
c_mobilenet_resnet50_pca_300_linear_svm,C,linear_svm,250,341,1,300,1,1.0,0.0,0.0,1.0,1.0,1.0,0.0,1,0,0,0,1.0,,1.0,,,2.6406327939985204,0.0076369260059436,0.0002788220008369
c_mobilenet_resnet50_pca_300_linear_svm,C,linear_svm,251,341,1,300,1,1.0,0.0,0.0,1.0,1.0,1.0,0.0,1,0,0,0,1.0,,1.0,,,2.6354892929957714,0.0064041150035336,0.0002887400041799
c_mobilenet_resnet50_pca_300_linear_svm,C,linear_svm,252,341,1,300,1,1.0,0.0,0.0,1.0,1.0,1.0,0.0,1,0,0,0,1.0,,1.0,,,2.625668332002533,0.0062332590023288,0.0002855650018318
c_mobilenet_resnet50_pca_300_linear_svm,C,linear_svm,253,341,1,300,1,1.0,0.0,0.0,1.0,1.0,1.0,0.0,1,0,0,0,1.0,,1.0,,,2.6341247800010024,0.0065462260026833,0.000299069994071
c_mobilenet_resnet50_pca_300_linear_svm,C,linear_svm,254,341,1,300,1,1.0,0.0,0.0,1.0,1.0,1.0,0.0,1,0,0,0,1.0,,1.0,,,2.6723020849967725,0.0064673650049371,0.0002879290041164
c_mobilenet_resnet50_pca_300_linear_svm,C,linear_svm,255,341,1,300,1,1.0,0.0,0.0,1.0,1.0,1.0,0.0,1,0,0,0,1.0,,1.0,,,2.6212054190036724,0.0064673859960748,0.0002919770049629
c_mobilenet_resnet50_pca_300_linear_svm,C,linear_svm,256,341,1,300,1,1.0,0.0,0.0,1.0,1.0,1.0,0.0,1,0,0,0,1.0,,1.0,,,2.65419742299855,0.0064632369976607,0.0002815369953168
c_mobilenet_resnet50_pca_300_linear_svm,C,linear_svm,257,341,1,300,1,1.0,0.0,0.0,1.0,1.0,1.0,0.0,1,0,0,0,1.0,,1.0,,,2.6588735629993607,0.0065289720005239,0.0002895819998229
c_mobilenet_resnet50_pca_300_linear_svm,C,linear_svm,258,341,1,300,1,1.0,0.0,0.0,1.0,1.0,1.0,0.0,1,0,0,0,1.0,,1.0,,,2.606555616002879,0.006516768997244,0.0002973970040329
c_mobilenet_resnet50_pca_300_linear_svm,C,linear_svm,259,341,1,300,1,1.0,0.0,0.0,1.0,1.0,1.0,0.0,1,0,0,0,1.0,,1.0,,,2.65546220500255,0.0064496710037929,0.0002954540032078
c_mobilenet_resnet50_pca_300_linear_svm,C,linear_svm,260,341,1,300,1,1.0,0.0,0.0,1.0,1.0,1.0,0.0,1,0,0,0,1.0,,1.0,,,2.6428643859981094,0.0064979029993992,0.0002828190044965
c_mobilenet_resnet50_pca_300_linear_svm,C,linear_svm,261,341,1,300,1,1.0,0.0,0.0,1.0,1.0,1.0,0.0,1,0,0,0,1.0,,1.0,,,2.623744368000189,0.0065416069992352,0.0002956030002678
c_mobilenet_resnet50_pca_300_linear_svm,C,linear_svm,262,341,1,300,1,1.0,0.0,0.0,1.0,1.0,1.0,0.0,1,0,0,0,1.0,,1.0,,,2.629937120997056,0.0063639669970143,0.000293920005788
c_mobilenet_resnet50_pca_300_linear_svm,C,linear_svm,263,341,1,300,1,1.0,0.0,0.0,1.0,1.0,1.0,0.0,1,0,0,0,1.0,,1.0,,,2.6523724910002784,0.0065926640018005,0.0002941709972219
c_mobilenet_resnet50_pca_300_linear_svm,C,linear_svm,264,341,1,300,1,0.0,0.0,0.0,0.0,0.0,0.0,0.0,0,1,0,0,0.0,,,0.0,,2.6119266180030536,0.0064055969996843,0.0002805949989124
c_mobilenet_resnet50_pca_300_linear_svm,C,linear_svm,265,341,1,300,1,1.0,0.0,0.0,1.0,1.0,1.0,0.0,1,0,0,0,1.0,,1.0,,,2.6416000940007507,0.0065072510042227,0.000286035996396
c_mobilenet_resnet50_pca_300_linear_svm,C,linear_svm,266,341,1,300,1,1.0,0.0,0.0,1.0,1.0,1.0,0.0,1,0,0,0,1.0,,1.0,,,2.6286866040027235,0.0075638660055119,0.0002959039993584
c_mobilenet_resnet50_pca_300_linear_svm,C,linear_svm,267,341,1,300,1,0.0,0.0,0.0,0.0,0.0,0.0,0.0,0,1,0,0,0.0,,,0.0,,2.6515564029978123,0.0075382280047051,0.0003001329969265
c_mobilenet_resnet50_pca_300_linear_svm,C,linear_svm,268,341,1,300,1,1.0,0.0,0.0,1.0,1.0,1.0,0.0,1,0,0,0,1.0,,1.0,,,2.6284183919997304,0.0065495119997649,0.0002860750028048
c_mobilenet_resnet50_pca_300_linear_svm,C,linear_svm,269,341,1,300,1,0.0,0.0,0.0,0.0,0.0,0.0,0.0,0,1,0,0,0.0,,,0.0,,2.645799060999707,0.0063073500059545,0.0003156519960612
c_mobilenet_resnet50_pca_300_linear_svm,C,linear_svm,270,341,1,300,1,1.0,0.0,0.0,1.0,1.0,1.0,0.0,1,0,0,0,1.0,,1.0,,,2.6026109479935258,0.0066294040007051,0.0002763570009847
c_mobilenet_resnet50_pca_300_linear_svm,C,linear_svm,271,341,1,300,1,1.0,0.0,0.0,1.0,1.0,1.0,0.0,1,0,0,0,1.0,,1.0,,,2.634969937003916,0.006691481998132,0.0002971060021081
c_mobilenet_resnet50_pca_300_linear_svm,C,linear_svm,272,341,1,300,1,1.0,0.0,0.0,1.0,1.0,1.0,0.0,1,0,0,0,1.0,,1.0,,,2.6320565490023,0.0064773039994179,0.0002928090034401
c_mobilenet_resnet50_pca_300_linear_svm,C,linear_svm,273,341,1,300,1,1.0,0.0,0.0,1.0,1.0,1.0,0.0,1,0,0,0,1.0,,1.0,,,2.6549307969980878,0.0065991369992843,0.0002935100055765
c_mobilenet_resnet50_pca_300_linear_svm,C,linear_svm,274,341,1,300,1,1.0,0.0,0.0,1.0,1.0,1.0,0.0,1,0,0,0,1.0,,1.0,,,2.614959890997852,0.0064994860003935,0.000286075999611
c_mobilenet_resnet50_pca_300_linear_svm,C,linear_svm,275,341,1,300,1,1.0,0.0,0.0,1.0,1.0,1.0,0.0,1,0,0,0,1.0,,1.0,,,2.654017904998909,0.0066433399988454,0.0003138089959975
c_mobilenet_resnet50_pca_300_linear_svm,C,linear_svm,276,341,1,300,1,1.0,0.0,0.0,1.0,1.0,1.0,0.0,1,0,0,0,1.0,,1.0,,,2.6311071870004525,0.0065960410065599,0.0002833910039043
c_mobilenet_resnet50_pca_300_linear_svm,C,linear_svm,277,341,1,300,1,1.0,0.0,0.0,1.0,1.0,1.0,0.0,1,0,0,0,1.0,,1.0,,,2.654174121998949,0.0065852400002768,0.0002972470028907
c_mobilenet_resnet50_pca_300_linear_svm,C,linear_svm,278,341,1,300,1,1.0,0.0,0.0,1.0,1.0,1.0,0.0,1,0,0,0,1.0,,1.0,,,2.652559983005631,0.006646797999565,0.0002847329960786
c_mobilenet_resnet50_pca_300_linear_svm,C,linear_svm,279,341,1,300,1,1.0,0.0,0.0,1.0,1.0,1.0,0.0,1,0,0,0,1.0,,1.0,,,2.6314686960031395,0.0065996570046991,0.0003073759944527
c_mobilenet_resnet50_pca_300_linear_svm,C,linear_svm,280,341,1,300,1,1.0,0.0,0.0,1.0,1.0,1.0,0.0,1,0,0,0,1.0,,1.0,,,2.652091689997178,0.0064153560015256,0.0002822680035023
c_mobilenet_resnet50_pca_300_linear_svm,C,linear_svm,281,341,1,300,1,1.0,0.0,0.0,1.0,1.0,1.0,0.0,1,0,0,0,1.0,,1.0,,,2.6365232759999344,0.0078075109995552,0.0003010849977727
c_mobilenet_resnet50_pca_300_linear_svm,C,linear_svm,282,341,1,300,1,1.0,0.0,0.0,1.0,1.0,1.0,0.0,1,0,0,0,1.0,,1.0,,,2.6558914570050547,0.0063587679978809,0.0002859349988284
c_mobilenet_resnet50_pca_300_linear_svm,C,linear_svm,283,341,1,300,1,1.0,0.0,0.0,1.0,1.0,1.0,0.0,1,0,0,0,1.0,,1.0,,,2.650591266996344,0.0066060300014214,0.0002923580032074
c_mobilenet_resnet50_pca_300_linear_svm,C,linear_svm,284,341,1,300,1,1.0,0.0,0.0,1.0,1.0,1.0,0.0,1,0,0,0,1.0,,1.0,,,2.5865248439949937,0.0064911609952105,0.0002824690018314
c_mobilenet_resnet50_pca_300_linear_svm,C,linear_svm,285,341,1,300,1,1.0,0.0,0.0,1.0,1.0,1.0,0.0,1,0,0,0,1.0,,1.0,,,2.656826970000111,0.0067105289999744,0.0003072960025747
c_mobilenet_resnet50_pca_300_linear_svm,C,linear_svm,286,341,1,300,1,1.0,0.0,0.0,1.0,1.0,1.0,0.0,1,0,0,0,1.0,,1.0,,,2.63235753900517,0.0066952199995284,0.0003016449991264
c_mobilenet_resnet50_pca_300_linear_svm,C,linear_svm,287,341,1,300,1,1.0,0.0,0.0,1.0,1.0,1.0,0.0,1,0,0,0,1.0,,1.0,,,2.63131060199521,0.0063062379995244,0.0002939810001407
c_mobilenet_resnet50_pca_300_linear_svm,C,linear_svm,288,341,1,300,1,1.0,0.0,0.0,1.0,1.0,1.0,0.0,1,0,0,0,1.0,,1.0,,,2.6181396409956506,0.0066281929975957,0.0002884109999286
c_mobilenet_resnet50_pca_300_linear_svm,C,linear_svm,289,341,1,300,1,1.0,0.0,0.0,1.0,1.0,1.0,0.0,1,0,0,0,1.0,,1.0,,,2.6118944289992214,0.0075046139972982,0.0002957340038847
c_mobilenet_resnet50_pca_300_linear_svm,C,linear_svm,290,341,1,300,1,1.0,0.0,0.0,1.0,1.0,1.0,0.0,1,0,0,0,1.0,,1.0,,,2.632830670998373,0.0066642009987845,0.0002851539975381
c_mobilenet_resnet50_pca_300_linear_svm,C,linear_svm,291,341,1,300,1,1.0,0.0,0.0,1.0,1.0,1.0,0.0,1,0,0,0,1.0,,1.0,,,2.640005053995992,0.0065807709979708,0.0002838809959939
c_mobilenet_resnet50_pca_300_linear_svm,C,linear_svm,292,341,1,300,1,1.0,0.0,0.0,1.0,1.0,1.0,0.0,1,0,0,0,1.0,,1.0,,,2.634668015001808,0.006350752999424,0.0002985190003528
c_mobilenet_resnet50_pca_300_linear_svm,C,linear_svm,293,341,1,300,1,1.0,0.0,0.0,1.0,1.0,1.0,0.0,1,0,0,0,1.0,,1.0,,,2.63128517199948,0.0061737750002066,0.0003034789988305
c_mobilenet_resnet50_pca_300_linear_svm,C,linear_svm,294,341,1,300,1,1.0,0.0,0.0,1.0,1.0,1.0,0.0,1,0,0,0,1.0,,1.0,,,2.6139065460010897,0.0064681860021664,0.0002794529937091
c_mobilenet_resnet50_pca_300_linear_svm,C,linear_svm,295,341,1,300,1,0.0,0.0,0.0,0.0,0.0,0.0,0.0,0,1,0,0,0.0,,,0.0,,2.6928651019989047,0.0061746569990646,0.0002916160010499
c_mobilenet_resnet50_pca_300_linear_svm,C,linear_svm,296,341,1,300,1,1.0,0.0,0.0,1.0,1.0,1.0,0.0,1,0,0,0,1.0,,1.0,,,2.6255167679992155,0.0065279000045848,0.0002869570016628
c_mobilenet_resnet50_pca_300_linear_svm,C,linear_svm,297,341,1,300,1,1.0,0.0,0.0,1.0,1.0,1.0,0.0,1,0,0,0,1.0,,1.0,,,2.6264727919988218,0.0064392819986096,0.0002885310022975
c_mobilenet_resnet50_pca_300_linear_svm,C,linear_svm,298,341,1,300,1,0.0,0.0,0.0,0.0,0.0,0.0,0.0,0,1,0,0,0.0,,,0.0,,2.6520036270012497,0.0065381500025978,0.0002819479996105
c_mobilenet_resnet50_pca_300_linear_svm,C,linear_svm,299,341,1,300,1,1.0,0.0,0.0,1.0,1.0,1.0,0.0,1,0,0,0,1.0,,1.0,,,2.637114417993871,0.0076849780016345,0.0002956739990622
c_mobilenet_resnet50_pca_300_linear_svm,C,linear_svm,300,341,1,300,1,1.0,0.0,0.0,1.0,1.0,1.0,0.0,1,0,0,0,1.0,,1.0,,,2.641271025997412,0.0067492929956642,0.0003298390001873
c_mobilenet_resnet50_pca_300_linear_svm,C,linear_svm,301,341,1,300,1,1.0,0.0,0.0,1.0,1.0,1.0,0.0,1,0,0,0,1.0,,1.0,,,2.654563208001491,0.0065679170002113,0.000290253003186
c_mobilenet_resnet50_pca_300_linear_svm,C,linear_svm,302,341,1,300,1,1.0,0.0,0.0,1.0,1.0,1.0,0.0,1,0,0,0,1.0,,1.0,,,2.6355783570033964,0.0065355659971828,0.0002879399980884
c_mobilenet_resnet50_pca_300_linear_svm,C,linear_svm,303,341,1,300,1,1.0,0.0,0.0,1.0,1.0,1.0,0.0,1,0,0,0,1.0,,1.0,,,2.630412113001512,0.006461784003477,0.0002876490034395
c_mobilenet_resnet50_pca_300_linear_svm,C,linear_svm,304,341,1,300,1,1.0,0.0,0.0,1.0,1.0,1.0,0.0,1,0,0,0,1.0,,1.0,,,2.611193949000153,0.0066205979965161,0.0002892420015996
c_mobilenet_resnet50_pca_300_linear_svm,C,linear_svm,305,341,1,300,1,1.0,0.0,0.0,1.0,1.0,1.0,0.0,1,0,0,0,1.0,,1.0,,,2.637989225993806,0.0064461150032002,0.0002871180040528
c_mobilenet_resnet50_pca_300_linear_svm,C,linear_svm,306,341,1,300,1,1.0,0.0,0.0,1.0,1.0,1.0,0.0,1,0,0,0,1.0,,1.0,,,2.62148673000047,0.0077808209971408,0.000301063999359
c_mobilenet_resnet50_pca_300_linear_svm,C,linear_svm,307,341,1,300,1,1.0,0.0,0.0,1.0,1.0,1.0,0.0,1,0,0,0,1.0,,1.0,,,2.6408556120004505,0.0064124499986064,0.0002887900045607
c_mobilenet_resnet50_pca_300_linear_svm,C,linear_svm,308,341,1,300,1,1.0,0.0,0.0,1.0,1.0,1.0,0.0,1,0,0,0,1.0,,1.0,,,2.645238461998815,0.0066665550039033,0.000291135002044
c_mobilenet_resnet50_pca_300_linear_svm,C,linear_svm,309,341,1,300,1,1.0,0.0,0.0,1.0,1.0,1.0,0.0,1,0,0,0,1.0,,1.0,,,2.639851045998512,0.0064647800027159,0.0002951029964606
c_mobilenet_resnet50_pca_300_linear_svm,C,linear_svm,310,341,1,300,1,1.0,0.0,0.0,1.0,1.0,1.0,0.0,1,0,0,0,1.0,,1.0,,,2.619781626999611,0.0067764350023935,0.0002893720011343
c_mobilenet_resnet50_pca_300_linear_svm,C,linear_svm,311,341,1,300,1,1.0,0.0,0.0,1.0,1.0,1.0,0.0,1,0,0,0,1.0,,1.0,,,2.612717342999531,0.0076906989997951,0.0002928690009866
c_mobilenet_resnet50_pca_300_linear_svm,C,linear_svm,312,341,1,300,1,1.0,0.0,0.0,1.0,1.0,1.0,0.0,1,0,0,0,1.0,,1.0,,,2.6336798039992573,0.0064920329969027,0.0002832199970725
c_mobilenet_resnet50_pca_300_linear_svm,C,linear_svm,313,341,1,300,1,1.0,0.0,0.0,1.0,1.0,1.0,0.0,1,0,0,0,1.0,,1.0,,,2.639662004003185,0.0064779550011735,0.0002886310030589
c_mobilenet_resnet50_pca_300_linear_svm,C,linear_svm,314,341,1,300,1,0.0,0.0,0.0,0.0,0.0,0.0,0.0,0,1,0,0,0.0,,,0.0,,2.6252209509984823,0.0065254860019194,0.0002854750055121
c_mobilenet_resnet50_pca_300_linear_svm,C,linear_svm,315,341,1,300,1,1.0,0.0,0.0,1.0,1.0,1.0,0.0,1,0,0,0,1.0,,1.0,,,2.653080096002668,0.0065255459994659,0.0002886209986172
c_mobilenet_resnet50_pca_300_linear_svm,C,linear_svm,316,341,1,300,1,1.0,0.0,0.0,1.0,1.0,1.0,0.0,1,0,0,0,1.0,,1.0,,,2.616492212000594,0.0064639589982107,0.0002892219999921
c_mobilenet_resnet50_pca_300_linear_svm,C,linear_svm,317,341,1,300,1,0.0,0.0,0.0,0.0,0.0,0.0,0.0,0,1,0,0,0.0,,,0.0,,2.6595043179986533,0.0059859969987883,0.0002918070022133
c_mobilenet_resnet50_pca_300_linear_svm,C,linear_svm,318,341,1,300,1,1.0,0.0,0.0,1.0,1.0,1.0,0.0,1,0,0,0,1.0,,1.0,,,2.6349869559999206,0.0075952359984512,0.0002999720018124
c_mobilenet_resnet50_pca_300_linear_svm,C,linear_svm,319,341,1,300,1,1.0,0.0,0.0,1.0,1.0,1.0,0.0,1,0,0,0,1.0,,1.0,,,2.636631371999101,0.0076626950030913,0.0002898730017477
c_mobilenet_resnet50_pca_300_linear_svm,C,linear_svm,320,341,1,300,1,1.0,0.0,0.0,1.0,1.0,1.0,0.0,1,0,0,0,1.0,,1.0,,,2.6158886490011355,0.0065403239932493,0.0003016949995071
c_mobilenet_resnet50_pca_300_linear_svm,C,linear_svm,321,341,1,300,1,1.0,0.0,0.0,1.0,1.0,1.0,0.0,1,0,0,0,1.0,,1.0,,,2.648410097004671,0.0064130109967663,0.0002965249950648
c_mobilenet_resnet50_pca_300_linear_svm,C,linear_svm,322,341,1,300,1,1.0,0.0,0.0,1.0,1.0,1.0,0.0,1,0,0,0,1.0,,1.0,,,2.6241332039935514,0.0064524170011281,0.0002854449994629
c_mobilenet_resnet50_pca_300_linear_svm,C,linear_svm,323,341,1,300,1,1.0,0.0,0.0,1.0,1.0,1.0,0.0,1,0,0,0,1.0,,1.0,,,2.633242096999311,0.0065520770003786,0.0002865759961423
c_mobilenet_resnet50_pca_300_linear_svm,C,linear_svm,324,341,1,300,1,1.0,0.0,0.0,1.0,1.0,1.0,0.0,1,0,0,0,1.0,,1.0,,,2.600786193004751,0.0078603019937872,0.0002861859975382
c_mobilenet_resnet50_pca_300_linear_svm,C,linear_svm,325,341,1,300,1,1.0,0.0,0.0,1.0,1.0,1.0,0.0,1,0,0,0,1.0,,1.0,,,2.6493278769994504,0.0063569140038453,0.0002893819983
c_mobilenet_resnet50_pca_300_linear_svm,C,linear_svm,326,341,1,300,1,1.0,0.0,0.0,1.0,1.0,1.0,0.0,1,0,0,0,1.0,,1.0,,,2.60820267899544,0.0066366780010866,0.0002896719961427
c_mobilenet_resnet50_pca_300_linear_svm,C,linear_svm,327,341,1,300,1,1.0,0.0,0.0,1.0,1.0,1.0,0.0,1,0,0,0,1.0,,1.0,,,2.6299684629993862,0.0065017509987228,0.0002858549996744
c_mobilenet_resnet50_pca_300_linear_svm,C,linear_svm,328,341,1,300,1,1.0,0.0,0.0,1.0,1.0,1.0,0.0,1,0,0,0,1.0,,1.0,,,2.653510152005765,0.0076411539994296,0.0002939909973065
c_mobilenet_resnet50_pca_300_linear_svm,C,linear_svm,329,341,1,300,1,1.0,0.0,0.0,1.0,1.0,1.0,0.0,1,0,0,0,1.0,,1.0,,,2.6283227329986403,0.0065053770013037,0.0002801640002871
c_mobilenet_resnet50_pca_300_linear_svm,C,linear_svm,330,341,1,300,1,0.0,0.0,0.0,0.0,0.0,0.0,0.0,0,1,0,0,0.0,,,0.0,,2.6558638409987907,0.0065952489967457,0.0002901129992096
c_mobilenet_resnet50_pca_300_linear_svm,C,linear_svm,331,341,1,300,1,1.0,0.0,0.0,1.0,1.0,1.0,0.0,1,0,0,0,1.0,,1.0,,,2.6347528569967835,0.0064059079959406,0.0002859860032913
c_mobilenet_resnet50_pca_300_linear_svm,C,linear_svm,332,341,1,300,1,1.0,0.0,0.0,1.0,1.0,1.0,0.0,1,0,0,0,1.0,,1.0,,,2.62419728399982,0.0065007290031644,0.0002893719938583
c_mobilenet_resnet50_pca_300_linear_svm,C,linear_svm,333,341,1,300,1,0.0,0.0,0.0,0.0,0.0,0.0,0.0,0,1,0,0,0.0,,,0.0,,2.6571596009962377,0.0061782539996784,0.0002892109987442
c_mobilenet_resnet50_pca_300_linear_svm,C,linear_svm,334,341,1,300,1,1.0,0.0,0.0,1.0,1.0,1.0,0.0,1,0,0,0,1.0,,1.0,,,2.611274114002299,0.007625744001416,0.0002852239995263
c_mobilenet_resnet50_pca_300_linear_svm,C,linear_svm,335,341,1,300,1,1.0,0.0,0.0,1.0,1.0,1.0,0.0,1,0,0,0,1.0,,1.0,,,2.6456689659971744,0.0063909300006343,0.0002945019950857
c_mobilenet_resnet50_pca_300_linear_svm,C,linear_svm,336,341,1,300,1,0.0,0.0,0.0,0.0,0.0,0.0,0.0,0,1,0,0,0.0,,,0.0,,2.6413276349994703,0.011010961003194,0.000342172999808
c_mobilenet_resnet50_pca_300_linear_svm,C,linear_svm,337,341,1,300,1,0.0,0.0,0.0,0.0,0.0,0.0,0.0,0,1,0,0,0.0,,,0.0,,2.6554441889966256,0.0063278090019593,0.0002832499958458
c_mobilenet_resnet50_pca_300_linear_svm,C,linear_svm,338,341,1,300,1,1.0,0.0,0.0,1.0,1.0,1.0,0.0,1,0,0,0,1.0,,1.0,,,2.58720396499848,0.0065869929967448,0.0002820780064212
c_mobilenet_resnet50_pca_300_linear_svm,C,linear_svm,339,341,1,300,1,1.0,0.0,0.0,1.0,1.0,1.0,0.0,1,0,0,0,1.0,,1.0,,,2.651607722000336,0.007791971998813,0.0002907849993789
c_mobilenet_resnet50_pca_300_linear_svm,C,linear_svm,340,341,1,300,1,1.0,0.0,0.0,1.0,1.0,1.0,0.0,1,0,0,0,1.0,,1.0,,,2.6315182949983864,0.0066013609975925,0.0002909250033553
c_mobilenet_resnet50_pca_300_linear_svm,C,linear_svm,341,341,1,300,1,1.0,0.0,0.0,1.0,1.0,1.0,0.0,1,0,0,0,1.0,,1.0,,,2.652256588997261,0.0064747599972179,0.0002897730009863
c_mobilenet_resnet50_pca_300_linear_svm,C,linear_svm,342,341,1,300,1,0.0,0.0,0.0,0.0,0.0,0.0,0.0,0,1,0,0,0.0,,,0.0,,2.616381645006186,0.0077110070051276,0.0002907040034187
d_mobilenet_resnet50_pca_300_linear_svm,D,linear_svm,1,341,1,600,1,0.0,0.0,0.0,0.0,0.0,0.0,0.0,0,0,1,0,,0.0,0.0,,,2.2352424419950694,0.0123849420051556,0.0003926190038328
d_mobilenet_resnet50_pca_300_linear_svm,D,linear_svm,2,341,1,600,1,1.0,1.0,1.0,0.0,1.0,1.0,0.0,0,0,0,1,,1.0,,1.0,,2.2268479010017472,0.010303652001312,0.0003276949937571
d_mobilenet_resnet50_pca_300_linear_svm,D,linear_svm,3,341,1,600,1,1.0,1.0,1.0,0.0,1.0,1.0,0.0,0,0,0,1,,1.0,,1.0,,2.217770969000412,0.0098653559980448,0.0003276450006524
d_mobilenet_resnet50_pca_300_linear_svm,D,linear_svm,4,341,1,600,1,1.0,1.0,1.0,0.0,1.0,1.0,0.0,0,0,0,1,,1.0,,1.0,,2.226449200003117,0.0100423140029306,0.0003247290005674
d_mobilenet_resnet50_pca_300_linear_svm,D,linear_svm,5,341,1,600,1,0.0,0.0,0.0,0.0,0.0,0.0,0.0,0,0,1,0,,0.0,0.0,,,2.224706275999779,0.009688919999462,0.0003321029944345
d_mobilenet_resnet50_pca_300_linear_svm,D,linear_svm,6,341,1,600,1,1.0,1.0,1.0,0.0,1.0,1.0,0.0,0,0,0,1,,1.0,,1.0,,2.225276012999529,0.0100722999995923,0.0003082179973716
d_mobilenet_resnet50_pca_300_linear_svm,D,linear_svm,7,341,1,600,1,1.0,1.0,1.0,0.0,1.0,1.0,0.0,0,0,0,1,,1.0,,1.0,,2.2312791320000542,0.0098119450049125,0.0003342470008647
d_mobilenet_resnet50_pca_300_linear_svm,D,linear_svm,8,341,1,600,1,1.0,1.0,1.0,0.0,1.0,1.0,0.0,0,0,0,1,,1.0,,1.0,,2.2193926899999497,0.0101315240026451,0.0003105629948549
d_mobilenet_resnet50_pca_300_linear_svm,D,linear_svm,9,341,1,600,1,1.0,1.0,1.0,0.0,1.0,1.0,0.0,0,0,0,1,,1.0,,1.0,,2.2170478780026315,0.0100202109970268,0.0003369429978192
d_mobilenet_resnet50_pca_300_linear_svm,D,linear_svm,10,341,1,600,1,1.0,1.0,1.0,0.0,1.0,1.0,0.0,0,0,0,1,,1.0,,1.0,,2.209180132995243,0.0099073059973306,0.0003203609958291
d_mobilenet_resnet50_pca_300_linear_svm,D,linear_svm,11,341,1,600,1,1.0,1.0,1.0,0.0,1.0,1.0,0.0,0,0,0,1,,1.0,,1.0,,2.228723206993891,0.0097031669938587,0.0003292080000392
d_mobilenet_resnet50_pca_300_linear_svm,D,linear_svm,12,341,1,600,1,1.0,1.0,1.0,0.0,1.0,1.0,0.0,0,0,0,1,,1.0,,1.0,,2.2249333080035285,0.0097665969951776,0.0003023870012839
d_mobilenet_resnet50_pca_300_linear_svm,D,linear_svm,13,341,1,600,1,1.0,1.0,1.0,0.0,1.0,1.0,0.0,0,0,0,1,,1.0,,1.0,,2.235231790000398,0.0096316109993495,0.0003389159974176
d_mobilenet_resnet50_pca_300_linear_svm,D,linear_svm,14,341,1,600,1,1.0,1.0,1.0,0.0,1.0,1.0,0.0,0,0,0,1,,1.0,,1.0,,2.216179310998996,0.0097047399976872,0.0003029279978363
d_mobilenet_resnet50_pca_300_linear_svm,D,linear_svm,15,341,1,600,1,1.0,1.0,1.0,0.0,1.0,1.0,0.0,0,0,0,1,,1.0,,1.0,,2.2251545999970403,0.0098292370021226,0.0003335059955134
d_mobilenet_resnet50_pca_300_linear_svm,D,linear_svm,16,341,1,600,1,1.0,1.0,1.0,0.0,1.0,1.0,0.0,0,0,0,1,,1.0,,1.0,,2.221865315994364,0.0098439659996074,0.000314980999974
d_mobilenet_resnet50_pca_300_linear_svm,D,linear_svm,17,341,1,600,1,1.0,1.0,1.0,0.0,1.0,1.0,0.0,0,0,0,1,,1.0,,1.0,,2.2315498669995577,0.0097692729978007,0.0003346689991303
d_mobilenet_resnet50_pca_300_linear_svm,D,linear_svm,18,341,1,600,1,1.0,1.0,1.0,0.0,1.0,1.0,0.0,0,0,0,1,,1.0,,1.0,,2.222508922997804,0.0096870159977697,0.0003072659965255
d_mobilenet_resnet50_pca_300_linear_svm,D,linear_svm,19,341,1,600,1,1.0,1.0,1.0,0.0,1.0,1.0,0.0,0,0,0,1,,1.0,,1.0,,2.2519065020023845,0.0096709659992484,0.0003345079967402
d_mobilenet_resnet50_pca_300_linear_svm,D,linear_svm,20,341,1,600,1,1.0,1.0,1.0,0.0,1.0,1.0,0.0,0,0,0,1,,1.0,,1.0,,2.2364088829999678,0.0100947640021331,0.0003127970048808
d_mobilenet_resnet50_pca_300_linear_svm,D,linear_svm,21,341,1,600,1,1.0,1.0,1.0,0.0,1.0,1.0,0.0,0,0,0,1,,1.0,,1.0,,2.2159252959972946,0.0099205809965496,0.0003333059939905
d_mobilenet_resnet50_pca_300_linear_svm,D,linear_svm,22,341,1,600,1,1.0,1.0,1.0,0.0,1.0,1.0,0.0,0,0,0,1,,1.0,,1.0,,2.2417446010003914,0.0100415019987849,0.0003104719944531
d_mobilenet_resnet50_pca_300_linear_svm,D,linear_svm,23,341,1,600,1,1.0,1.0,1.0,0.0,1.0,1.0,0.0,0,0,0,1,,1.0,,1.0,,2.223721716,0.0095823560041026,0.0003349389953655
d_mobilenet_resnet50_pca_300_linear_svm,D,linear_svm,24,341,1,600,1,1.0,1.0,1.0,0.0,1.0,1.0,0.0,0,0,0,1,,1.0,,1.0,,2.2140212440062896,0.0097808150021592,0.0003053030013688
d_mobilenet_resnet50_pca_300_linear_svm,D,linear_svm,25,341,1,600,1,1.0,1.0,1.0,0.0,1.0,1.0,0.0,0,0,0,1,,1.0,,1.0,,2.2119769050041214,0.0098679509974317,0.000348153997038
d_mobilenet_resnet50_pca_300_linear_svm,D,linear_svm,26,341,1,600,1,1.0,1.0,1.0,0.0,1.0,1.0,0.0,0,0,0,1,,1.0,,1.0,,2.2287784490035847,0.0097598050051601,0.0003011250009876
d_mobilenet_resnet50_pca_300_linear_svm,D,linear_svm,27,341,1,600,1,1.0,1.0,1.0,0.0,1.0,1.0,0.0,0,0,0,1,,1.0,,1.0,,2.2111932400002843,0.0098458279971964,0.0003312819972052
d_mobilenet_resnet50_pca_300_linear_svm,D,linear_svm,28,341,1,600,1,1.0,1.0,1.0,0.0,1.0,1.0,0.0,0,0,0,1,,1.0,,1.0,,2.2230433910008287,0.0098703559997375,0.0003184980014339
d_mobilenet_resnet50_pca_300_linear_svm,D,linear_svm,29,341,1,600,1,1.0,1.0,1.0,0.0,1.0,1.0,0.0,0,0,0,1,,1.0,,1.0,,2.222589245000563,0.009707976001664,0.0003218940037186
d_mobilenet_resnet50_pca_300_linear_svm,D,linear_svm,30,341,1,600,1,1.0,1.0,1.0,0.0,1.0,1.0,0.0,0,0,0,1,,1.0,,1.0,,2.230160936000175,0.010123518994078,0.0003214329990441
d_mobilenet_resnet50_pca_300_linear_svm,D,linear_svm,31,341,1,600,1,1.0,1.0,1.0,0.0,1.0,1.0,0.0,0,0,0,1,,1.0,,1.0,,2.2271436910014017,0.0095939289967645,0.0003449780051596
d_mobilenet_resnet50_pca_300_linear_svm,D,linear_svm,32,341,1,600,1,1.0,1.0,1.0,0.0,1.0,1.0,0.0,0,0,0,1,,1.0,,1.0,,2.2354690599968308,0.0097489740001037,0.0003019959985977
d_mobilenet_resnet50_pca_300_linear_svm,D,linear_svm,33,341,1,600,1,1.0,1.0,1.0,0.0,1.0,1.0,0.0,0,0,0,1,,1.0,,1.0,,2.2420087229984347,0.0097156609990634,0.0003350900005898
d_mobilenet_resnet50_pca_300_linear_svm,D,linear_svm,34,341,1,600,1,1.0,1.0,1.0,0.0,1.0,1.0,0.0,0,0,0,1,,1.0,,1.0,,2.231161292998877,0.0098507889997563,0.0003135380029561
d_mobilenet_resnet50_pca_300_linear_svm,D,linear_svm,35,341,1,600,1,1.0,1.0,1.0,0.0,1.0,1.0,0.0,0,0,0,1,,1.0,,1.0,,2.2182795939952484,0.0120247749946429,0.0004012049976154
d_mobilenet_resnet50_pca_300_linear_svm,D,linear_svm,36,341,1,600,1,1.0,1.0,1.0,0.0,1.0,1.0,0.0,0,0,0,1,,1.0,,1.0,,2.2338623049945454,0.0124050599988549,0.0003626719990279
d_mobilenet_resnet50_pca_300_linear_svm,D,linear_svm,37,341,1,600,1,1.0,1.0,1.0,0.0,1.0,1.0,0.0,0,0,0,1,,1.0,,1.0,,2.2399917549992097,0.0096425209994777,0.0003091799953836
d_mobilenet_resnet50_pca_300_linear_svm,D,linear_svm,38,341,1,600,1,1.0,1.0,1.0,0.0,1.0,1.0,0.0,0,0,0,1,,1.0,,1.0,,2.2550267210026504,0.0113952250030706,0.0003214930038666
d_mobilenet_resnet50_pca_300_linear_svm,D,linear_svm,39,341,1,600,1,1.0,1.0,1.0,0.0,1.0,1.0,0.0,0,0,0,1,,1.0,,1.0,,2.227526130001934,0.0104948059961316,0.0003264120023231
d_mobilenet_resnet50_pca_300_linear_svm,D,linear_svm,40,341,1,600,1,1.0,1.0,1.0,0.0,1.0,1.0,0.0,0,0,0,1,,1.0,,1.0,,2.2150558050052496,0.0098716579959727,0.0002849040029104
d_mobilenet_resnet50_pca_300_linear_svm,D,linear_svm,41,341,1,600,1,1.0,1.0,1.0,0.0,1.0,1.0,0.0,0,0,0,1,,1.0,,1.0,,2.227257587001077,0.009961719995772,0.000292258002446
d_mobilenet_resnet50_pca_300_linear_svm,D,linear_svm,42,341,1,600,1,1.0,1.0,1.0,0.0,1.0,1.0,0.0,0,0,0,1,,1.0,,1.0,,2.25993827899947,0.0100500779954018,0.0003087290024268
d_mobilenet_resnet50_pca_300_linear_svm,D,linear_svm,43,341,1,600,1,1.0,1.0,1.0,0.0,1.0,1.0,0.0,0,0,0,1,,1.0,,1.0,,2.236828261004121,0.0097690429975045,0.0003325050056446
d_mobilenet_resnet50_pca_300_linear_svm,D,linear_svm,44,341,1,600,1,1.0,1.0,1.0,0.0,1.0,1.0,0.0,0,0,0,1,,1.0,,1.0,,2.222638717998052,0.0099224450023029,0.0003132769998046
d_mobilenet_resnet50_pca_300_linear_svm,D,linear_svm,45,341,1,600,1,1.0,1.0,1.0,0.0,1.0,1.0,0.0,0,0,0,1,,1.0,,1.0,,2.222200222000538,0.0097104109954671,0.0003291770044597
d_mobilenet_resnet50_pca_300_linear_svm,D,linear_svm,46,341,1,600,1,1.0,1.0,1.0,0.0,1.0,1.0,0.0,0,0,0,1,,1.0,,1.0,,2.227760515997943,0.009956650006643,0.0003110639954684
d_mobilenet_resnet50_pca_300_linear_svm,D,linear_svm,47,341,1,600,1,1.0,1.0,1.0,0.0,1.0,1.0,0.0,0,0,0,1,,1.0,,1.0,,2.231106086001091,0.0098545950022526,0.0003386859971215
d_mobilenet_resnet50_pca_300_linear_svm,D,linear_svm,48,341,1,600,1,1.0,1.0,1.0,0.0,1.0,1.0,0.0,0,0,0,1,,1.0,,1.0,,2.225899915996706,0.0095290650060633,0.000282048000372
d_mobilenet_resnet50_pca_300_linear_svm,D,linear_svm,49,341,1,600,1,1.0,1.0,1.0,0.0,1.0,1.0,0.0,0,0,0,1,,1.0,,1.0,,2.228917531996558,0.0099704870008281,0.0003290269960416
d_mobilenet_resnet50_pca_300_linear_svm,D,linear_svm,50,341,1,600,1,1.0,1.0,1.0,0.0,1.0,1.0,0.0,0,0,0,1,,1.0,,1.0,,2.24216509800317,0.0094674869978916,0.0002804350006044
d_mobilenet_resnet50_pca_300_linear_svm,D,linear_svm,51,341,1,600,1,1.0,1.0,1.0,0.0,1.0,1.0,0.0,0,0,0,1,,1.0,,1.0,,2.235373015006189,0.0123498440007097,0.0004126969943172
d_mobilenet_resnet50_pca_300_linear_svm,D,linear_svm,52,341,1,600,1,0.0,0.0,0.0,0.0,0.0,0.0,0.0,0,0,1,0,,0.0,0.0,,,2.242021884994756,0.0097839000009116,0.0003166239985148
d_mobilenet_resnet50_pca_300_linear_svm,D,linear_svm,53,341,1,600,1,1.0,1.0,1.0,0.0,1.0,1.0,0.0,0,0,0,1,,1.0,,1.0,,2.2280592750030337,0.0106048460002057,0.0003512699986458
d_mobilenet_resnet50_pca_300_linear_svm,D,linear_svm,54,341,1,600,1,1.0,1.0,1.0,0.0,1.0,1.0,0.0,0,0,0,1,,1.0,,1.0,,2.2307781300041825,0.0101336380030261,0.0003128870012005
d_mobilenet_resnet50_pca_300_linear_svm,D,linear_svm,55,341,1,600,1,1.0,1.0,1.0,0.0,1.0,1.0,0.0,0,0,0,1,,1.0,,1.0,,2.231757057001232,0.0096978360015782,0.000330650997057
d_mobilenet_resnet50_pca_300_linear_svm,D,linear_svm,56,341,1,600,1,1.0,1.0,1.0,0.0,1.0,1.0,0.0,0,0,0,1,,1.0,,1.0,,2.246766243995808,0.0100369229985517,0.0003123159985989
d_mobilenet_resnet50_pca_300_linear_svm,D,linear_svm,57,341,1,600,1,1.0,1.0,1.0,0.0,1.0,1.0,0.0,0,0,0,1,,1.0,,1.0,,2.2269731479973416,0.0098122999988845,0.0003336640002089
d_mobilenet_resnet50_pca_300_linear_svm,D,linear_svm,58,341,1,600,1,1.0,1.0,1.0,0.0,1.0,1.0,0.0,0,0,0,1,,1.0,,1.0,,2.228930158998992,0.0100388200007728,0.0003049700026167
d_mobilenet_resnet50_pca_300_linear_svm,D,linear_svm,59,341,1,600,1,1.0,1.0,1.0,0.0,1.0,1.0,0.0,0,0,0,1,,1.0,,1.0,,2.218961049999052,0.0096938950009644,0.0003314499990665
d_mobilenet_resnet50_pca_300_linear_svm,D,linear_svm,60,341,1,600,1,1.0,1.0,1.0,0.0,1.0,1.0,0.0,0,0,0,1,,1.0,,1.0,,2.2409589250019053,0.009702682000352,0.0003044280019821
d_mobilenet_resnet50_pca_300_linear_svm,D,linear_svm,61,341,1,600,1,1.0,1.0,1.0,0.0,1.0,1.0,0.0,0,0,0,1,,1.0,,1.0,,2.245176673000969,0.0100267279995023,0.0003477509962976
d_mobilenet_resnet50_pca_300_linear_svm,D,linear_svm,62,341,1,600,1,1.0,1.0,1.0,0.0,1.0,1.0,0.0,0,0,0,1,,1.0,,1.0,,2.223478015999717,0.0098378900001989,0.0003056009954889
d_mobilenet_resnet50_pca_300_linear_svm,D,linear_svm,63,341,1,600,1,1.0,1.0,1.0,0.0,1.0,1.0,0.0,0,0,0,1,,1.0,,1.0,,2.226431554001465,0.0100284119980642,0.00034621800296
d_mobilenet_resnet50_pca_300_linear_svm,D,linear_svm,64,341,1,600,1,1.0,1.0,1.0,0.0,1.0,1.0,0.0,0,0,0,1,,1.0,,1.0,,2.250568734998524,0.0098878150020027,0.0003074840060435
d_mobilenet_resnet50_pca_300_linear_svm,D,linear_svm,65,341,1,600,1,1.0,1.0,1.0,0.0,1.0,1.0,0.0,0,0,0,1,,1.0,,1.0,,2.2430659960009507,0.0097685680011636,0.0003341049959999
d_mobilenet_resnet50_pca_300_linear_svm,D,linear_svm,66,341,1,600,1,1.0,1.0,1.0,0.0,1.0,1.0,0.0,0,0,0,1,,1.0,,1.0,,2.239347335002094,0.0099225809972267,0.0003169620031258
d_mobilenet_resnet50_pca_300_linear_svm,D,linear_svm,67,341,1,600,1,1.0,1.0,1.0,0.0,1.0,1.0,0.0,0,0,0,1,,1.0,,1.0,,2.225733927996771,0.009966997000447,0.0003536020012688
d_mobilenet_resnet50_pca_300_linear_svm,D,linear_svm,68,341,1,600,1,1.0,1.0,1.0,0.0,1.0,1.0,0.0,0,0,0,1,,1.0,,1.0,,2.245798351999838,0.0096359680028399,0.0003026650010724
d_mobilenet_resnet50_pca_300_linear_svm,D,linear_svm,69,341,1,600,1,1.0,1.0,1.0,0.0,1.0,1.0,0.0,0,0,0,1,,1.0,,1.0,,2.2290141159974155,0.0095083950000116,0.0003280829987488
d_mobilenet_resnet50_pca_300_linear_svm,D,linear_svm,70,341,1,600,1,0.0,0.0,0.0,0.0,0.0,0.0,0.0,0,0,1,0,,0.0,0.0,,,2.225105732999509,0.0096641720010666,0.0003032370004802
d_mobilenet_resnet50_pca_300_linear_svm,D,linear_svm,71,341,1,600,1,1.0,1.0,1.0,0.0,1.0,1.0,0.0,0,0,0,1,,1.0,,1.0,,2.2364940059997025,0.0099136360004195,0.0003387639953871
d_mobilenet_resnet50_pca_300_linear_svm,D,linear_svm,72,341,1,600,1,1.0,1.0,1.0,0.0,1.0,1.0,0.0,0,0,0,1,,1.0,,1.0,,2.22545995299879,0.0097855830026674,0.0003022240052814
d_mobilenet_resnet50_pca_300_linear_svm,D,linear_svm,73,341,1,600,1,1.0,1.0,1.0,0.0,1.0,1.0,0.0,0,0,0,1,,1.0,,1.0,,2.2326170329979504,0.0100226740032667,0.0003443349996814
d_mobilenet_resnet50_pca_300_linear_svm,D,linear_svm,74,341,1,600,1,1.0,1.0,1.0,0.0,1.0,1.0,0.0,0,0,0,1,,1.0,,1.0,,2.250836193001305,0.0096740419976413,0.0003092069964623
d_mobilenet_resnet50_pca_300_linear_svm,D,linear_svm,75,341,1,600,1,1.0,1.0,1.0,0.0,1.0,1.0,0.0,0,0,0,1,,1.0,,1.0,,2.214528979995521,0.0098576510063139,0.0003298270021332
d_mobilenet_resnet50_pca_300_linear_svm,D,linear_svm,76,341,1,600,1,1.0,1.0,1.0,0.0,1.0,1.0,0.0,0,0,0,1,,1.0,,1.0,,2.2289562840014696,0.0096916949987644,0.0003057409994653
d_mobilenet_resnet50_pca_300_linear_svm,D,linear_svm,77,341,1,600,1,1.0,1.0,1.0,0.0,1.0,1.0,0.0,0,0,0,1,,1.0,,1.0,,2.2296052879974013,0.0096146389987552,0.0003395450039533
d_mobilenet_resnet50_pca_300_linear_svm,D,linear_svm,78,341,1,600,1,1.0,1.0,1.0,0.0,1.0,1.0,0.0,0,0,0,1,,1.0,,1.0,,2.244585063002887,0.0098263709951424,0.00030371700268
d_mobilenet_resnet50_pca_300_linear_svm,D,linear_svm,79,341,1,600,1,1.0,1.0,1.0,0.0,1.0,1.0,0.0,0,0,0,1,,1.0,,1.0,,2.234211013004824,0.0096536639975965,0.0003270109955337
d_mobilenet_resnet50_pca_300_linear_svm,D,linear_svm,80,341,1,600,1,1.0,1.0,1.0,0.0,1.0,1.0,0.0,0,0,0,1,,1.0,,1.0,,2.2139999479986727,0.0097845630007213,0.0003034869951079
d_mobilenet_resnet50_pca_300_linear_svm,D,linear_svm,81,341,1,600,1,1.0,1.0,1.0,0.0,1.0,1.0,0.0,0,0,0,1,,1.0,,1.0,,2.229504798997368,0.0096329449952463,0.0002918839963967
d_mobilenet_resnet50_pca_300_linear_svm,D,linear_svm,82,341,1,600,1,1.0,1.0,1.0,0.0,1.0,1.0,0.0,0,0,0,1,,1.0,,1.0,,2.232700492000731,0.0097310820056009,0.0003064319971599
d_mobilenet_resnet50_pca_300_linear_svm,D,linear_svm,83,341,1,600,1,1.0,1.0,1.0,0.0,1.0,1.0,0.0,0,0,0,1,,1.0,,1.0,,2.2084829320010613,0.0096615300062694,0.0003358280009706
d_mobilenet_resnet50_pca_300_linear_svm,D,linear_svm,84,341,1,600,1,1.0,1.0,1.0,0.0,1.0,1.0,0.0,0,0,0,1,,1.0,,1.0,,2.2178136319998885,0.0097846549979294,0.000305389999994
d_mobilenet_resnet50_pca_300_linear_svm,D,linear_svm,85,341,1,600,1,1.0,1.0,1.0,0.0,1.0,1.0,0.0,0,0,0,1,,1.0,,1.0,,2.223791661002906,0.009719800997118,0.000336769997375
d_mobilenet_resnet50_pca_300_linear_svm,D,linear_svm,86,341,1,600,1,1.0,1.0,1.0,0.0,1.0,1.0,0.0,0,0,0,1,,1.0,,1.0,,2.2534363660015515,0.0100046430015936,0.0003005010003107
d_mobilenet_resnet50_pca_300_linear_svm,D,linear_svm,87,341,1,600,1,1.0,1.0,1.0,0.0,1.0,1.0,0.0,0,0,0,1,,1.0,,1.0,,2.204935412999476,0.0098500390013214,0.0003278930016676
d_mobilenet_resnet50_pca_300_linear_svm,D,linear_svm,88,341,1,600,1,1.0,1.0,1.0,0.0,1.0,1.0,0.0,0,0,0,1,,1.0,,1.0,,2.2179106100011268,0.0098618819974944,0.000306914000248
d_mobilenet_resnet50_pca_300_linear_svm,D,linear_svm,89,341,1,600,1,1.0,1.0,1.0,0.0,1.0,1.0,0.0,0,0,0,1,,1.0,,1.0,,2.242569170004572,0.0120553509987075,0.000392586000089
d_mobilenet_resnet50_pca_300_linear_svm,D,linear_svm,90,341,1,600,1,1.0,1.0,1.0,0.0,1.0,1.0,0.0,0,0,0,1,,1.0,,1.0,,2.2320319119971828,0.0113330189997213,0.0003045789999305
d_mobilenet_resnet50_pca_300_linear_svm,D,linear_svm,91,341,1,600,1,1.0,1.0,1.0,0.0,1.0,1.0,0.0,0,0,0,1,,1.0,,1.0,,2.2172739029992954,0.0097007669974118,0.0003338950045872
d_mobilenet_resnet50_pca_300_linear_svm,D,linear_svm,92,341,1,600,1,1.0,1.0,1.0,0.0,1.0,1.0,0.0,0,0,0,1,,1.0,,1.0,,2.2187406169978203,0.0097456529983901,0.000308706999931
d_mobilenet_resnet50_pca_300_linear_svm,D,linear_svm,93,341,1,600,1,1.0,1.0,1.0,0.0,1.0,1.0,0.0,0,0,0,1,,1.0,,1.0,,2.255193627002882,0.0096434980005142,0.0003311390028102
d_mobilenet_resnet50_pca_300_linear_svm,D,linear_svm,94,341,1,600,1,1.0,1.0,1.0,0.0,1.0,1.0,0.0,0,0,0,1,,1.0,,1.0,,2.221896517999994,0.0124972730045556,0.0003605050005717
d_mobilenet_resnet50_pca_300_linear_svm,D,linear_svm,95,341,1,600,1,1.0,1.0,1.0,0.0,1.0,1.0,0.0,0,0,0,1,,1.0,,1.0,,2.254017887004011,0.0112542299975757,0.0003242359962314
d_mobilenet_resnet50_pca_300_linear_svm,D,linear_svm,96,341,1,600,1,1.0,1.0,1.0,0.0,1.0,1.0,0.0,0,0,0,1,,1.0,,1.0,,2.236921400995925,0.0098562340062926,0.0002800420043058
d_mobilenet_resnet50_pca_300_linear_svm,D,linear_svm,97,341,1,600,1,1.0,1.0,1.0,0.0,1.0,1.0,0.0,0,0,0,1,,1.0,,1.0,,2.2237062880012672,0.0098404140007914,0.0002970540008391
d_mobilenet_resnet50_pca_300_linear_svm,D,linear_svm,98,341,1,600,1,0.0,0.0,0.0,0.0,0.0,0.0,0.0,0,0,1,0,,0.0,0.0,,,2.2350912830006564,0.0097799479990499,0.0002980069984914
d_mobilenet_resnet50_pca_300_linear_svm,D,linear_svm,99,341,1,600,1,1.0,1.0,1.0,0.0,1.0,1.0,0.0,0,0,0,1,,1.0,,1.0,,2.2428085389983607,0.0108831159959663,0.0003430919969105
d_mobilenet_resnet50_pca_300_linear_svm,D,linear_svm,100,341,1,600,1,1.0,1.0,1.0,0.0,1.0,1.0,0.0,0,0,0,1,,1.0,,1.0,,2.2424324599996908,0.0122166209985152,0.0003560159966582
d_mobilenet_resnet50_pca_300_linear_svm,D,linear_svm,101,341,1,600,1,1.0,1.0,1.0,0.0,1.0,1.0,0.0,0,0,0,1,,1.0,,1.0,,2.2276656470057787,0.0098441820009611,0.000329435999447
d_mobilenet_resnet50_pca_300_linear_svm,D,linear_svm,102,341,1,600,1,1.0,1.0,1.0,0.0,1.0,1.0,0.0,0,0,0,1,,1.0,,1.0,,2.243745015002787,0.009680800998467,0.0003055709967156
d_mobilenet_resnet50_pca_300_linear_svm,D,linear_svm,103,341,1,600,1,1.0,1.0,1.0,0.0,1.0,1.0,0.0,0,0,0,1,,1.0,,1.0,,2.23938274000102,0.0098013609967892,0.0003330730032757
d_mobilenet_resnet50_pca_300_linear_svm,D,linear_svm,104,341,1,600,1,1.0,1.0,1.0,0.0,1.0,1.0,0.0,0,0,0,1,,1.0,,1.0,,2.255462310000439,0.010045214999991,0.0003157800019835
d_mobilenet_resnet50_pca_300_linear_svm,D,linear_svm,105,341,1,600,1,1.0,1.0,1.0,0.0,1.0,1.0,0.0,0,0,0,1,,1.0,,1.0,,2.240327203995548,0.0098171409990754,0.0003283140031271
d_mobilenet_resnet50_pca_300_linear_svm,D,linear_svm,106,341,1,600,1,1.0,1.0,1.0,0.0,1.0,1.0,0.0,0,0,0,1,,1.0,,1.0,,2.2304229699948337,0.0097514269946259,0.000296664002235
d_mobilenet_resnet50_pca_300_linear_svm,D,linear_svm,107,341,1,600,1,1.0,1.0,1.0,0.0,1.0,1.0,0.0,0,0,0,1,,1.0,,1.0,,2.2305147209990537,0.0095404659950872,0.0003422100053285
d_mobilenet_resnet50_pca_300_linear_svm,D,linear_svm,108,341,1,600,1,1.0,1.0,1.0,0.0,1.0,1.0,0.0,0,0,0,1,,1.0,,1.0,,2.220494305001921,0.0096995389976655,0.0003042679963982
d_mobilenet_resnet50_pca_300_linear_svm,D,linear_svm,109,341,1,600,1,1.0,1.0,1.0,0.0,1.0,1.0,0.0,0,0,0,1,,1.0,,1.0,,2.232735137004056,0.0096857529933913,0.0003478819999145
d_mobilenet_resnet50_pca_300_linear_svm,D,linear_svm,110,341,1,600,1,1.0,1.0,1.0,0.0,1.0,1.0,0.0,0,0,0,1,,1.0,,1.0,,2.2396397560005425,0.0102437840032507,0.0003039879957213
d_mobilenet_resnet50_pca_300_linear_svm,D,linear_svm,111,341,1,600,1,1.0,1.0,1.0,0.0,1.0,1.0,0.0,0,0,0,1,,1.0,,1.0,,2.247668344003614,0.0096709450008347,0.0002879870007745
d_mobilenet_resnet50_pca_300_linear_svm,D,linear_svm,112,341,1,600,1,1.0,1.0,1.0,0.0,1.0,1.0,0.0,0,0,0,1,,1.0,,1.0,,2.2278531570045743,0.0121838319973903,0.0003685710034915
d_mobilenet_resnet50_pca_300_linear_svm,D,linear_svm,113,341,1,600,1,1.0,1.0,1.0,0.0,1.0,1.0,0.0,0,0,0,1,,1.0,,1.0,,2.236063448006462,0.0098221430016565,0.0003117320011369
d_mobilenet_resnet50_pca_300_linear_svm,D,linear_svm,114,341,1,600,1,1.0,1.0,1.0,0.0,1.0,1.0,0.0,0,0,0,1,,1.0,,1.0,,2.2598469039949123,0.0114956750039709,0.000322302999848
d_mobilenet_resnet50_pca_300_linear_svm,D,linear_svm,115,341,1,600,1,1.0,1.0,1.0,0.0,1.0,1.0,0.0,0,0,0,1,,1.0,,1.0,,2.22497417100385,0.0098738910019164,0.0003407269978197
d_mobilenet_resnet50_pca_300_linear_svm,D,linear_svm,116,341,1,600,1,1.0,1.0,1.0,0.0,1.0,1.0,0.0,0,0,0,1,,1.0,,1.0,,2.224179791999632,0.0100930679982411,0.000303836997773
d_mobilenet_resnet50_pca_300_linear_svm,D,linear_svm,117,341,1,600,1,1.0,1.0,1.0,0.0,1.0,1.0,0.0,0,0,0,1,,1.0,,1.0,,2.2338044899952365,0.0095083370033535,0.0003234750038245
d_mobilenet_resnet50_pca_300_linear_svm,D,linear_svm,118,341,1,600,1,1.0,1.0,1.0,0.0,1.0,1.0,0.0,0,0,0,1,,1.0,,1.0,,2.230621629001689,0.0097989899950334,0.0003056909990846
d_mobilenet_resnet50_pca_300_linear_svm,D,linear_svm,119,341,1,600,1,1.0,1.0,1.0,0.0,1.0,1.0,0.0,0,0,0,1,,1.0,,1.0,,2.218349550996209,0.0095469110019621,0.000324257001921
d_mobilenet_resnet50_pca_300_linear_svm,D,linear_svm,120,341,1,600,1,1.0,1.0,1.0,0.0,1.0,1.0,0.0,0,0,0,1,,1.0,,1.0,,2.234948720004468,0.009750368000823,0.0003075549975619
d_mobilenet_resnet50_pca_300_linear_svm,D,linear_svm,121,341,1,600,1,1.0,1.0,1.0,0.0,1.0,1.0,0.0,0,0,0,1,,1.0,,1.0,,2.2489996850054013,0.0095063740009209,0.00032684100006
d_mobilenet_resnet50_pca_300_linear_svm,D,linear_svm,122,341,1,600,1,1.0,1.0,1.0,0.0,1.0,1.0,0.0,0,0,0,1,,1.0,,1.0,,2.226779557997361,0.009787609000341,0.0003131550038233
d_mobilenet_resnet50_pca_300_linear_svm,D,linear_svm,123,341,1,600,1,1.0,1.0,1.0,0.0,1.0,1.0,0.0,0,0,0,1,,1.0,,1.0,,2.231851943994116,0.009527303998766,0.0003288149964646
d_mobilenet_resnet50_pca_300_linear_svm,D,linear_svm,124,341,1,600,1,1.0,1.0,1.0,0.0,1.0,1.0,0.0,0,0,0,1,,1.0,,1.0,,2.2229479250017903,0.0097663290071068,0.0003025450059794
d_mobilenet_resnet50_pca_300_linear_svm,D,linear_svm,125,341,1,600,1,1.0,1.0,1.0,0.0,1.0,1.0,0.0,0,0,0,1,,1.0,,1.0,,2.232995958001993,0.0096028989937622,0.0003210510039934
d_mobilenet_resnet50_pca_300_linear_svm,D,linear_svm,126,341,1,600,1,1.0,1.0,1.0,0.0,1.0,1.0,0.0,0,0,0,1,,1.0,,1.0,,2.223470625998744,0.0098865479958476,0.0003098500019405
d_mobilenet_resnet50_pca_300_linear_svm,D,linear_svm,127,341,1,600,1,1.0,1.0,1.0,0.0,1.0,1.0,0.0,0,0,0,1,,1.0,,1.0,,2.2287062010000227,0.0098765900038415,0.0003261400051997
d_mobilenet_resnet50_pca_300_linear_svm,D,linear_svm,128,341,1,600,1,1.0,1.0,1.0,0.0,1.0,1.0,0.0,0,0,0,1,,1.0,,1.0,,2.2243428329966264,0.0096622429991839,0.0003052100000786
d_mobilenet_resnet50_pca_300_linear_svm,D,linear_svm,129,341,1,600,1,1.0,1.0,1.0,0.0,1.0,1.0,0.0,0,0,0,1,,1.0,,1.0,,2.236900379000872,0.0095412220034631,0.000331830997311
d_mobilenet_resnet50_pca_300_linear_svm,D,linear_svm,130,341,1,600,1,1.0,1.0,1.0,0.0,1.0,1.0,0.0,0,0,0,1,,1.0,,1.0,,2.220695103002072,0.0098569929978111,0.0003188569971825
d_mobilenet_resnet50_pca_300_linear_svm,D,linear_svm,131,341,1,600,1,1.0,1.0,1.0,0.0,1.0,1.0,0.0,0,0,0,1,,1.0,,1.0,,2.2433667220029747,0.009632736997446,0.0003320510004414
d_mobilenet_resnet50_pca_300_linear_svm,D,linear_svm,132,341,1,600,1,1.0,1.0,1.0,0.0,1.0,1.0,0.0,0,0,0,1,,1.0,,1.0,,2.242075216003286,0.0097869599994737,0.0002953709990833
d_mobilenet_resnet50_pca_300_linear_svm,D,linear_svm,133,341,1,600,1,1.0,1.0,1.0,0.0,1.0,1.0,0.0,0,0,0,1,,1.0,,1.0,,2.211270446998242,0.0095431869995081,0.0003288450025138
d_mobilenet_resnet50_pca_300_linear_svm,D,linear_svm,134,341,1,600,1,1.0,1.0,1.0,0.0,1.0,1.0,0.0,0,0,0,1,,1.0,,1.0,,2.251502145998529,0.0097513430009712,0.0003096490036114
d_mobilenet_resnet50_pca_300_linear_svm,D,linear_svm,135,341,1,600,1,1.0,1.0,1.0,0.0,1.0,1.0,0.0,0,0,0,1,,1.0,,1.0,,2.239150788002007,0.0096952269959729,0.0003366099990671
d_mobilenet_resnet50_pca_300_linear_svm,D,linear_svm,136,341,1,600,1,1.0,1.0,1.0,0.0,1.0,1.0,0.0,0,0,0,1,,1.0,,1.0,,2.228970427000604,0.0099290609941817,0.0003107910015387
d_mobilenet_resnet50_pca_300_linear_svm,D,linear_svm,137,341,1,600,1,1.0,1.0,1.0,0.0,1.0,1.0,0.0,0,0,0,1,,1.0,,1.0,,2.235725058002572,0.0095668919966556,0.0003303179983049
d_mobilenet_resnet50_pca_300_linear_svm,D,linear_svm,138,341,1,600,1,1.0,1.0,1.0,0.0,1.0,1.0,0.0,0,0,0,1,,1.0,,1.0,,2.2291046460013604,0.0097804589968291,0.000301614003547
d_mobilenet_resnet50_pca_300_linear_svm,D,linear_svm,139,341,1,600,1,1.0,1.0,1.0,0.0,1.0,1.0,0.0,0,0,0,1,,1.0,,1.0,,2.22945118300413,0.0096583369959262,0.0003429319986025
d_mobilenet_resnet50_pca_300_linear_svm,D,linear_svm,140,341,1,600,1,1.0,1.0,1.0,0.0,1.0,1.0,0.0,0,0,0,1,,1.0,,1.0,,2.237064756998734,0.009745462994033,0.0003175239980919
d_mobilenet_resnet50_pca_300_linear_svm,D,linear_svm,141,341,1,600,1,1.0,1.0,1.0,0.0,1.0,1.0,0.0,0,0,0,1,,1.0,,1.0,,2.2410393620011746,0.0097629560041241,0.0003381130009074
d_mobilenet_resnet50_pca_300_linear_svm,D,linear_svm,142,341,1,600,1,1.0,1.0,1.0,0.0,1.0,1.0,0.0,0,0,0,1,,1.0,,1.0,,2.222148884000489,0.0099761820019921,0.0003009729989571
d_mobilenet_resnet50_pca_300_linear_svm,D,linear_svm,143,341,1,600,1,1.0,1.0,1.0,0.0,1.0,1.0,0.0,0,0,0,1,,1.0,,1.0,,2.213366217998555,0.0097737370015238,0.0003270419983891
d_mobilenet_resnet50_pca_300_linear_svm,D,linear_svm,144,341,1,600,1,1.0,1.0,1.0,0.0,1.0,1.0,0.0,0,0,0,1,,1.0,,1.0,,2.223759168002289,0.00971417499386,0.0003028259961865
d_mobilenet_resnet50_pca_300_linear_svm,D,linear_svm,145,341,1,600,1,1.0,1.0,1.0,0.0,1.0,1.0,0.0,0,0,0,1,,1.0,,1.0,,2.2351866949975374,0.0097081030035042,0.000328083995555
d_mobilenet_resnet50_pca_300_linear_svm,D,linear_svm,146,341,1,600,1,1.0,1.0,1.0,0.0,1.0,1.0,0.0,0,0,0,1,,1.0,,1.0,,2.2323730790012632,0.0095988850007415,0.0003046999991056
d_mobilenet_resnet50_pca_300_linear_svm,D,linear_svm,147,341,1,600,1,1.0,1.0,1.0,0.0,1.0,1.0,0.0,0,0,0,1,,1.0,,1.0,,2.2268618540038005,0.0095554430008633,0.000330038004904
d_mobilenet_resnet50_pca_300_linear_svm,D,linear_svm,148,341,1,600,1,1.0,1.0,1.0,0.0,1.0,1.0,0.0,0,0,0,1,,1.0,,1.0,,2.229353078000713,0.0096850490008364,0.0002960730053018
d_mobilenet_resnet50_pca_300_linear_svm,D,linear_svm,149,341,1,600,1,1.0,1.0,1.0,0.0,1.0,1.0,0.0,0,0,0,1,,1.0,,1.0,,2.219859085002099,0.0096626980011933,0.000322624000546
d_mobilenet_resnet50_pca_300_linear_svm,D,linear_svm,150,341,1,600,1,1.0,1.0,1.0,0.0,1.0,1.0,0.0,0,0,0,1,,1.0,,1.0,,2.2252179099959903,0.0100265389992273,0.0002993790039909
d_mobilenet_resnet50_pca_300_linear_svm,D,linear_svm,151,341,1,600,1,1.0,1.0,1.0,0.0,1.0,1.0,0.0,0,0,0,1,,1.0,,1.0,,2.233425033999083,0.009752739999385,0.0003430220021982
d_mobilenet_resnet50_pca_300_linear_svm,D,linear_svm,152,341,1,600,1,1.0,1.0,1.0,0.0,1.0,1.0,0.0,0,0,0,1,,1.0,,1.0,,2.2500142510034493,0.0098230520015931,0.0003151890050503
d_mobilenet_resnet50_pca_300_linear_svm,D,linear_svm,153,341,1,600,1,1.0,1.0,1.0,0.0,1.0,1.0,0.0,0,0,0,1,,1.0,,1.0,,2.2264493860056973,0.0099676280005951,0.0003276230054325
d_mobilenet_resnet50_pca_300_linear_svm,D,linear_svm,154,341,1,600,1,1.0,1.0,1.0,0.0,1.0,1.0,0.0,0,0,0,1,,1.0,,1.0,,2.247951796001871,0.0099875160012743,0.0003078750014537
d_mobilenet_resnet50_pca_300_linear_svm,D,linear_svm,155,341,1,600,1,1.0,1.0,1.0,0.0,1.0,1.0,0.0,0,0,0,1,,1.0,,1.0,,2.2382447569980286,0.0098149180048494,0.0003382729992154
d_mobilenet_resnet50_pca_300_linear_svm,D,linear_svm,156,341,1,600,1,1.0,1.0,1.0,0.0,1.0,1.0,0.0,0,0,0,1,,1.0,,1.0,,2.222766833001515,0.0098766049995902,0.0003063319963985
d_mobilenet_resnet50_pca_300_linear_svm,D,linear_svm,157,341,1,600,1,1.0,1.0,1.0,0.0,1.0,1.0,0.0,0,0,0,1,,1.0,,1.0,,2.227889129004325,0.0098033269969164,0.0003325120051158
d_mobilenet_resnet50_pca_300_linear_svm,D,linear_svm,158,341,1,600,1,1.0,1.0,1.0,0.0,1.0,1.0,0.0,0,0,0,1,,1.0,,1.0,,2.2428036889978102,0.0098881980011356,0.0002997600022354
d_mobilenet_resnet50_pca_300_linear_svm,D,linear_svm,159,341,1,600,1,1.0,1.0,1.0,0.0,1.0,1.0,0.0,0,0,0,1,,1.0,,1.0,,2.24623504900228,0.0096613759960746,0.0002935280062956
d_mobilenet_resnet50_pca_300_linear_svm,D,linear_svm,160,341,1,600,1,1.0,1.0,1.0,0.0,1.0,1.0,0.0,0,0,0,1,,1.0,,1.0,,2.236841365003784,0.0097699629986891,0.000303648004774
d_mobilenet_resnet50_pca_300_linear_svm,D,linear_svm,161,341,1,600,1,1.0,1.0,1.0,0.0,1.0,1.0,0.0,0,0,0,1,,1.0,,1.0,,2.242126800992992,0.0098641529984888,0.000328485002683
d_mobilenet_resnet50_pca_300_linear_svm,D,linear_svm,162,341,1,600,1,1.0,1.0,1.0,0.0,1.0,1.0,0.0,0,0,0,1,,1.0,,1.0,,2.202804838001612,0.0100032269983785,0.0003047389982384
d_mobilenet_resnet50_pca_300_linear_svm,D,linear_svm,163,341,1,600,1,1.0,1.0,1.0,0.0,1.0,1.0,0.0,0,0,0,1,,1.0,,1.0,,2.2125781099966844,0.0119554909979342,0.0003862739977193
d_mobilenet_resnet50_pca_300_linear_svm,D,linear_svm,164,341,1,600,1,1.0,1.0,1.0,0.0,1.0,1.0,0.0,0,0,0,1,,1.0,,1.0,,2.247015625995118,0.0098636020047706,0.0002981369980261
d_mobilenet_resnet50_pca_300_linear_svm,D,linear_svm,165,341,1,600,1,1.0,1.0,1.0,0.0,1.0,1.0,0.0,0,0,0,1,,1.0,,1.0,,2.2544973699987167,0.0098360999982105,0.000332071998855
d_mobilenet_resnet50_pca_300_linear_svm,D,linear_svm,166,341,1,600,1,1.0,1.0,1.0,0.0,1.0,1.0,0.0,0,0,0,1,,1.0,,1.0,,2.273146536004788,0.0124861820004298,0.0003643130039563
d_mobilenet_resnet50_pca_300_linear_svm,D,linear_svm,167,341,1,600,1,1.0,1.0,1.0,0.0,1.0,1.0,0.0,0,0,0,1,,1.0,,1.0,,2.250830251003208,0.009790594005608,0.0002911140036303
d_mobilenet_resnet50_pca_300_linear_svm,D,linear_svm,168,341,1,600,1,1.0,1.0,1.0,0.0,1.0,1.0,0.0,0,0,0,1,,1.0,,1.0,,2.218035698999301,0.0122750199952861,0.0003692919999593
d_mobilenet_resnet50_pca_300_linear_svm,D,linear_svm,169,341,1,600,1,1.0,1.0,1.0,0.0,1.0,1.0,0.0,0,0,0,1,,1.0,,1.0,,2.2157727840021835,0.0123031940020155,0.0003935190034098
d_mobilenet_resnet50_pca_300_linear_svm,D,linear_svm,170,341,1,600,1,1.0,1.0,1.0,0.0,1.0,1.0,0.0,0,0,0,1,,1.0,,1.0,,2.2204809710019617,0.0122289630016894,0.0003657060005934
d_mobilenet_resnet50_pca_300_linear_svm,D,linear_svm,171,341,1,600,1,1.0,1.0,1.0,0.0,1.0,1.0,0.0,0,0,0,1,,1.0,,1.0,,2.2448017569986405,0.0119755910054664,0.000380623001547
d_mobilenet_resnet50_pca_300_linear_svm,D,linear_svm,172,341,1,600,1,1.0,1.0,1.0,0.0,1.0,1.0,0.0,0,0,0,1,,1.0,,1.0,,2.216540957997495,0.0099426540036802,0.0003056719942833
d_mobilenet_resnet50_pca_300_linear_svm,D,linear_svm,173,341,1,600,1,1.0,1.0,1.0,0.0,1.0,1.0,0.0,0,0,0,1,,1.0,,1.0,,2.2442034000050626,0.0125943790044402,0.0003859849966829
d_mobilenet_resnet50_pca_300_linear_svm,D,linear_svm,174,341,1,600,1,1.0,1.0,1.0,0.0,1.0,1.0,0.0,0,0,0,1,,1.0,,1.0,,2.231558976003725,0.0097099310005432,0.0003086069991695
d_mobilenet_resnet50_pca_300_linear_svm,D,linear_svm,175,341,1,600,1,1.0,1.0,1.0,0.0,1.0,1.0,0.0,0,0,0,1,,1.0,,1.0,,2.2240395419939887,0.0099735640033031,0.0003393360020709
d_mobilenet_resnet50_pca_300_linear_svm,D,linear_svm,176,341,1,600,1,0.0,0.0,0.0,0.0,0.0,0.0,0.0,0,1,0,0,0.0,,,0.0,,2.232800709003641,0.0097969869966618,0.0003157309984089
d_mobilenet_resnet50_pca_300_linear_svm,D,linear_svm,177,341,1,600,1,0.0,0.0,0.0,0.0,0.0,0.0,0.0,0,1,0,0,0.0,,,0.0,,2.2358508510005777,0.0095953139971243,0.0003341849951539
d_mobilenet_resnet50_pca_300_linear_svm,D,linear_svm,178,341,1,600,1,1.0,0.0,0.0,1.0,1.0,1.0,0.0,1,0,0,0,1.0,,1.0,,,2.2295451530007995,0.0098419430069043,0.0003092679980909
d_mobilenet_resnet50_pca_300_linear_svm,D,linear_svm,179,341,1,600,1,1.0,0.0,0.0,1.0,1.0,1.0,0.0,1,0,0,0,1.0,,1.0,,,2.2222214709981927,0.0097766800026874,0.0003337949965498
d_mobilenet_resnet50_pca_300_linear_svm,D,linear_svm,180,341,1,600,1,1.0,0.0,0.0,1.0,1.0,1.0,0.0,1,0,0,0,1.0,,1.0,,,2.2453183399993577,0.009801055995922,0.0003090079990215
d_mobilenet_resnet50_pca_300_linear_svm,D,linear_svm,181,341,1,600,1,1.0,0.0,0.0,1.0,1.0,1.0,0.0,1,0,0,0,1.0,,1.0,,,2.244797457999084,0.009563874999003,0.0003265510022174
d_mobilenet_resnet50_pca_300_linear_svm,D,linear_svm,182,341,1,600,1,1.0,0.0,0.0,1.0,1.0,1.0,0.0,1,0,0,0,1.0,,1.0,,,2.2323614870038,0.0098289489978924,0.0003023850003955
d_mobilenet_resnet50_pca_300_linear_svm,D,linear_svm,183,341,1,600,1,1.0,0.0,0.0,1.0,1.0,1.0,0.0,1,0,0,0,1.0,,1.0,,,2.236665304997586,0.0096684340023784,0.0003344569995533
d_mobilenet_resnet50_pca_300_linear_svm,D,linear_svm,184,341,1,600,1,1.0,0.0,0.0,1.0,1.0,1.0,0.0,1,0,0,0,1.0,,1.0,,,2.2434417760014185,0.0099397400044836,0.0003013829991687
d_mobilenet_resnet50_pca_300_linear_svm,D,linear_svm,185,341,1,600,1,1.0,0.0,0.0,1.0,1.0,1.0,0.0,1,0,0,0,1.0,,1.0,,,2.245923124995897,0.0095457509960397,0.0003248580032959
d_mobilenet_resnet50_pca_300_linear_svm,D,linear_svm,186,341,1,600,1,1.0,0.0,0.0,1.0,1.0,1.0,0.0,1,0,0,0,1.0,,1.0,,,2.220101937004074,0.0096989130033762,0.000303727996652
d_mobilenet_resnet50_pca_300_linear_svm,D,linear_svm,187,341,1,600,1,1.0,0.0,0.0,1.0,1.0,1.0,0.0,1,0,0,0,1.0,,1.0,,,2.243095402001927,0.0097089920018333,0.0003269919980084
d_mobilenet_resnet50_pca_300_linear_svm,D,linear_svm,188,341,1,600,1,1.0,0.0,0.0,1.0,1.0,1.0,0.0,1,0,0,0,1.0,,1.0,,,2.2272429000004195,0.0097017580046667,0.000298658000247
d_mobilenet_resnet50_pca_300_linear_svm,D,linear_svm,189,341,1,600,1,1.0,0.0,0.0,1.0,1.0,1.0,0.0,1,0,0,0,1.0,,1.0,,,2.254843790004088,0.0120127949994639,0.0003846420004265
d_mobilenet_resnet50_pca_300_linear_svm,D,linear_svm,190,341,1,600,1,0.0,0.0,0.0,0.0,0.0,0.0,0.0,0,1,0,0,0.0,,,0.0,,2.2435615019930992,0.0098112870036857,0.0003057319991057
d_mobilenet_resnet50_pca_300_linear_svm,D,linear_svm,191,341,1,600,1,1.0,0.0,0.0,1.0,1.0,1.0,0.0,1,0,0,0,1.0,,1.0,,,2.251176808997116,0.0096108660000027,0.0003342460040585
d_mobilenet_resnet50_pca_300_linear_svm,D,linear_svm,192,341,1,600,1,1.0,0.0,0.0,1.0,1.0,1.0,0.0,1,0,0,0,1.0,,1.0,,,2.233772081999632,0.009983835996536,0.0003077750006923
d_mobilenet_resnet50_pca_300_linear_svm,D,linear_svm,193,341,1,600,1,1.0,0.0,0.0,1.0,1.0,1.0,0.0,1,0,0,0,1.0,,1.0,,,2.243421817998751,0.00977595000586,0.0003390050042071
d_mobilenet_resnet50_pca_300_linear_svm,D,linear_svm,194,341,1,600,1,1.0,0.0,0.0,1.0,1.0,1.0,0.0,1,0,0,0,1.0,,1.0,,,2.2398151230008807,0.0097708410030463,0.0002836200001183
d_mobilenet_resnet50_pca_300_linear_svm,D,linear_svm,195,341,1,600,1,1.0,0.0,0.0,1.0,1.0,1.0,0.0,1,0,0,0,1.0,,1.0,,,2.2512728219953715,0.0098226090049138,0.0003248180000809
d_mobilenet_resnet50_pca_300_linear_svm,D,linear_svm,196,341,1,600,1,1.0,0.0,0.0,1.0,1.0,1.0,0.0,1,0,0,0,1.0,,1.0,,,2.241887870994105,0.0096991749960579,0.0003021849988726
d_mobilenet_resnet50_pca_300_linear_svm,D,linear_svm,197,341,1,600,1,1.0,0.0,0.0,1.0,1.0,1.0,0.0,1,0,0,0,1.0,,1.0,,,2.2131301300032646,0.0098435899999458,0.000332914001774
d_mobilenet_resnet50_pca_300_linear_svm,D,linear_svm,198,341,1,600,1,1.0,0.0,0.0,1.0,1.0,1.0,0.0,1,0,0,0,1.0,,1.0,,,2.2292742019999423,0.0098331499975756,0.0003149389958707
d_mobilenet_resnet50_pca_300_linear_svm,D,linear_svm,199,341,1,600,1,1.0,0.0,0.0,1.0,1.0,1.0,0.0,1,0,0,0,1.0,,1.0,,,2.221291801004554,0.0098750100005418,0.0003254390030633
d_mobilenet_resnet50_pca_300_linear_svm,D,linear_svm,200,341,1,600,1,1.0,0.0,0.0,1.0,1.0,1.0,0.0,1,0,0,0,1.0,,1.0,,,2.236320522002643,0.0100719649999518,0.0003186670001014
d_mobilenet_resnet50_pca_300_linear_svm,D,linear_svm,201,341,1,600,1,1.0,0.0,0.0,1.0,1.0,1.0,0.0,1,0,0,0,1.0,,1.0,,,2.217938611000136,0.0097758820047602,0.0003450369986239
d_mobilenet_resnet50_pca_300_linear_svm,D,linear_svm,202,341,1,600,1,1.0,0.0,0.0,1.0,1.0,1.0,0.0,1,0,0,0,1.0,,1.0,,,2.2269384000028367,0.0122776619973592,0.0003628410049714
d_mobilenet_resnet50_pca_300_linear_svm,D,linear_svm,203,341,1,600,1,1.0,0.0,0.0,1.0,1.0,1.0,0.0,1,0,0,0,1.0,,1.0,,,2.239072906995716,0.0098790379997808,0.0003421709989197
d_mobilenet_resnet50_pca_300_linear_svm,D,linear_svm,204,341,1,600,1,1.0,0.0,0.0,1.0,1.0,1.0,0.0,1,0,0,0,1.0,,1.0,,,2.2240396050037816,0.0099276619948796,0.0003033670000149
d_mobilenet_resnet50_pca_300_linear_svm,D,linear_svm,205,341,1,600,1,1.0,0.0,0.0,1.0,1.0,1.0,0.0,1,0,0,0,1.0,,1.0,,,2.2539654139982304,0.0096970630038413,0.0003008019994013
d_mobilenet_resnet50_pca_300_linear_svm,D,linear_svm,206,341,1,600,1,1.0,0.0,0.0,1.0,1.0,1.0,0.0,1,0,0,0,1.0,,1.0,,,2.24753590599721,0.0096907400002237,0.0002994900060002
d_mobilenet_resnet50_pca_300_linear_svm,D,linear_svm,207,341,1,600,1,1.0,0.0,0.0,1.0,1.0,1.0,0.0,1,0,0,0,1.0,,1.0,,,2.243135117001657,0.0096646410020184,0.00033099999564
d_mobilenet_resnet50_pca_300_linear_svm,D,linear_svm,208,341,1,600,1,1.0,0.0,0.0,1.0,1.0,1.0,0.0,1,0,0,0,1.0,,1.0,,,2.238762921006128,0.0098082850017817,0.0003136570012429
d_mobilenet_resnet50_pca_300_linear_svm,D,linear_svm,209,341,1,600,1,1.0,0.0,0.0,1.0,1.0,1.0,0.0,1,0,0,0,1.0,,1.0,,,2.242368286999408,0.0096690190039225,0.0003273729962529
d_mobilenet_resnet50_pca_300_linear_svm,D,linear_svm,210,341,1,600,1,1.0,0.0,0.0,1.0,1.0,1.0,0.0,1,0,0,0,1.0,,1.0,,,2.2363116960041225,0.0098013210008502,0.0003084359996137
d_mobilenet_resnet50_pca_300_linear_svm,D,linear_svm,211,341,1,600,1,1.0,0.0,0.0,1.0,1.0,1.0,0.0,1,0,0,0,1.0,,1.0,,,2.2421260150003945,0.0096148070006165,0.0003357590030645
d_mobilenet_resnet50_pca_300_linear_svm,D,linear_svm,212,341,1,600,1,1.0,0.0,0.0,1.0,1.0,1.0,0.0,1,0,0,0,1.0,,1.0,,,2.2354412780041457,0.0097802019954542,0.00031345699972
d_mobilenet_resnet50_pca_300_linear_svm,D,linear_svm,213,341,1,600,1,1.0,0.0,0.0,1.0,1.0,1.0,0.0,1,0,0,0,1.0,,1.0,,,2.228729488997488,0.009687515994301,0.0003366409946465
d_mobilenet_resnet50_pca_300_linear_svm,D,linear_svm,214,341,1,600,1,1.0,0.0,0.0,1.0,1.0,1.0,0.0,1,0,0,0,1.0,,1.0,,,2.2316946759965504,0.0096578290031175,0.0003057119974982
d_mobilenet_resnet50_pca_300_linear_svm,D,linear_svm,215,341,1,600,1,0.0,0.0,0.0,0.0,0.0,0.0,0.0,0,1,0,0,0.0,,,0.0,,2.2293488060022355,0.00965110600373,0.0003357289970153
d_mobilenet_resnet50_pca_300_linear_svm,D,linear_svm,216,341,1,600,1,1.0,0.0,0.0,1.0,1.0,1.0,0.0,1,0,0,0,1.0,,1.0,,,2.2241858130000765,0.009665583995229,0.0004063630040036
d_mobilenet_resnet50_pca_300_linear_svm,D,linear_svm,217,341,1,600,1,1.0,0.0,0.0,1.0,1.0,1.0,0.0,1,0,0,0,1.0,,1.0,,,2.227629077999154,0.009723834999022,0.0003368309990037
d_mobilenet_resnet50_pca_300_linear_svm,D,linear_svm,218,341,1,600,1,1.0,0.0,0.0,1.0,1.0,1.0,0.0,1,0,0,0,1.0,,1.0,,,2.220517588000803,0.0098290360037935,0.0003104810020886
d_mobilenet_resnet50_pca_300_linear_svm,D,linear_svm,219,341,1,600,1,1.0,0.0,0.0,1.0,1.0,1.0,0.0,1,0,0,0,1.0,,1.0,,,2.207746877000318,0.0096589519962435,0.0003308090017526
d_mobilenet_resnet50_pca_300_linear_svm,D,linear_svm,220,341,1,600,1,1.0,0.0,0.0,1.0,1.0,1.0,0.0,1,0,0,0,1.0,,1.0,,,2.2426533089965237,0.0096646719975979,0.0002861440007109
d_mobilenet_resnet50_pca_300_linear_svm,D,linear_svm,221,341,1,600,1,1.0,0.0,0.0,1.0,1.0,1.0,0.0,1,0,0,0,1.0,,1.0,,,2.243127845002164,0.0098860340003739,0.0003337250018375
d_mobilenet_resnet50_pca_300_linear_svm,D,linear_svm,222,341,1,600,1,1.0,0.0,0.0,1.0,1.0,1.0,0.0,1,0,0,0,1.0,,1.0,,,2.2343490610001027,0.00982582999859,0.0003080570022575
d_mobilenet_resnet50_pca_300_linear_svm,D,linear_svm,223,341,1,600,1,1.0,0.0,0.0,1.0,1.0,1.0,0.0,1,0,0,0,1.0,,1.0,,,2.239205116005905,0.0096700139984022,0.0003435440012253
d_mobilenet_resnet50_pca_300_linear_svm,D,linear_svm,224,341,1,600,1,1.0,0.0,0.0,1.0,1.0,1.0,0.0,1,0,0,0,1.0,,1.0,,,2.231880988998455,0.0099725589971058,0.0003195190001861
d_mobilenet_resnet50_pca_300_linear_svm,D,linear_svm,225,341,1,600,1,1.0,0.0,0.0,1.0,1.0,1.0,0.0,1,0,0,0,1.0,,1.0,,,2.2237068340036785,0.0098166520037921,0.000335779004672
d_mobilenet_resnet50_pca_300_linear_svm,D,linear_svm,226,341,1,600,1,1.0,0.0,0.0,1.0,1.0,1.0,0.0,1,0,0,0,1.0,,1.0,,,2.221681730996352,0.0123231629986548,0.0003774280048673
d_mobilenet_resnet50_pca_300_linear_svm,D,linear_svm,227,341,1,600,1,1.0,0.0,0.0,1.0,1.0,1.0,0.0,1,0,0,0,1.0,,1.0,,,2.2234255319999647,0.009735208004713,0.0003274739938206
d_mobilenet_resnet50_pca_300_linear_svm,D,linear_svm,228,341,1,600,1,1.0,0.0,0.0,1.0,1.0,1.0,0.0,1,0,0,0,1.0,,1.0,,,2.226185477004037,0.0112849779980024,0.0003173340010107
d_mobilenet_resnet50_pca_300_linear_svm,D,linear_svm,229,341,1,600,1,1.0,0.0,0.0,1.0,1.0,1.0,0.0,1,0,0,0,1.0,,1.0,,,2.2336173219955526,0.0114663030035444,0.0003260209996369
d_mobilenet_resnet50_pca_300_linear_svm,D,linear_svm,230,341,1,600,1,1.0,0.0,0.0,1.0,1.0,1.0,0.0,1,0,0,0,1.0,,1.0,,,2.2504805979988305,0.0099847230012528,0.0003049700026167
d_mobilenet_resnet50_pca_300_linear_svm,D,linear_svm,231,341,1,600,1,1.0,0.0,0.0,1.0,1.0,1.0,0.0,1,0,0,0,1.0,,1.0,,,2.2381797090056352,0.0096643639990361,0.0002894709978136
d_mobilenet_resnet50_pca_300_linear_svm,D,linear_svm,232,341,1,600,1,1.0,0.0,0.0,1.0,1.0,1.0,0.0,1,0,0,0,1.0,,1.0,,,2.252921757994045,0.0124506569991353,0.0003678010034491
d_mobilenet_resnet50_pca_300_linear_svm,D,linear_svm,233,341,1,600,1,1.0,0.0,0.0,1.0,1.0,1.0,0.0,1,0,0,0,1.0,,1.0,,,2.2229046580032445,0.0120603340037632,0.0003820169949904
d_mobilenet_resnet50_pca_300_linear_svm,D,linear_svm,234,341,1,600,1,1.0,0.0,0.0,1.0,1.0,1.0,0.0,1,0,0,0,1.0,,1.0,,,2.240286911001021,0.0099857960012741,0.0004122640020796
d_mobilenet_resnet50_pca_300_linear_svm,D,linear_svm,235,341,1,600,1,1.0,0.0,0.0,1.0,1.0,1.0,0.0,1,0,0,0,1.0,,1.0,,,2.228952671001025,0.0097256610024487,0.0002934189978986
d_mobilenet_resnet50_pca_300_linear_svm,D,linear_svm,236,341,1,600,1,1.0,0.0,0.0,1.0,1.0,1.0,0.0,1,0,0,0,1.0,,1.0,,,2.2324986400053604,0.0094792219970258,0.0002855339989764
d_mobilenet_resnet50_pca_300_linear_svm,D,linear_svm,237,341,1,600,1,1.0,0.0,0.0,1.0,1.0,1.0,0.0,1,0,0,0,1.0,,1.0,,,2.249501632999454,0.0097330749995308,0.0002865350033971
d_mobilenet_resnet50_pca_300_linear_svm,D,linear_svm,238,341,1,600,1,1.0,0.0,0.0,1.0,1.0,1.0,0.0,1,0,0,0,1.0,,1.0,,,2.243201803001284,0.0116488220010069,0.0003104409988736
d_mobilenet_resnet50_pca_300_linear_svm,D,linear_svm,239,341,1,600,1,0.0,0.0,0.0,0.0,0.0,0.0,0.0,0,1,0,0,0.0,,,0.0,,2.253582753000956,0.0098237779966439,0.0003302080003777
d_mobilenet_resnet50_pca_300_linear_svm,D,linear_svm,240,341,1,600,1,1.0,0.0,0.0,1.0,1.0,1.0,0.0,1,0,0,0,1.0,,1.0,,,2.233305636997102,0.0115289330060477,0.0003108819946646
d_mobilenet_resnet50_pca_300_linear_svm,D,linear_svm,241,341,1,600,1,1.0,0.0,0.0,1.0,1.0,1.0,0.0,1,0,0,0,1.0,,1.0,,,2.238101354996616,0.0095475730049656,0.0003277740033809
d_mobilenet_resnet50_pca_300_linear_svm,D,linear_svm,242,341,1,600,1,1.0,0.0,0.0,1.0,1.0,1.0,0.0,1,0,0,0,1.0,,1.0,,,2.22807988999557,0.0097673809941625,0.0003037880014744
d_mobilenet_resnet50_pca_300_linear_svm,D,linear_svm,243,341,1,600,1,1.0,0.0,0.0,1.0,1.0,1.0,0.0,1,0,0,0,1.0,,1.0,,,2.217771809999249,0.0097460210017743,0.0003336049994686
d_mobilenet_resnet50_pca_300_linear_svm,D,linear_svm,244,341,1,600,1,1.0,0.0,0.0,1.0,1.0,1.0,0.0,1,0,0,0,1.0,,1.0,,,2.210747208999237,0.0097874499988392,0.0003054310000152
d_mobilenet_resnet50_pca_300_linear_svm,D,linear_svm,245,341,1,600,1,1.0,0.0,0.0,1.0,1.0,1.0,0.0,1,0,0,0,1.0,,1.0,,,2.2319257889976143,0.0096817190060392,0.0003360699993208
d_mobilenet_resnet50_pca_300_linear_svm,D,linear_svm,246,341,1,600,1,1.0,0.0,0.0,1.0,1.0,1.0,0.0,1,0,0,0,1.0,,1.0,,,2.222635274003551,0.0097635040001478,0.0003157309984089
d_mobilenet_resnet50_pca_300_linear_svm,D,linear_svm,247,341,1,600,1,1.0,0.0,0.0,1.0,1.0,1.0,0.0,1,0,0,0,1.0,,1.0,,,2.246623022998392,0.0097227670048596,0.0003341659976285
d_mobilenet_resnet50_pca_300_linear_svm,D,linear_svm,248,341,1,600,1,1.0,0.0,0.0,1.0,1.0,1.0,0.0,1,0,0,0,1.0,,1.0,,,2.2236939670037827,0.0097361119987908,0.0003035580011783
d_mobilenet_resnet50_pca_300_linear_svm,D,linear_svm,249,341,1,600,1,1.0,0.0,0.0,1.0,1.0,1.0,0.0,1,0,0,0,1.0,,1.0,,,2.220780581003055,0.0097380869992775,0.0003443359964876
d_mobilenet_resnet50_pca_300_linear_svm,D,linear_svm,250,341,1,600,1,1.0,0.0,0.0,1.0,1.0,1.0,0.0,1,0,0,0,1.0,,1.0,,,2.209690859002876,0.009763344998646,0.0003083769988734
d_mobilenet_resnet50_pca_300_linear_svm,D,linear_svm,251,341,1,600,1,1.0,0.0,0.0,1.0,1.0,1.0,0.0,1,0,0,0,1.0,,1.0,,,2.214142281001841,0.0097149130015168,0.0003406489995541
d_mobilenet_resnet50_pca_300_linear_svm,D,linear_svm,252,341,1,600,1,1.0,0.0,0.0,1.0,1.0,1.0,0.0,1,0,0,0,1.0,,1.0,,,2.2350724909993005,0.009861861995887,0.0002999909993377
d_mobilenet_resnet50_pca_300_linear_svm,D,linear_svm,253,341,1,600,1,1.0,0.0,0.0,1.0,1.0,1.0,0.0,1,0,0,0,1.0,,1.0,,,2.223249422997469,0.0099161260004621,0.0003274829941801
d_mobilenet_resnet50_pca_300_linear_svm,D,linear_svm,254,341,1,600,1,1.0,0.0,0.0,1.0,1.0,1.0,0.0,1,0,0,0,1.0,,1.0,,,2.228846596000949,0.0097277280001435,0.0003040189985767
d_mobilenet_resnet50_pca_300_linear_svm,D,linear_svm,255,341,1,600,1,1.0,0.0,0.0,1.0,1.0,1.0,0.0,1,0,0,0,1.0,,1.0,,,2.238755416001368,0.0095664299951749,0.000338453995937
d_mobilenet_resnet50_pca_300_linear_svm,D,linear_svm,256,341,1,600,1,1.0,0.0,0.0,1.0,1.0,1.0,0.0,1,0,0,0,1.0,,1.0,,,2.2232651070007705,0.0099779739975929,0.0003054420012631
d_mobilenet_resnet50_pca_300_linear_svm,D,linear_svm,257,341,1,600,1,1.0,0.0,0.0,1.0,1.0,1.0,0.0,1,0,0,0,1.0,,1.0,,,2.216786041004525,0.0096107249992201,0.0003514589989208
d_mobilenet_resnet50_pca_300_linear_svm,D,linear_svm,258,341,1,600,1,1.0,0.0,0.0,1.0,1.0,1.0,0.0,1,0,0,0,1.0,,1.0,,,2.212198806002561,0.0098523640044732,0.0003015440015587
d_mobilenet_resnet50_pca_300_linear_svm,D,linear_svm,259,341,1,600,1,1.0,0.0,0.0,1.0,1.0,1.0,0.0,1,0,0,0,1.0,,1.0,,,2.210378566996951,0.0095502000040141,0.0003211419971194
d_mobilenet_resnet50_pca_300_linear_svm,D,linear_svm,260,341,1,600,1,1.0,0.0,0.0,1.0,1.0,1.0,0.0,1,0,0,0,1.0,,1.0,,,2.2230120449967217,0.0124209550049272,0.0003680200024973
d_mobilenet_resnet50_pca_300_linear_svm,D,linear_svm,261,341,1,600,1,1.0,0.0,0.0,1.0,1.0,1.0,0.0,1,0,0,0,1.0,,1.0,,,2.2546442579987342,0.0097745370003394,0.0003388660043128
d_mobilenet_resnet50_pca_300_linear_svm,D,linear_svm,262,341,1,600,1,1.0,0.0,0.0,1.0,1.0,1.0,0.0,1,0,0,0,1.0,,1.0,,,2.236821578000672,0.0121815590027836,0.0003705760027514
d_mobilenet_resnet50_pca_300_linear_svm,D,linear_svm,263,341,1,600,1,1.0,0.0,0.0,1.0,1.0,1.0,0.0,1,0,0,0,1.0,,1.0,,,2.238603598001646,0.0096991739992517,0.0002868360024876
d_mobilenet_resnet50_pca_300_linear_svm,D,linear_svm,264,341,1,600,1,0.0,0.0,0.0,0.0,0.0,0.0,0.0,0,1,0,0,0.0,,,0.0,,2.2214784840034554,0.0123972200017306,0.0003905030025634
d_mobilenet_resnet50_pca_300_linear_svm,D,linear_svm,265,341,1,600,1,1.0,0.0,0.0,1.0,1.0,1.0,0.0,1,0,0,0,1.0,,1.0,,,2.221550357004162,0.0118812180007807,0.0003365000011399
d_mobilenet_resnet50_pca_300_linear_svm,D,linear_svm,266,341,1,600,1,1.0,0.0,0.0,1.0,1.0,1.0,0.0,1,0,0,0,1.0,,1.0,,,2.2177754969961825,0.0097983239975292,0.0003039989969693
d_mobilenet_resnet50_pca_300_linear_svm,D,linear_svm,267,341,1,600,1,0.0,0.0,0.0,0.0,0.0,0.0,0.0,0,1,0,0,0.0,,,0.0,,2.244628432999889,0.0095560819972888,0.0002980780045618
d_mobilenet_resnet50_pca_300_linear_svm,D,linear_svm,268,341,1,600,1,1.0,0.0,0.0,1.0,1.0,1.0,0.0,1,0,0,0,1.0,,1.0,,,2.2356473740001093,0.0097236610017716,0.0003099800014751
d_mobilenet_resnet50_pca_300_linear_svm,D,linear_svm,269,341,1,600,1,0.0,0.0,0.0,0.0,0.0,0.0,0.0,0,1,0,0,0.0,,,0.0,,2.2293024310056357,0.0096267369954148,0.0003361700000823
d_mobilenet_resnet50_pca_300_linear_svm,D,linear_svm,270,341,1,600,1,1.0,0.0,0.0,1.0,1.0,1.0,0.0,1,0,0,0,1.0,,1.0,,,2.241520818002755,0.0099568350051413,0.0003019449941348
d_mobilenet_resnet50_pca_300_linear_svm,D,linear_svm,271,341,1,600,1,1.0,0.0,0.0,1.0,1.0,1.0,0.0,1,0,0,0,1.0,,1.0,,,2.248810181998124,0.0096491299991612,0.000330919996486
d_mobilenet_resnet50_pca_300_linear_svm,D,linear_svm,272,341,1,600,1,1.0,0.0,0.0,1.0,1.0,1.0,0.0,1,0,0,0,1.0,,1.0,,,2.2282366810031817,0.0099668039983953,0.0003038680006284
d_mobilenet_resnet50_pca_300_linear_svm,D,linear_svm,273,341,1,600,1,1.0,0.0,0.0,1.0,1.0,1.0,0.0,1,0,0,0,1.0,,1.0,,,2.2263971740030684,0.0098535189972608,0.0003430430006119
d_mobilenet_resnet50_pca_300_linear_svm,D,linear_svm,274,341,1,600,1,1.0,0.0,0.0,1.0,1.0,1.0,0.0,1,0,0,0,1.0,,1.0,,,2.242682895004691,0.0098370179985067,0.0003058520014747
d_mobilenet_resnet50_pca_300_linear_svm,D,linear_svm,275,341,1,600,1,1.0,0.0,0.0,1.0,1.0,1.0,0.0,1,0,0,0,1.0,,1.0,,,2.2219457519968278,0.0096296830015489,0.000329167000018
d_mobilenet_resnet50_pca_300_linear_svm,D,linear_svm,276,341,1,600,1,1.0,0.0,0.0,1.0,1.0,1.0,0.0,1,0,0,0,1.0,,1.0,,,2.2400773569970625,0.0099361659958958,0.0003118329987046
d_mobilenet_resnet50_pca_300_linear_svm,D,linear_svm,277,341,1,600,1,1.0,0.0,0.0,1.0,1.0,1.0,0.0,1,0,0,0,1.0,,1.0,,,2.2440140079997946,0.0097079920014948,0.0003272629983257
d_mobilenet_resnet50_pca_300_linear_svm,D,linear_svm,278,341,1,600,1,1.0,0.0,0.0,1.0,1.0,1.0,0.0,1,0,0,0,1.0,,1.0,,,2.2288940459984588,0.009773416997632,0.000303608001559
d_mobilenet_resnet50_pca_300_linear_svm,D,linear_svm,279,341,1,600,1,1.0,0.0,0.0,1.0,1.0,1.0,0.0,1,0,0,0,1.0,,1.0,,,2.230395902006421,0.0095974319992819,0.0003386250027688
d_mobilenet_resnet50_pca_300_linear_svm,D,linear_svm,280,341,1,600,1,1.0,0.0,0.0,1.0,1.0,1.0,0.0,1,0,0,0,1.0,,1.0,,,2.244201600995438,0.0098465659975772,0.0003130159966531
d_mobilenet_resnet50_pca_300_linear_svm,D,linear_svm,281,341,1,600,1,1.0,0.0,0.0,1.0,1.0,1.0,0.0,1,0,0,0,1.0,,1.0,,,2.230006129000685,0.0095804999946267,0.0003355389999342
d_mobilenet_resnet50_pca_300_linear_svm,D,linear_svm,282,341,1,600,1,1.0,0.0,0.0,1.0,1.0,1.0,0.0,1,0,0,0,1.0,,1.0,,,2.2267633200026467,0.0098552429990377,0.000312774995109
d_mobilenet_resnet50_pca_300_linear_svm,D,linear_svm,283,341,1,600,1,1.0,0.0,0.0,1.0,1.0,1.0,0.0,1,0,0,0,1.0,,1.0,,,2.244969598003081,0.0098450040022726,0.0003434440004639
d_mobilenet_resnet50_pca_300_linear_svm,D,linear_svm,284,341,1,600,1,1.0,0.0,0.0,1.0,1.0,1.0,0.0,1,0,0,0,1.0,,1.0,,,2.2361896980000893,0.0098371790008968,0.000415921997046
d_mobilenet_resnet50_pca_300_linear_svm,D,linear_svm,285,341,1,600,1,1.0,0.0,0.0,1.0,1.0,1.0,0.0,1,0,0,0,1.0,,1.0,,,2.246651039000426,0.0097363070017308,0.0003398069966351
d_mobilenet_resnet50_pca_300_linear_svm,D,linear_svm,286,341,1,600,1,1.0,0.0,0.0,1.0,1.0,1.0,0.0,1,0,0,0,1.0,,1.0,,,2.225658415001817,0.0099567369979922,0.0003100200046901
d_mobilenet_resnet50_pca_300_linear_svm,D,linear_svm,287,341,1,600,1,1.0,0.0,0.0,1.0,1.0,1.0,0.0,1,0,0,0,1.0,,1.0,,,2.2400835840016957,0.0097752119982033,0.0003322429984109
d_mobilenet_resnet50_pca_300_linear_svm,D,linear_svm,288,341,1,600,1,1.0,0.0,0.0,1.0,1.0,1.0,0.0,1,0,0,0,1.0,,1.0,,,2.225143203002517,0.0098121120026917,0.0003117640007985
d_mobilenet_resnet50_pca_300_linear_svm,D,linear_svm,289,341,1,600,1,1.0,0.0,0.0,1.0,1.0,1.0,0.0,1,0,0,0,1.0,,1.0,,,2.2355863910051994,0.0097023420021287,0.0003343860007589
d_mobilenet_resnet50_pca_300_linear_svm,D,linear_svm,290,341,1,600,1,1.0,0.0,0.0,1.0,1.0,1.0,0.0,1,0,0,0,1.0,,1.0,,,2.239661644001899,0.0100761749999946,0.0003048210055567
d_mobilenet_resnet50_pca_300_linear_svm,D,linear_svm,291,341,1,600,1,1.0,0.0,0.0,1.0,1.0,1.0,0.0,1,0,0,0,1.0,,1.0,,,2.2280565920009394,0.0095447640051133,0.0002937690005637
d_mobilenet_resnet50_pca_300_linear_svm,D,linear_svm,292,341,1,600,1,1.0,0.0,0.0,1.0,1.0,1.0,0.0,1,0,0,0,1.0,,1.0,,,2.248980534997827,0.0098312990012345,0.0003049099977943
d_mobilenet_resnet50_pca_300_linear_svm,D,linear_svm,293,341,1,600,1,1.0,0.0,0.0,1.0,1.0,1.0,0.0,1,0,0,0,1.0,,1.0,,,2.240017222997267,0.0098579800032894,0.000332513001922
d_mobilenet_resnet50_pca_300_linear_svm,D,linear_svm,294,341,1,600,1,1.0,0.0,0.0,1.0,1.0,1.0,0.0,1,0,0,0,1.0,,1.0,,,2.228163465995749,0.0100387139973463,0.0003051910025533
d_mobilenet_resnet50_pca_300_linear_svm,D,linear_svm,295,341,1,600,1,0.0,0.0,0.0,0.0,0.0,0.0,0.0,0,1,0,0,0.0,,,0.0,,2.232261943994672,0.0096052689987118,0.0003374730003997
d_mobilenet_resnet50_pca_300_linear_svm,D,linear_svm,296,341,1,600,1,1.0,0.0,0.0,1.0,1.0,1.0,0.0,1,0,0,0,1.0,,1.0,,,2.236697624000953,0.009846628003288,0.000305963003484
d_mobilenet_resnet50_pca_300_linear_svm,D,linear_svm,297,341,1,600,1,1.0,0.0,0.0,1.0,1.0,1.0,0.0,1,0,0,0,1.0,,1.0,,,2.235721438002656,0.0097564270035945,0.0003386450043763
d_mobilenet_resnet50_pca_300_linear_svm,D,linear_svm,298,341,1,600,1,1.0,0.0,0.0,1.0,1.0,1.0,0.0,1,0,0,0,1.0,,1.0,,,2.236662253002578,0.0099143170009483,0.0003092090046266
d_mobilenet_resnet50_pca_300_linear_svm,D,linear_svm,299,341,1,600,1,1.0,0.0,0.0,1.0,1.0,1.0,0.0,1,0,0,0,1.0,,1.0,,,2.2372348360004253,0.0098269119989709,0.0003289670057711
d_mobilenet_resnet50_pca_300_linear_svm,D,linear_svm,300,341,1,600,1,1.0,0.0,0.0,1.0,1.0,1.0,0.0,1,0,0,0,1.0,,1.0,,,2.2315928069947404,0.0098177839972777,0.0003177860053256
d_mobilenet_resnet50_pca_300_linear_svm,D,linear_svm,301,341,1,600,1,1.0,0.0,0.0,1.0,1.0,1.0,0.0,1,0,0,0,1.0,,1.0,,,2.235158939998655,0.0097402159954071,0.0003434140016906
d_mobilenet_resnet50_pca_300_linear_svm,D,linear_svm,302,341,1,600,1,1.0,0.0,0.0,1.0,1.0,1.0,0.0,1,0,0,0,1.0,,1.0,,,2.242795103004028,0.0097959220001939,0.0003050009981961
d_mobilenet_resnet50_pca_300_linear_svm,D,linear_svm,303,341,1,600,1,1.0,0.0,0.0,1.0,1.0,1.0,0.0,1,0,0,0,1.0,,1.0,,,2.2441065219973098,0.0095577089959988,0.0003261009987909
d_mobilenet_resnet50_pca_300_linear_svm,D,linear_svm,304,341,1,600,1,1.0,0.0,0.0,1.0,1.0,1.0,0.0,1,0,0,0,1.0,,1.0,,,2.239244779004366,0.0099618379972525,0.0003355989974807
d_mobilenet_resnet50_pca_300_linear_svm,D,linear_svm,305,341,1,600,1,1.0,0.0,0.0,1.0,1.0,1.0,0.0,1,0,0,0,1.0,,1.0,,,2.2316795960068703,0.0098894309994648,0.0003439150023041
d_mobilenet_resnet50_pca_300_linear_svm,D,linear_svm,306,341,1,600,1,1.0,0.0,0.0,1.0,1.0,1.0,0.0,1,0,0,0,1.0,,1.0,,,2.2175675580001557,0.0098001309961546,0.0003006320039276
d_mobilenet_resnet50_pca_300_linear_svm,D,linear_svm,307,341,1,600,1,1.0,0.0,0.0,1.0,1.0,1.0,0.0,1,0,0,0,1.0,,1.0,,,2.229426830999728,0.0096794709970708,0.0003342759955557
d_mobilenet_resnet50_pca_300_linear_svm,D,linear_svm,308,341,1,600,1,1.0,0.0,0.0,1.0,1.0,1.0,0.0,1,0,0,0,1.0,,1.0,,,2.2327335900045,0.0097840009984793,0.0003027970014954
d_mobilenet_resnet50_pca_300_linear_svm,D,linear_svm,309,341,1,600,1,1.0,0.0,0.0,1.0,1.0,1.0,0.0,1,0,0,0,1.0,,1.0,,,2.236685817995749,0.0096647640020819,0.0003416309991735
d_mobilenet_resnet50_pca_300_linear_svm,D,linear_svm,310,341,1,600,1,1.0,0.0,0.0,1.0,1.0,1.0,0.0,1,0,0,0,1.0,,1.0,,,2.229415435998817,0.009764955000719,0.0003102610062342
d_mobilenet_resnet50_pca_300_linear_svm,D,linear_svm,311,341,1,600,1,1.0,0.0,0.0,1.0,1.0,1.0,0.0,1,0,0,0,1.0,,1.0,,,2.236019182004384,0.0097416299977339,0.0003396469983272
d_mobilenet_resnet50_pca_300_linear_svm,D,linear_svm,312,341,1,600,1,1.0,0.0,0.0,1.0,1.0,1.0,0.0,1,0,0,0,1.0,,1.0,,,2.226186351996148,0.0098177850013598,0.0003035179979633
d_mobilenet_resnet50_pca_300_linear_svm,D,linear_svm,313,341,1,600,1,1.0,0.0,0.0,1.0,1.0,1.0,0.0,1,0,0,0,1.0,,1.0,,,2.2475908720007283,0.0096849820038187,0.0003396160027477
d_mobilenet_resnet50_pca_300_linear_svm,D,linear_svm,314,341,1,600,1,0.0,0.0,0.0,0.0,0.0,0.0,0.0,0,1,0,0,0.0,,,0.0,,2.2329247949965065,0.009958843998902,0.0003197289988747
d_mobilenet_resnet50_pca_300_linear_svm,D,linear_svm,315,341,1,600,1,1.0,0.0,0.0,1.0,1.0,1.0,0.0,1,0,0,0,1.0,,1.0,,,2.2325788980015204,0.0094988780037965,0.0003271930036135
d_mobilenet_resnet50_pca_300_linear_svm,D,linear_svm,316,341,1,600,1,1.0,0.0,0.0,1.0,1.0,1.0,0.0,1,0,0,0,1.0,,1.0,,,2.2281528519961284,0.009752951998962,0.000301934996969
d_mobilenet_resnet50_pca_300_linear_svm,D,linear_svm,317,341,1,600,1,0.0,0.0,0.0,0.0,0.0,0.0,0.0,0,1,0,0,0.0,,,0.0,,2.224186931001896,0.0098978879977948,0.0003326739970361
d_mobilenet_resnet50_pca_300_linear_svm,D,linear_svm,318,341,1,600,1,1.0,0.0,0.0,1.0,1.0,1.0,0.0,1,0,0,0,1.0,,1.0,,,2.2299770879981224,0.009766307004611,0.0003071550017921
d_mobilenet_resnet50_pca_300_linear_svm,D,linear_svm,319,341,1,600,1,1.0,0.0,0.0,1.0,1.0,1.0,0.0,1,0,0,0,1.0,,1.0,,,2.243735850002849,0.009655115994974,0.0003305490026832
d_mobilenet_resnet50_pca_300_linear_svm,D,linear_svm,320,341,1,600,1,1.0,0.0,0.0,1.0,1.0,1.0,0.0,1,0,0,0,1.0,,1.0,,,2.238490311996429,0.0097725100058596,0.0003078360023209
d_mobilenet_resnet50_pca_300_linear_svm,D,linear_svm,321,341,1,600,1,1.0,0.0,0.0,1.0,1.0,1.0,0.0,1,0,0,0,1.0,,1.0,,,2.2314410289982334,0.0097077660029754,0.0004339259976404
d_mobilenet_resnet50_pca_300_linear_svm,D,linear_svm,322,341,1,600,1,1.0,0.0,0.0,1.0,1.0,1.0,0.0,1,0,0,0,1.0,,1.0,,,2.258401320999837,0.0119373319976148,0.0003031870000995
d_mobilenet_resnet50_pca_300_linear_svm,D,linear_svm,323,341,1,600,1,1.0,0.0,0.0,1.0,1.0,1.0,0.0,1,0,0,0,1.0,,1.0,,,2.248792774997128,0.0096772580000106,0.0003390359997865
d_mobilenet_resnet50_pca_300_linear_svm,D,linear_svm,324,341,1,600,1,1.0,0.0,0.0,1.0,1.0,1.0,0.0,1,0,0,0,1.0,,1.0,,,2.2404712490024394,0.0098300490062683,0.0003042390017071
d_mobilenet_resnet50_pca_300_linear_svm,D,linear_svm,325,341,1,600,1,1.0,0.0,0.0,1.0,1.0,1.0,0.0,1,0,0,0,1.0,,1.0,,,2.2411717729992238,0.0098668999999063,0.0003340469993418
d_mobilenet_resnet50_pca_300_linear_svm,D,linear_svm,326,341,1,600,1,1.0,0.0,0.0,1.0,1.0,1.0,0.0,1,0,0,0,1.0,,1.0,,,2.2388188620025176,0.0098735720021068,0.0003038779977941
d_mobilenet_resnet50_pca_300_linear_svm,D,linear_svm,327,341,1,600,1,1.0,0.0,0.0,1.0,1.0,1.0,0.0,1,0,0,0,1.0,,1.0,,,2.247471591996145,0.0097021170004154,0.0003448469942668
d_mobilenet_resnet50_pca_300_linear_svm,D,linear_svm,328,341,1,600,1,1.0,0.0,0.0,1.0,1.0,1.0,0.0,1,0,0,0,1.0,,1.0,,,2.259340445001726,0.0099231370040797,0.0002973160007968
d_mobilenet_resnet50_pca_300_linear_svm,D,linear_svm,329,341,1,600,1,1.0,0.0,0.0,1.0,1.0,1.0,0.0,1,0,0,0,1.0,,1.0,,,2.2348220339990803,0.0097693639982026,0.0003404680028324
d_mobilenet_resnet50_pca_300_linear_svm,D,linear_svm,330,341,1,600,1,0.0,0.0,0.0,0.0,0.0,0.0,0.0,0,1,0,0,0.0,,,0.0,,2.228889917001652,0.0097442669939482,0.0003172239958075
d_mobilenet_resnet50_pca_300_linear_svm,D,linear_svm,331,341,1,600,1,1.0,0.0,0.0,1.0,1.0,1.0,0.0,1,0,0,0,1.0,,1.0,,,2.2441931499997736,0.0097640740059432,0.0003413500016904
d_mobilenet_resnet50_pca_300_linear_svm,D,linear_svm,332,341,1,600,1,1.0,0.0,0.0,1.0,1.0,1.0,0.0,1,0,0,0,1.0,,1.0,,,2.2196149040028104,0.0098583540020626,0.0003038189970538
d_mobilenet_resnet50_pca_300_linear_svm,D,linear_svm,333,341,1,600,1,0.0,0.0,0.0,0.0,0.0,0.0,0.0,0,1,0,0,0.0,,,0.0,,2.231710539002961,0.0098533549971762,0.0003296569993835
d_mobilenet_resnet50_pca_300_linear_svm,D,linear_svm,334,341,1,600,1,1.0,0.0,0.0,1.0,1.0,1.0,0.0,1,0,0,0,1.0,,1.0,,,2.234587077000469,0.0099107540008844,0.0003143189969705
d_mobilenet_resnet50_pca_300_linear_svm,D,linear_svm,335,341,1,600,1,1.0,0.0,0.0,1.0,1.0,1.0,0.0,1,0,0,0,1.0,,1.0,,,2.22673261899763,0.0097160639998037,0.0003319620009278
d_mobilenet_resnet50_pca_300_linear_svm,D,linear_svm,336,341,1,600,1,0.0,0.0,0.0,0.0,0.0,0.0,0.0,0,1,0,0,0.0,,,0.0,,2.218088485999033,0.0097429439992993,0.0003047810023417
d_mobilenet_resnet50_pca_300_linear_svm,D,linear_svm,337,341,1,600,1,0.0,0.0,0.0,0.0,0.0,0.0,0.0,0,1,0,0,0.0,,,0.0,,2.2359875530019053,0.0097138190030818,0.0003398669941816
d_mobilenet_resnet50_pca_300_linear_svm,D,linear_svm,338,341,1,600,1,1.0,0.0,0.0,1.0,1.0,1.0,0.0,1,0,0,0,1.0,,1.0,,,2.219761181004287,0.0096379949973197,0.0003116029984084
d_mobilenet_resnet50_pca_300_linear_svm,D,linear_svm,339,341,1,600,1,1.0,0.0,0.0,1.0,1.0,1.0,0.0,1,0,0,0,1.0,,1.0,,,2.2322453949964256,0.0096957049972843,0.0003313210036139
d_mobilenet_resnet50_pca_300_linear_svm,D,linear_svm,340,341,1,600,1,1.0,0.0,0.0,1.0,1.0,1.0,0.0,1,0,0,0,1.0,,1.0,,,2.2471962579948013,0.0097880009998334,0.0003009729989571
d_mobilenet_resnet50_pca_300_linear_svm,D,linear_svm,341,341,1,600,1,1.0,0.0,0.0,1.0,1.0,1.0,0.0,1,0,0,0,1.0,,1.0,,,2.219978612003615,0.0096822699997574,0.0003243069950258
d_mobilenet_resnet50_pca_300_linear_svm,D,linear_svm,342,341,1,600,1,0.0,0.0,0.0,0.0,0.0,0.0,0.0,0,1,0,0,0.0,,,0.0,,2.2284628089983016,0.0099024489973089,0.0003036779962712
