extractor,seconds
EfficientNetB0,7.6843070479808375
MobileNet,5.799124103039503
ResNet50,7.288705842976924
